client_id,client_name,jurisdiction,segment,migration_wave,overall_reported_status,target_date
CL-0001,Fictional Verdant Packaging 0001 Limited,NZ,MID_MARKET,W3,IN_PROGRESS,2026-10-21
CL-0002,Fictional Cedar Foods 0002 Limited,NZ,LARGE_CORPORATE,W2,IN_PROGRESS,2026-11-10
CL-0003,Fictional Sakura Components 0003 Sdn. Bhd.,MY,REGIONAL_TREASURY,W3,NOT_READY,2026-10-20
CL-0004,Fictional Cedar Textiles 0004 Limited,HK,REGIONAL_TREASURY,W2,READY,2027-01-29
CL-0005,Fictional Lumen Trading 0005 Corporation,PH,REGIONAL_TREASURY,W3,READY,2026-12-05
CL-0006,Fictional Mosaic Logistics 0006 Limited,NZ,REGIONAL_TREASURY,W1,READY,2026-10-19
CL-0007,Fictional Nimbus Trading 0007 Perseroan Terbatas,ID,LARGE_CORPORATE,W3,AT_RISK,2026-12-03
CL-0008,Fictional Cedar Logistics 0008 Limited,HK,LARGE_CORPORATE,W1,READY,2026-10-28
CL-0009,Fictional Mosaic Textiles 0009 Jusik Hoesa,KR,REGIONAL_TREASURY,W4,READY,2026-11-24
CL-0010,Fictional Azure Packaging 0010 Limited,NZ,LARGE_CORPORATE,W2,READY,2027-03-02
CL-0011,Fictional Tidal Components 0011 Perseroan Terbatas,ID,MID_MARKET,W4,AT_RISK,2027-01-03
CL-0012,Fictional Cedar Robotics 0012 Pty Ltd,AU,MID_MARKET,W3,AT_RISK,2026-11-14
CL-0013,Fictional Lumen Packaging 0013 Limited,HK,REGIONAL_TREASURY,W3,NOT_READY,2026-12-19
CL-0014,Fictional Sakura Textiles 0014 Jusik Hoesa,KR,MID_MARKET,W1,READY,2026-10-02
CL-0015,Fictional Tidal Components 0015 Limited,NZ,LARGE_CORPORATE,W1,READY,2026-10-09
CL-0016,Fictional Tidal Foods 0016 Pty Ltd,AU,MID_MARKET,W2,AT_RISK,2027-01-31
CL-0017,Fictional Lumen Foods 0017 Jusik Hoesa,KR,REGIONAL_TREASURY,W4,IN_PROGRESS,2027-02-21
CL-0018,Fictional Verdant Packaging 0018 Perseroan Terbatas,ID,REGIONAL_TREASURY,W2,AT_RISK,2026-12-22
CL-0019,Fictional Lumen Logistics 0019 Limited,NZ,MID_MARKET,W2,NOT_READY,2026-11-06
CL-0020,Fictional Azure Textiles 0020 Pte. Ltd.,SG,LARGE_CORPORATE,W2,READY,2027-02-19
CL-0021,Fictional Azure Foods 0021 Sdn. Bhd.,MY,LARGE_CORPORATE,W2,NOT_READY,2027-02-24
CL-0022,Fictional Verdant Trading 0022 Jusik Hoesa,KR,REGIONAL_TREASURY,W3,NOT_READY,2026-10-03
CL-0023,Fictional Nimbus Textiles 0023 Pty Ltd,AU,LARGE_CORPORATE,W3,IN_PROGRESS,2026-12-10
CL-0024,Fictional Tidal Components 0024 Pty Ltd,AU,REGIONAL_TREASURY,W4,AT_RISK,2027-01-16
CL-0025,Fictional Lumen Components 0025 Perseroan Terbatas,ID,REGIONAL_TREASURY,W3,READY,2026-10-13
CL-0026,Fictional Mosaic Trading 0026 Kabushiki Kaisha,JP,LARGE_CORPORATE,W2,AT_RISK,2027-01-07
CL-0027,Fictional Verdant Foods 0027 Sdn. Bhd.,MY,MID_MARKET,W2,AT_RISK,2027-02-17
CL-0028,Fictional Tidal Trading 0028 Jusik Hoesa,KR,REGIONAL_TREASURY,W4,AT_RISK,2027-01-13
CL-0029,Fictional Azure Robotics 0029 Limited,NZ,REGIONAL_TREASURY,W3,IN_PROGRESS,2027-01-22
CL-0030,Fictional Cedar Trading 0030 Limited,NZ,REGIONAL_TREASURY,W1,READY,2027-02-20
CL-0031,Fictional Sakura Robotics 0031 Kabushiki Kaisha,JP,LARGE_CORPORATE,W4,AT_RISK,2027-02-25
CL-0032,Fictional Nimbus Trading 0032 Sdn. Bhd.,MY,MID_MARKET,W2,NOT_READY,2027-01-26
CL-0033,Fictional Lumen Components 0033 Company Limited,TH,LARGE_CORPORATE,W3,AT_RISK,2026-10-05
CL-0034,Fictional Verdant Trading 0034 Limited,NZ,LARGE_CORPORATE,W2,NOT_READY,2026-10-28
CL-0035,Fictional Azure Logistics 0035 Jusik Hoesa,KR,LARGE_CORPORATE,W4,READY,2027-01-17
CL-0036,Fictional Verdant Textiles 0036 Limited,NZ,LARGE_CORPORATE,W4,NOT_READY,2027-01-23
CL-0037,Fictional Azure Components 0037 Pty Ltd,AU,LARGE_CORPORATE,W1,AT_RISK,2027-02-23
CL-0038,Fictional Verdant Components 0038 Pty Ltd,AU,REGIONAL_TREASURY,W3,AT_RISK,2027-01-23
CL-0039,Fictional Mosaic Robotics 0039 Jusik Hoesa,KR,MID_MARKET,W3,NOT_READY,2027-01-03
CL-0040,Fictional Verdant Robotics 0040 Limited,NZ,REGIONAL_TREASURY,W2,READY,2026-12-25
CL-0041,Fictional Cedar Textiles 0041 Company Limited,TH,MID_MARKET,W1,NOT_READY,2026-12-23
CL-0042,Fictional Tidal Logistics 0042 Sdn. Bhd.,MY,REGIONAL_TREASURY,W3,IN_PROGRESS,2026-11-10
CL-0043,Fictional Azure Robotics 0043 Pty Ltd,AU,REGIONAL_TREASURY,W2,AT_RISK,2026-11-04
CL-0044,Fictional Verdant Packaging 0044 Limited,NZ,LARGE_CORPORATE,W2,NOT_READY,2026-12-11
CL-0045,Fictional Lumen Components 0045 Perseroan Terbatas,ID,LARGE_CORPORATE,W2,READY,2027-02-16
CL-0046,Fictional Lumen Logistics 0046 Kabushiki Kaisha,JP,MID_MARKET,W4,NOT_READY,2027-02-22
CL-0047,Fictional Nimbus Trading 0047 Kabushiki Kaisha,JP,LARGE_CORPORATE,W3,AT_RISK,2027-01-16
CL-0048,Fictional Cedar Robotics 0048 Limited,HK,REGIONAL_TREASURY,W1,AT_RISK,2026-11-13
CL-0049,Fictional Mosaic Packaging 0049 Limited,NZ,LARGE_CORPORATE,W4,NOT_READY,2027-02-10
CL-0050,Fictional Sakura Textiles 0050 Limited,NZ,MID_MARKET,W4,READY,2027-02-13
CL-0051,Fictional Azure Packaging 0051 Company Limited,TH,REGIONAL_TREASURY,W3,AT_RISK,2027-01-23
CL-0052,Fictional Tidal Components 0052 Jusik Hoesa,KR,MID_MARKET,W1,IN_PROGRESS,2026-12-25
CL-0053,Fictional Nimbus Packaging 0053 Kabushiki Kaisha,JP,REGIONAL_TREASURY,W3,AT_RISK,2027-02-23
CL-0054,Fictional Azure Foods 0054 Limited,HK,MID_MARKET,W1,IN_PROGRESS,2026-11-22
CL-0055,Fictional Mosaic Foods 0055 Perseroan Terbatas,ID,MID_MARKET,W3,READY,2027-02-17
CL-0056,Fictional Sakura Robotics 0056 Perseroan Terbatas,ID,REGIONAL_TREASURY,W1,IN_PROGRESS,2027-02-11
CL-0057,Fictional Azure Packaging 0057 Pty Ltd,AU,LARGE_CORPORATE,W3,NOT_READY,2026-11-22
CL-0058,Fictional Lumen Packaging 0058 Company Limited,TH,REGIONAL_TREASURY,W3,NOT_READY,2027-02-02
CL-0059,Fictional Sakura Components 0059 Company Limited,TH,LARGE_CORPORATE,W1,IN_PROGRESS,2027-01-29
CL-0060,Fictional Tidal Robotics 0060 Limited,HK,LARGE_CORPORATE,W4,READY,2026-12-21
CL-0061,Fictional Verdant Packaging 0061 Corporation,PH,MID_MARKET,W1,NOT_READY,2026-10-06
CL-0062,Fictional Lumen Textiles 0062 Perseroan Terbatas,ID,LARGE_CORPORATE,W3,AT_RISK,2027-02-04
CL-0063,Fictional Tidal Robotics 0063 Jusik Hoesa,KR,LARGE_CORPORATE,W3,AT_RISK,2026-10-25
CL-0064,Fictional Nimbus Robotics 0064 Pty Ltd,AU,LARGE_CORPORATE,W1,IN_PROGRESS,2026-11-09
CL-0065,Fictional Tidal Components 0065 Limited,HK,REGIONAL_TREASURY,W1,READY,2026-10-09
CL-0066,Fictional Sakura Trading 0066 Limited,HK,REGIONAL_TREASURY,W2,NOT_READY,2027-02-19
CL-0067,Fictional Sakura Textiles 0067 Perseroan Terbatas,ID,LARGE_CORPORATE,W3,NOT_READY,2027-03-01
CL-0068,Fictional Mosaic Foods 0068 Corporation,PH,LARGE_CORPORATE,W1,AT_RISK,2026-11-23
CL-0069,Fictional Azure Foods 0069 Pte. Ltd.,SG,LARGE_CORPORATE,W1,AT_RISK,2026-11-01
CL-0070,Fictional Azure Robotics 0070 Perseroan Terbatas,ID,LARGE_CORPORATE,W4,READY,2027-01-17
CL-0071,Fictional Sakura Logistics 0071 Kabushiki Kaisha,JP,REGIONAL_TREASURY,W2,NOT_READY,2026-11-25
CL-0072,Fictional Nimbus Trading 0072 Pte. Ltd.,SG,REGIONAL_TREASURY,W3,IN_PROGRESS,2027-01-26
CL-0073,Fictional Azure Textiles 0073 Corporation,PH,LARGE_CORPORATE,W4,NOT_READY,2026-12-09
CL-0074,Fictional Lumen Logistics 0074 Perseroan Terbatas,ID,MID_MARKET,W4,AT_RISK,2026-12-24
CL-0075,Fictional Mosaic Components 0075 Company Limited,TH,LARGE_CORPORATE,W2,READY,2027-02-07
CL-0076,Fictional Verdant Components 0076 Company Limited,TH,REGIONAL_TREASURY,W2,NOT_READY,2027-03-06
CL-0077,Fictional Azure Textiles 0077 Sdn. Bhd.,MY,LARGE_CORPORATE,W4,AT_RISK,2026-10-22
CL-0078,Fictional Mosaic Trading 0078 Company Limited,TH,MID_MARKET,W3,IN_PROGRESS,2026-10-26
CL-0079,Fictional Mosaic Foods 0079 Limited,NZ,REGIONAL_TREASURY,W1,AT_RISK,2027-02-09
CL-0080,Fictional Sakura Trading 0080 Pty Ltd,AU,MID_MARKET,W2,READY,2027-02-13
CL-0081,Fictional Tidal Robotics 0081 Corporation,PH,LARGE_CORPORATE,W1,AT_RISK,2027-01-16
CL-0082,Fictional Nimbus Foods 0082 Limited,HK,LARGE_CORPORATE,W2,AT_RISK,2026-12-09
CL-0083,Fictional Verdant Textiles 0083 Jusik Hoesa,KR,REGIONAL_TREASURY,W3,NOT_READY,2026-10-16
CL-0084,Fictional Tidal Textiles 0084 Kabushiki Kaisha,JP,MID_MARKET,W4,NOT_READY,2027-01-24
CL-0085,Fictional Lumen Trading 0085 Jusik Hoesa,KR,LARGE_CORPORATE,W1,READY,2027-02-23
CL-0086,Fictional Nimbus Textiles 0086 Sdn. Bhd.,MY,MID_MARKET,W4,AT_RISK,2027-02-25
CL-0087,Fictional Tidal Packaging 0087 Sdn. Bhd.,MY,LARGE_CORPORATE,W2,AT_RISK,2026-11-10
CL-0088,Fictional Sakura Textiles 0088 Pty Ltd,AU,REGIONAL_TREASURY,W1,NOT_READY,2026-12-24
CL-0089,Fictional Lumen Logistics 0089 Company Limited,TH,LARGE_CORPORATE,W2,AT_RISK,2027-02-26
CL-0090,Fictional Sakura Robotics 0090 Kabushiki Kaisha,JP,REGIONAL_TREASURY,W1,READY,2026-11-15
CL-0091,Fictional Lumen Robotics 0091 Corporation,PH,REGIONAL_TREASURY,W3,NOT_READY,2026-12-10
CL-0092,Fictional Nimbus Logistics 0092 Limited,NZ,LARGE_CORPORATE,W4,NOT_READY,2027-02-26
CL-0093,Fictional Tidal Robotics 0093 Pte. Ltd.,SG,LARGE_CORPORATE,W2,AT_RISK,2026-10-26
CL-0094,Fictional Azure Packaging 0094 Limited,HK,REGIONAL_TREASURY,W2,NOT_READY,2026-12-04
CL-0095,Fictional Sakura Robotics 0095 Pty Ltd,AU,REGIONAL_TREASURY,W2,READY,2027-01-03
CL-0096,Fictional Azure Components 0096 Sdn. Bhd.,MY,LARGE_CORPORATE,W3,IN_PROGRESS,2027-01-13
CL-0097,Fictional Mosaic Components 0097 Limited,NZ,MID_MARKET,W1,NOT_READY,2026-10-30
CL-0098,Fictional Verdant Foods 0098 Limited,HK,MID_MARKET,W2,IN_PROGRESS,2027-02-07
CL-0099,Fictional Sakura Trading 0099 Pte. Ltd.,SG,REGIONAL_TREASURY,W2,AT_RISK,2027-02-21
CL-0100,Fictional Azure Logistics 0100 Pte. Ltd.,SG,MID_MARKET,W4,READY,2026-11-07
CL-0101,Fictional Lumen Textiles 0101 Sdn. Bhd.,MY,REGIONAL_TREASURY,W4,IN_PROGRESS,2027-02-23
CL-0102,Fictional Cedar Foods 0102 Pty Ltd,AU,MID_MARKET,W3,NOT_READY,2027-01-12
CL-0103,Fictional Mosaic Foods 0103 Limited,HK,LARGE_CORPORATE,W3,AT_RISK,2027-03-02
CL-0104,Fictional Sakura Trading 0104 Limited,HK,LARGE_CORPORATE,W3,IN_PROGRESS,2026-11-05
CL-0105,Fictional Nimbus Trading 0105 Limited,HK,LARGE_CORPORATE,W4,READY,2026-10-13
CL-0106,Fictional Tidal Logistics 0106 Company Limited,TH,MID_MARKET,W3,IN_PROGRESS,2027-02-20
CL-0107,Fictional Sakura Trading 0107 Sdn. Bhd.,MY,REGIONAL_TREASURY,W1,NOT_READY,2026-12-15
CL-0108,Fictional Lumen Robotics 0108 Limited,HK,LARGE_CORPORATE,W2,AT_RISK,2026-11-03
CL-0109,Fictional Lumen Trading 0109 Jusik Hoesa,KR,LARGE_CORPORATE,W1,IN_PROGRESS,2026-10-11
CL-0110,Fictional Nimbus Components 0110 Limited,NZ,LARGE_CORPORATE,W1,READY,2027-01-12
CL-0111,Fictional Tidal Packaging 0111 Jusik Hoesa,KR,REGIONAL_TREASURY,W2,IN_PROGRESS,2027-01-07
CL-0112,Fictional Azure Foods 0112 Kabushiki Kaisha,JP,LARGE_CORPORATE,W2,AT_RISK,2027-01-08
CL-0113,Fictional Tidal Robotics 0113 Corporation,PH,REGIONAL_TREASURY,W4,AT_RISK,2026-12-27
CL-0114,Fictional Verdant Logistics 0114 Pty Ltd,AU,LARGE_CORPORATE,W1,IN_PROGRESS,2027-02-01
CL-0115,Fictional Cedar Textiles 0115 Corporation,PH,MID_MARKET,W1,READY,2027-02-12
CL-0116,Fictional Sakura Components 0116 Jusik Hoesa,KR,MID_MARKET,W2,NOT_READY,2026-11-24
CL-0117,Fictional Verdant Textiles 0117 Pty Ltd,AU,MID_MARKET,W3,NOT_READY,2026-10-09
CL-0118,Fictional Sakura Textiles 0118 Jusik Hoesa,KR,REGIONAL_TREASURY,W2,AT_RISK,2026-11-07
CL-0119,Fictional Azure Trading 0119 Pte. Ltd.,SG,MID_MARKET,W1,IN_PROGRESS,2027-01-02
CL-0120,Fictional Nimbus Textiles 0120 Jusik Hoesa,KR,LARGE_CORPORATE,W3,READY,2027-03-01
CL-0121,Fictional Lumen Components 0121 Limited,HK,LARGE_CORPORATE,W3,NOT_READY,2026-12-01
CL-0122,Fictional Tidal Components 0122 Sdn. Bhd.,MY,LARGE_CORPORATE,W4,IN_PROGRESS,2026-11-27
CL-0123,Fictional Lumen Foods 0123 Kabushiki Kaisha,JP,REGIONAL_TREASURY,W3,AT_RISK,2026-12-17
CL-0124,Fictional Azure Trading 0124 Perseroan Terbatas,ID,REGIONAL_TREASURY,W1,NOT_READY,2026-11-26
CL-0125,Fictional Tidal Robotics 0125 Kabushiki Kaisha,JP,LARGE_CORPORATE,W2,READY,2027-01-26
CL-0126,Fictional Azure Robotics 0126 Corporation,PH,LARGE_CORPORATE,W3,AT_RISK,2026-12-11
CL-0127,Fictional Cedar Packaging 0127 Limited,NZ,LARGE_CORPORATE,W1,NOT_READY,2026-10-21
CL-0128,Fictional Lumen Textiles 0128 Corporation,PH,MID_MARKET,W4,NOT_READY,2026-10-28
CL-0129,Fictional Lumen Logistics 0129 Sdn. Bhd.,MY,LARGE_CORPORATE,W1,IN_PROGRESS,2027-02-03
CL-0130,Fictional Azure Trading 0130 Perseroan Terbatas,ID,REGIONAL_TREASURY,W1,READY,2026-12-01
CL-0131,Fictional Lumen Robotics 0131 Pty Ltd,AU,REGIONAL_TREASURY,W1,AT_RISK,2026-11-28
CL-0132,Fictional Tidal Components 0132 Jusik Hoesa,KR,MID_MARKET,W4,NOT_READY,2027-02-16
CL-0133,Fictional Nimbus Textiles 0133 Company Limited,TH,MID_MARKET,W2,IN_PROGRESS,2027-01-05
CL-0134,Fictional Verdant Robotics 0134 Pty Ltd,AU,REGIONAL_TREASURY,W3,IN_PROGRESS,2026-11-22
CL-0135,Fictional Cedar Components 0135 Pte. Ltd.,SG,MID_MARKET,W1,READY,2027-02-16
CL-0136,Fictional Sakura Robotics 0136 Limited,HK,LARGE_CORPORATE,W2,NOT_READY,2026-11-20
CL-0137,Fictional Sakura Foods 0137 Jusik Hoesa,KR,LARGE_CORPORATE,W2,AT_RISK,2026-11-28
CL-0138,Fictional Verdant Trading 0138 Kabushiki Kaisha,JP,LARGE_CORPORATE,W1,IN_PROGRESS,2027-01-08
CL-0139,Fictional Lumen Foods 0139 Sdn. Bhd.,MY,MID_MARKET,W4,NOT_READY,2026-10-20
CL-0140,Fictional Azure Foods 0140 Pty Ltd,AU,REGIONAL_TREASURY,W2,READY,2026-11-13
CL-0141,Fictional Mosaic Textiles 0141 Corporation,PH,REGIONAL_TREASURY,W2,IN_PROGRESS,2026-12-17
CL-0142,Fictional Verdant Logistics 0142 Pty Ltd,AU,MID_MARKET,W4,AT_RISK,2027-01-29
CL-0143,Fictional Cedar Trading 0143 Sdn. Bhd.,MY,MID_MARKET,W2,NOT_READY,2026-12-10
CL-0144,Fictional Nimbus Components 0144 Pty Ltd,AU,MID_MARKET,W2,AT_RISK,2026-12-18
CL-0145,Fictional Sakura Robotics 0145 Perseroan Terbatas,ID,LARGE_CORPORATE,W3,READY,2027-01-17
CL-0146,Fictional Azure Textiles 0146 Company Limited,TH,LARGE_CORPORATE,W1,NOT_READY,2026-12-11
CL-0147,Fictional Verdant Logistics 0147 Corporation,PH,REGIONAL_TREASURY,W2,NOT_READY,2026-11-09
CL-0148,Fictional Tidal Logistics 0148 Company Limited,TH,LARGE_CORPORATE,W2,AT_RISK,2026-11-21
CL-0149,Fictional Mosaic Textiles 0149 Limited,HK,LARGE_CORPORATE,W1,NOT_READY,2027-02-16
CL-0150,Fictional Cedar Textiles 0150 Corporation,PH,MID_MARKET,W3,READY,2026-12-04
CL-0151,Fictional Verdant Robotics 0151 Perseroan Terbatas,ID,LARGE_CORPORATE,W1,AT_RISK,2026-12-08
CL-0152,Fictional Nimbus Textiles 0152 Sdn. Bhd.,MY,MID_MARKET,W1,NOT_READY,2026-11-28
CL-0153,Fictional Sakura Logistics 0153 Perseroan Terbatas,ID,MID_MARKET,W3,AT_RISK,2026-10-28
CL-0154,Fictional Lumen Trading 0154 Corporation,PH,MID_MARKET,W4,AT_RISK,2026-11-15
CL-0155,Fictional Azure Robotics 0155 Sdn. Bhd.,MY,REGIONAL_TREASURY,W2,READY,2026-10-12
CL-0156,Fictional Sakura Foods 0156 Limited,HK,LARGE_CORPORATE,W1,IN_PROGRESS,2026-12-24
CL-0157,Fictional Mosaic Robotics 0157 Jusik Hoesa,KR,REGIONAL_TREASURY,W3,AT_RISK,2026-10-30
CL-0158,Fictional Azure Robotics 0158 Corporation,PH,MID_MARKET,W2,AT_RISK,2027-02-14
CL-0159,Fictional Nimbus Trading 0159 Pty Ltd,AU,REGIONAL_TREASURY,W4,IN_PROGRESS,2026-10-18
CL-0160,Fictional Azure Foods 0160 Limited,NZ,REGIONAL_TREASURY,W3,READY,2027-03-02
CL-0161,Fictional Cedar Packaging 0161 Pte. Ltd.,SG,LARGE_CORPORATE,W4,NOT_READY,2027-02-08
CL-0162,Fictional Nimbus Trading 0162 Company Limited,TH,LARGE_CORPORATE,W3,AT_RISK,2026-10-28
CL-0163,Fictional Cedar Textiles 0163 Pty Ltd,AU,MID_MARKET,W2,IN_PROGRESS,2026-12-29
CL-0164,Fictional Lumen Robotics 0164 Sdn. Bhd.,MY,MID_MARKET,W4,AT_RISK,2027-02-15
CL-0165,Fictional Verdant Textiles 0165 Jusik Hoesa,KR,REGIONAL_TREASURY,W1,READY,2026-12-05
CL-0166,Fictional Lumen Robotics 0166 Kabushiki Kaisha,JP,LARGE_CORPORATE,W1,NOT_READY,2026-11-12
CL-0167,Fictional Sakura Trading 0167 Perseroan Terbatas,ID,MID_MARKET,W3,AT_RISK,2026-10-10
CL-0168,Fictional Sakura Logistics 0168 Limited,HK,REGIONAL_TREASURY,W4,IN_PROGRESS,2026-12-01
CL-0169,Fictional Nimbus Packaging 0169 Kabushiki Kaisha,JP,LARGE_CORPORATE,W3,NOT_READY,2027-01-08
CL-0170,Fictional Sakura Components 0170 Perseroan Terbatas,ID,REGIONAL_TREASURY,W3,READY,2027-02-06
CL-0171,Fictional Nimbus Logistics 0171 Limited,NZ,REGIONAL_TREASURY,W2,NOT_READY,2026-10-09
CL-0172,Fictional Verdant Components 0172 Kabushiki Kaisha,JP,MID_MARKET,W2,IN_PROGRESS,2027-01-06
CL-0173,Fictional Azure Components 0173 Perseroan Terbatas,ID,REGIONAL_TREASURY,W4,IN_PROGRESS,2026-12-26
CL-0174,Fictional Nimbus Components 0174 Limited,NZ,LARGE_CORPORATE,W1,NOT_READY,2026-12-21
CL-0175,Fictional Verdant Components 0175 Company Limited,TH,MID_MARKET,W3,READY,2026-10-13
CL-0176,Fictional Tidal Textiles 0176 Perseroan Terbatas,ID,LARGE_CORPORATE,W2,NOT_READY,2026-12-29
CL-0177,Fictional Lumen Logistics 0177 Limited,HK,REGIONAL_TREASURY,W1,AT_RISK,2026-11-02
CL-0178,Fictional Nimbus Components 0178 Kabushiki Kaisha,JP,MID_MARKET,W4,NOT_READY,2027-01-05
CL-0179,Fictional Lumen Logistics 0179 Perseroan Terbatas,ID,MID_MARKET,W4,NOT_READY,2027-02-11
CL-0180,Fictional Cedar Logistics 0180 Pty Ltd,AU,MID_MARKET,W4,READY,2027-02-22
CL-0181,Fictional Sakura Robotics 0181 Sdn. Bhd.,MY,LARGE_CORPORATE,W2,IN_PROGRESS,2026-12-15
CL-0182,Fictional Lumen Textiles 0182 Pte. Ltd.,SG,REGIONAL_TREASURY,W1,NOT_READY,2026-12-24
CL-0183,Fictional Verdant Logistics 0183 Limited,NZ,LARGE_CORPORATE,W3,NOT_READY,2027-02-24
CL-0184,Fictional Azure Packaging 0184 Perseroan Terbatas,ID,MID_MARKET,W4,IN_PROGRESS,2027-02-14
CL-0185,Fictional Mosaic Packaging 0185 Limited,NZ,REGIONAL_TREASURY,W3,READY,2026-12-30
CL-0186,Fictional Tidal Textiles 0186 Pty Ltd,AU,MID_MARKET,W4,IN_PROGRESS,2026-12-22
CL-0187,Fictional Lumen Textiles 0187 Kabushiki Kaisha,JP,REGIONAL_TREASURY,W3,NOT_READY,2027-02-17
CL-0188,Fictional Verdant Logistics 0188 Sdn. Bhd.,MY,MID_MARKET,W3,IN_PROGRESS,2026-10-23
CL-0189,Fictional Tidal Logistics 0189 Pty Ltd,AU,LARGE_CORPORATE,W3,AT_RISK,2027-01-23
CL-0190,Fictional Cedar Packaging 0190 Kabushiki Kaisha,JP,MID_MARKET,W4,READY,2027-01-07
CL-0191,Fictional Sakura Logistics 0191 Company Limited,TH,REGIONAL_TREASURY,W1,NOT_READY,2027-02-05
CL-0192,Fictional Lumen Textiles 0192 Limited,NZ,LARGE_CORPORATE,W2,IN_PROGRESS,2026-10-15
CL-0193,Fictional Sakura Logistics 0193 Limited,NZ,LARGE_CORPORATE,W4,IN_PROGRESS,2026-10-06
CL-0194,Fictional Azure Textiles 0194 Pte. Ltd.,SG,MID_MARKET,W3,NOT_READY,2026-10-23
CL-0195,Fictional Lumen Packaging 0195 Perseroan Terbatas,ID,MID_MARKET,W2,READY,2027-02-21
CL-0196,Fictional Lumen Robotics 0196 Company Limited,TH,MID_MARKET,W2,AT_RISK,2027-01-13
CL-0197,Fictional Nimbus Trading 0197 Company Limited,TH,LARGE_CORPORATE,W4,AT_RISK,2026-11-08
CL-0198,Fictional Cedar Trading 0198 Pty Ltd,AU,REGIONAL_TREASURY,W2,IN_PROGRESS,2027-02-14
CL-0199,Fictional Verdant Logistics 0199 Pty Ltd,AU,REGIONAL_TREASURY,W3,NOT_READY,2027-02-17
CL-0200,Fictional Tidal Foods 0200 Pte. Ltd.,SG,LARGE_CORPORATE,W1,READY,2026-11-04
