correspondence_id,case_id,sent_at,sender_role,recipient_role,language,subject,asserted_state,evidence_id
CORR-0001,MC-0001,2026-08-19,CLIENT_TREASURY,MIGRATION_OWNER,EN,Synthetic migration readiness update,IN_PROGRESS,EV-0001-CORR
CORR-0002,MC-0002,2026-08-18,CLIENT_TREASURY,MIGRATION_OWNER,EN,Synthetic migration readiness update,IN_PROGRESS,EV-0002-CORR
CORR-0003,MC-0003,2026-08-23,CLIENT_TREASURY,MIGRATION_OWNER,EN,Synthetic migration readiness update,IN_PROGRESS,EV-0003-CORR
CORR-0004,MC-0004,2026-08-18,CLIENT_TREASURY,MIGRATION_OWNER,EN,Synthetic migration readiness update,READY,EV-0004-CORR
CORR-0005,MC-0005,2026-08-23,CLIENT_TREASURY,MIGRATION_OWNER,EN,Synthetic migration readiness update,READY,EV-0005-CORR
CORR-0006,MC-0006,2026-08-21,CLIENT_TREASURY,MIGRATION_OWNER,EN,Synthetic migration readiness update,READY,EV-0006-CORR
CORR-0007,MC-0007,2026-08-25,CLIENT_TREASURY,MIGRATION_OWNER,EN,Synthetic migration readiness update,IN_PROGRESS,EV-0007-CORR
CORR-0008,MC-0008,2026-07-14,CLIENT_TREASURY,MIGRATION_OWNER,EN,Synthetic migration readiness update,READY,EV-0008-CORR
CORR-0009,MC-0009,2026-08-22,CLIENT_TREASURY,MIGRATION_OWNER,EN,Synthetic migration readiness update,READY,EV-0009-CORR
CORR-0010,MC-0010,2026-08-24,CLIENT_TREASURY,MIGRATION_OWNER,EN,Synthetic migration readiness update,READY,EV-0010-CORR
CORR-0011,MC-0011,2026-08-26,CLIENT_TREASURY,MIGRATION_OWNER,EN,Synthetic migration readiness update,IN_PROGRESS,EV-0011-CORR
CORR-0012,MC-0012,2026-08-18,CLIENT_TREASURY,MIGRATION_OWNER,EN,Synthetic migration readiness update,IN_PROGRESS,EV-0012-CORR
CORR-0013,MC-0013,2026-08-20,CLIENT_TREASURY,MIGRATION_OWNER,EN,Synthetic migration readiness update,IN_PROGRESS,EV-0013-CORR
CORR-0014,MC-0014,2026-08-21,CLIENT_TREASURY,MIGRATION_OWNER,EN,Synthetic migration readiness update,READY,EV-0014-CORR
CORR-0015,MC-0015,2026-08-19,CLIENT_TREASURY,MIGRATION_OWNER,EN,Synthetic migration readiness update,READY,EV-0015-CORR
CORR-0016,MC-0016,2026-08-18,CLIENT_TREASURY,MIGRATION_OWNER,EN,Synthetic migration readiness update,IN_PROGRESS,EV-0016-CORR
CORR-0017,MC-0017,2026-08-21,CLIENT_TREASURY,MIGRATION_OWNER,EN,Synthetic migration readiness update,IN_PROGRESS,EV-0017-CORR
CORR-0018,MC-0018,2026-08-18,CLIENT_TREASURY,MIGRATION_OWNER,EN,Synthetic migration readiness update,IN_PROGRESS,EV-0018-CORR
CORR-0019,MC-0019,2026-08-25,CLIENT_TREASURY,MIGRATION_OWNER,EN,Synthetic migration readiness update,IN_PROGRESS,EV-0019-CORR
CORR-0020,MC-0020,2026-08-18,CLIENT_TREASURY,MIGRATION_OWNER,EN,Synthetic migration readiness update,READY,EV-0020-CORR
CORR-0021,MC-0021,2026-08-25,CLIENT_TREASURY,MIGRATION_OWNER,EN,Synthetic migration readiness update,IN_PROGRESS,EV-0021-CORR
CORR-0022,MC-0022,2026-08-26,CLIENT_TREASURY,MIGRATION_OWNER,EN,Synthetic migration readiness update,IN_PROGRESS,EV-0022-CORR
CORR-0023,MC-0023,2026-08-26,CLIENT_TREASURY,MIGRATION_OWNER,EN,Synthetic migration readiness update,IN_PROGRESS,EV-0023-CORR
CORR-0024,MC-0024,2026-08-25,CLIENT_TREASURY,MIGRATION_OWNER,EN,Synthetic migration readiness update,IN_PROGRESS,EV-0024-CORR
CORR-0025,MC-0025,2026-08-26,CLIENT_TREASURY,MIGRATION_OWNER,EN,Synthetic migration readiness update,READY,EV-0025-CORR
CORR-0026,MC-0026,2026-08-20,CLIENT_TREASURY,MIGRATION_OWNER,JA,Synthetic migration readiness update,IN_PROGRESS,EV-0026-CORR
CORR-0027,MC-0027,2026-08-25,CLIENT_TREASURY,MIGRATION_OWNER,EN,Synthetic migration readiness update,IN_PROGRESS,EV-0027-CORR
CORR-0028,MC-0028,2026-08-26,CLIENT_TREASURY,MIGRATION_OWNER,EN,Synthetic migration readiness update,IN_PROGRESS,EV-0028-CORR
CORR-0029,MC-0029,2026-08-26,CLIENT_TREASURY,MIGRATION_OWNER,EN,Synthetic migration readiness update,IN_PROGRESS,EV-0029-CORR
CORR-0030,MC-0030,2026-08-22,CLIENT_TREASURY,MIGRATION_OWNER,EN,Synthetic migration readiness update,READY,EV-0030-CORR
CORR-0031,MC-0031,2026-08-18,CLIENT_TREASURY,MIGRATION_OWNER,JA,Synthetic migration readiness update,IN_PROGRESS,EV-0031-CORR
CORR-0032,MC-0032,2026-08-27,CLIENT_TREASURY,MIGRATION_OWNER,EN,Synthetic migration readiness update,IN_PROGRESS,EV-0032-CORR
CORR-0033,MC-0033,2026-08-24,CLIENT_TREASURY,MIGRATION_OWNER,EN,Synthetic migration readiness update,IN_PROGRESS,EV-0033-CORR
CORR-0034,MC-0034,2026-08-27,CLIENT_TREASURY,MIGRATION_OWNER,EN,Synthetic migration readiness update,IN_PROGRESS,EV-0034-CORR
CORR-0035,MC-0035,2026-08-27,CLIENT_TREASURY,MIGRATION_OWNER,EN,Synthetic migration readiness update,READY,EV-0035-CORR
CORR-0036,MC-0036,2026-08-18,CLIENT_TREASURY,MIGRATION_OWNER,EN,Synthetic migration readiness update,IN_PROGRESS,EV-0036-CORR
CORR-0037,MC-0037,2026-08-18,CLIENT_TREASURY,MIGRATION_OWNER,EN,Synthetic migration readiness update,IN_PROGRESS,EV-0037-CORR
CORR-0038,MC-0038,2026-08-20,CLIENT_TREASURY,MIGRATION_OWNER,EN,Synthetic migration readiness update,IN_PROGRESS,EV-0038-CORR
CORR-0039,MC-0039,2026-08-27,CLIENT_TREASURY,MIGRATION_OWNER,EN,Synthetic migration readiness update,IN_PROGRESS,EV-0039-CORR
CORR-0040,MC-0040,2026-08-25,CLIENT_TREASURY,MIGRATION_OWNER,EN,Synthetic migration readiness update,READY,EV-0040-CORR
CORR-0041,MC-0041,2026-08-27,CLIENT_TREASURY,MIGRATION_OWNER,EN,Synthetic migration readiness update,IN_PROGRESS,EV-0041-CORR
CORR-0042,MC-0042,2026-08-26,CLIENT_TREASURY,MIGRATION_OWNER,EN,Synthetic migration readiness update,IN_PROGRESS,EV-0042-CORR
CORR-0043,MC-0043,2026-08-24,CLIENT_TREASURY,MIGRATION_OWNER,EN,Synthetic migration readiness update,IN_PROGRESS,EV-0043-CORR
CORR-0044,MC-0044,2026-08-22,CLIENT_TREASURY,MIGRATION_OWNER,EN,Synthetic migration readiness update,IN_PROGRESS,EV-0044-CORR
CORR-0045,MC-0045,2026-08-22,CLIENT_TREASURY,MIGRATION_OWNER,EN,Synthetic migration readiness update,READY,EV-0045-CORR
CORR-0046,MC-0046,2026-08-19,CLIENT_TREASURY,MIGRATION_OWNER,JA,Synthetic migration readiness update,IN_PROGRESS,EV-0046-CORR
CORR-0047,MC-0047,2026-08-20,CLIENT_TREASURY,MIGRATION_OWNER,JA,Synthetic migration readiness update,IN_PROGRESS,EV-0047-CORR
CORR-0048,MC-0048,2026-08-25,CLIENT_TREASURY,MIGRATION_OWNER,EN,Synthetic migration readiness update,IN_PROGRESS,EV-0048-CORR
CORR-0049,MC-0049,2026-08-18,CLIENT_TREASURY,MIGRATION_OWNER,EN,Synthetic migration readiness update,IN_PROGRESS,EV-0049-CORR
CORR-0050,MC-0050,2026-08-26,CLIENT_TREASURY,MIGRATION_OWNER,EN,Synthetic migration readiness update,READY,EV-0050-CORR
CORR-0051,MC-0051,2026-08-27,CLIENT_TREASURY,MIGRATION_OWNER,EN,Synthetic migration readiness update,IN_PROGRESS,EV-0051-CORR
CORR-0052,MC-0052,2026-08-19,CLIENT_TREASURY,MIGRATION_OWNER,EN,Synthetic migration readiness update,IN_PROGRESS,EV-0052-CORR
CORR-0053,MC-0053,2026-08-24,CLIENT_TREASURY,MIGRATION_OWNER,JA,Synthetic migration readiness update,IN_PROGRESS,EV-0053-CORR
CORR-0054,MC-0054,2026-08-23,CLIENT_TREASURY,MIGRATION_OWNER,EN,Synthetic migration readiness update,IN_PROGRESS,EV-0054-CORR
CORR-0055,MC-0055,2026-08-21,CLIENT_TREASURY,MIGRATION_OWNER,EN,Synthetic migration readiness update,READY,EV-0055-CORR
CORR-0056,MC-0056,2026-08-21,CLIENT_TREASURY,MIGRATION_OWNER,EN,Synthetic migration readiness update,IN_PROGRESS,EV-0056-CORR
CORR-0057,MC-0057,2026-08-23,CLIENT_TREASURY,MIGRATION_OWNER,EN,Synthetic migration readiness update,IN_PROGRESS,EV-0057-CORR
CORR-0058,MC-0058,2026-08-26,CLIENT_TREASURY,MIGRATION_OWNER,EN,Synthetic migration readiness update,IN_PROGRESS,EV-0058-CORR
CORR-0059,MC-0059,2026-08-27,CLIENT_TREASURY,MIGRATION_OWNER,EN,Synthetic migration readiness update,IN_PROGRESS,EV-0059-CORR
CORR-0060,MC-0060,2026-08-18,CLIENT_TREASURY,MIGRATION_OWNER,EN,Synthetic migration readiness update,READY,EV-0060-CORR
CORR-0061,MC-0061,2026-08-18,CLIENT_TREASURY,MIGRATION_OWNER,EN,Synthetic migration readiness update,IN_PROGRESS,EV-0061-CORR
CORR-0062,MC-0062,2026-08-19,CLIENT_TREASURY,MIGRATION_OWNER,EN,Synthetic migration readiness update,IN_PROGRESS,EV-0062-CORR
CORR-0063,MC-0063,2026-08-22,CLIENT_TREASURY,MIGRATION_OWNER,EN,Synthetic migration readiness update,IN_PROGRESS,EV-0063-CORR
CORR-0064,MC-0064,2026-08-18,CLIENT_TREASURY,MIGRATION_OWNER,EN,Synthetic migration readiness update,IN_PROGRESS,EV-0064-CORR
CORR-0065,MC-0065,2026-08-25,CLIENT_TREASURY,MIGRATION_OWNER,EN,Synthetic migration readiness update,READY,EV-0065-CORR
CORR-0066,MC-0066,2026-08-23,CLIENT_TREASURY,MIGRATION_OWNER,EN,Synthetic migration readiness update,IN_PROGRESS,EV-0066-CORR
CORR-0067,MC-0067,2026-08-20,CLIENT_TREASURY,MIGRATION_OWNER,EN,Synthetic migration readiness update,IN_PROGRESS,EV-0067-CORR
CORR-0068,MC-0068,2026-08-25,CLIENT_TREASURY,MIGRATION_OWNER,EN,Synthetic migration readiness update,IN_PROGRESS,EV-0068-CORR
CORR-0069,MC-0069,2026-08-24,CLIENT_TREASURY,MIGRATION_OWNER,EN,Synthetic migration readiness update,IN_PROGRESS,EV-0069-CORR
CORR-0070,MC-0070,2026-08-20,CLIENT_TREASURY,MIGRATION_OWNER,EN,Synthetic migration readiness update,READY,EV-0070-CORR
CORR-0071,MC-0071,2026-08-22,CLIENT_TREASURY,MIGRATION_OWNER,JA,Synthetic migration readiness update,IN_PROGRESS,EV-0071-CORR
CORR-0072,MC-0072,2026-08-21,CLIENT_TREASURY,MIGRATION_OWNER,EN,Synthetic migration readiness update,IN_PROGRESS,EV-0072-CORR
CORR-0073,MC-0073,2026-08-22,CLIENT_TREASURY,MIGRATION_OWNER,EN,Synthetic migration readiness update,IN_PROGRESS,EV-0073-CORR
CORR-0074,MC-0074,2026-08-19,CLIENT_TREASURY,MIGRATION_OWNER,EN,Synthetic migration readiness update,IN_PROGRESS,EV-0074-CORR
CORR-0075,MC-0075,2026-08-25,CLIENT_TREASURY,MIGRATION_OWNER,EN,Synthetic migration readiness update,READY,EV-0075-CORR
CORR-0076,MC-0076,2026-08-23,CLIENT_TREASURY,MIGRATION_OWNER,EN,Synthetic migration readiness update,IN_PROGRESS,EV-0076-CORR
CORR-0077,MC-0077,2026-08-19,CLIENT_TREASURY,MIGRATION_OWNER,EN,Synthetic migration readiness update,IN_PROGRESS,EV-0077-CORR
CORR-0078,MC-0078,2026-08-19,CLIENT_TREASURY,MIGRATION_OWNER,EN,Synthetic migration readiness update,IN_PROGRESS,EV-0078-CORR
CORR-0079,MC-0079,2026-08-25,CLIENT_TREASURY,MIGRATION_OWNER,EN,Synthetic migration readiness update,IN_PROGRESS,EV-0079-CORR
CORR-0080,MC-0080,2026-08-23,CLIENT_TREASURY,MIGRATION_OWNER,EN,Synthetic migration readiness update,READY,EV-0080-CORR
CORR-0081,MC-0081,2026-08-20,CLIENT_TREASURY,MIGRATION_OWNER,EN,Synthetic migration readiness update,IN_PROGRESS,EV-0081-CORR
CORR-0082,MC-0082,2026-08-25,CLIENT_TREASURY,MIGRATION_OWNER,EN,Synthetic migration readiness update,IN_PROGRESS,EV-0082-CORR
CORR-0083,MC-0083,2026-08-27,CLIENT_TREASURY,MIGRATION_OWNER,EN,Synthetic migration readiness update,IN_PROGRESS,EV-0083-CORR
CORR-0084,MC-0084,2026-08-23,CLIENT_TREASURY,MIGRATION_OWNER,JA,Synthetic migration readiness update,IN_PROGRESS,EV-0084-CORR
CORR-0085,MC-0085,2026-08-24,CLIENT_TREASURY,MIGRATION_OWNER,EN,Synthetic migration readiness update,READY,EV-0085-CORR
CORR-0086,MC-0086,2026-08-19,CLIENT_TREASURY,MIGRATION_OWNER,EN,Synthetic migration readiness update,IN_PROGRESS,EV-0086-CORR
CORR-0087,MC-0087,2026-08-19,CLIENT_TREASURY,MIGRATION_OWNER,EN,Synthetic migration readiness update,IN_PROGRESS,EV-0087-CORR
CORR-0088,MC-0088,2026-08-25,CLIENT_TREASURY,MIGRATION_OWNER,EN,Synthetic migration readiness update,IN_PROGRESS,EV-0088-CORR
CORR-0089,MC-0089,2026-08-18,CLIENT_TREASURY,MIGRATION_OWNER,EN,Synthetic migration readiness update,IN_PROGRESS,EV-0089-CORR
CORR-0090,MC-0090,2026-08-23,CLIENT_TREASURY,MIGRATION_OWNER,JA,Synthetic migration readiness update,READY,EV-0090-CORR
CORR-0091,MC-0091,2026-08-23,CLIENT_TREASURY,MIGRATION_OWNER,EN,Synthetic migration readiness update,IN_PROGRESS,EV-0091-CORR
CORR-0092,MC-0092,2026-08-20,CLIENT_TREASURY,MIGRATION_OWNER,EN,Synthetic migration readiness update,IN_PROGRESS,EV-0092-CORR
CORR-0093,MC-0093,2026-08-20,CLIENT_TREASURY,MIGRATION_OWNER,EN,Synthetic migration readiness update,IN_PROGRESS,EV-0093-CORR
CORR-0094,MC-0094,2026-08-25,CLIENT_TREASURY,MIGRATION_OWNER,EN,Synthetic migration readiness update,IN_PROGRESS,EV-0094-CORR
CORR-0095,MC-0095,2026-08-19,CLIENT_TREASURY,MIGRATION_OWNER,EN,Synthetic migration readiness update,READY,EV-0095-CORR
CORR-0096,MC-0096,2026-08-21,CLIENT_TREASURY,MIGRATION_OWNER,EN,Synthetic migration readiness update,IN_PROGRESS,EV-0096-CORR
CORR-0097,MC-0097,2026-08-27,CLIENT_TREASURY,MIGRATION_OWNER,EN,Synthetic migration readiness update,IN_PROGRESS,EV-0097-CORR
CORR-0098,MC-0098,2026-08-18,CLIENT_TREASURY,MIGRATION_OWNER,EN,Synthetic migration readiness update,IN_PROGRESS,EV-0098-CORR
CORR-0099,MC-0099,2026-08-24,CLIENT_TREASURY,MIGRATION_OWNER,EN,Synthetic migration readiness update,IN_PROGRESS,EV-0099-CORR
CORR-0100,MC-0100,2026-08-23,CLIENT_TREASURY,MIGRATION_OWNER,EN,Synthetic migration readiness update,READY,EV-0100-CORR
CORR-0101,MC-0101,2026-08-19,CLIENT_TREASURY,MIGRATION_OWNER,EN,Synthetic migration readiness update,IN_PROGRESS,EV-0101-CORR
CORR-0102,MC-0102,2026-08-26,CLIENT_TREASURY,MIGRATION_OWNER,EN,Synthetic migration readiness update,IN_PROGRESS,EV-0102-CORR
CORR-0103,MC-0103,2026-08-26,CLIENT_TREASURY,MIGRATION_OWNER,EN,Synthetic migration readiness update,IN_PROGRESS,EV-0103-CORR
CORR-0104,MC-0104,2026-08-22,CLIENT_TREASURY,MIGRATION_OWNER,EN,Synthetic migration readiness update,IN_PROGRESS,EV-0104-CORR
CORR-0105,MC-0105,2026-08-20,CLIENT_TREASURY,MIGRATION_OWNER,EN,Synthetic migration readiness update,READY,EV-0105-CORR
CORR-0106,MC-0106,2026-08-19,CLIENT_TREASURY,MIGRATION_OWNER,EN,Synthetic migration readiness update,IN_PROGRESS,EV-0106-CORR
CORR-0107,MC-0107,2026-08-19,CLIENT_TREASURY,MIGRATION_OWNER,EN,Synthetic migration readiness update,IN_PROGRESS,EV-0107-CORR
CORR-0108,MC-0108,2026-08-26,CLIENT_TREASURY,MIGRATION_OWNER,EN,Synthetic migration readiness update,IN_PROGRESS,EV-0108-CORR
CORR-0109,MC-0109,2026-08-24,CLIENT_TREASURY,MIGRATION_OWNER,EN,Synthetic migration readiness update,IN_PROGRESS,EV-0109-CORR
CORR-0110,MC-0110,2026-08-24,CLIENT_TREASURY,MIGRATION_OWNER,EN,Synthetic migration readiness update,READY,EV-0110-CORR
CORR-0111,MC-0111,2026-08-27,CLIENT_TREASURY,MIGRATION_OWNER,EN,Synthetic migration readiness update,IN_PROGRESS,EV-0111-CORR
CORR-0112,MC-0112,2026-08-24,CLIENT_TREASURY,MIGRATION_OWNER,JA,Synthetic migration readiness update,IN_PROGRESS,EV-0112-CORR
CORR-0113,MC-0113,2026-08-24,CLIENT_TREASURY,MIGRATION_OWNER,EN,Synthetic migration readiness update,IN_PROGRESS,EV-0113-CORR
CORR-0114,MC-0114,2026-08-25,CLIENT_TREASURY,MIGRATION_OWNER,EN,Synthetic migration readiness update,IN_PROGRESS,EV-0114-CORR
CORR-0115,MC-0115,2026-08-25,CLIENT_TREASURY,MIGRATION_OWNER,EN,Synthetic migration readiness update,READY,EV-0115-CORR
CORR-0116,MC-0116,2026-08-18,CLIENT_TREASURY,MIGRATION_OWNER,EN,Synthetic migration readiness update,IN_PROGRESS,EV-0116-CORR
CORR-0117,MC-0117,2026-08-22,CLIENT_TREASURY,MIGRATION_OWNER,EN,Synthetic migration readiness update,IN_PROGRESS,EV-0117-CORR
CORR-0118,MC-0118,2026-08-23,CLIENT_TREASURY,MIGRATION_OWNER,EN,Synthetic migration readiness update,IN_PROGRESS,EV-0118-CORR
CORR-0119,MC-0119,2026-08-18,CLIENT_TREASURY,MIGRATION_OWNER,EN,Synthetic migration readiness update,IN_PROGRESS,EV-0119-CORR
CORR-0120,MC-0120,2026-08-24,CLIENT_TREASURY,MIGRATION_OWNER,EN,Synthetic migration readiness update,READY,EV-0120-CORR
CORR-0121,MC-0121,2026-08-23,CLIENT_TREASURY,MIGRATION_OWNER,EN,Synthetic migration readiness update,IN_PROGRESS,EV-0121-CORR
CORR-0122,MC-0122,2026-08-19,CLIENT_TREASURY,MIGRATION_OWNER,EN,Synthetic migration readiness update,IN_PROGRESS,EV-0122-CORR
CORR-0123,MC-0123,2026-08-26,CLIENT_TREASURY,MIGRATION_OWNER,JA,Synthetic migration readiness update,IN_PROGRESS,EV-0123-CORR
CORR-0124,MC-0124,2026-08-18,CLIENT_TREASURY,MIGRATION_OWNER,EN,Synthetic migration readiness update,IN_PROGRESS,EV-0124-CORR
CORR-0125,MC-0125,2026-08-27,CLIENT_TREASURY,MIGRATION_OWNER,JA,Synthetic migration readiness update,READY,EV-0125-CORR
CORR-0126,MC-0126,2026-08-22,CLIENT_TREASURY,MIGRATION_OWNER,EN,Synthetic migration readiness update,IN_PROGRESS,EV-0126-CORR
CORR-0127,MC-0127,2026-08-23,CLIENT_TREASURY,MIGRATION_OWNER,EN,Synthetic migration readiness update,IN_PROGRESS,EV-0127-CORR
CORR-0128,MC-0128,2026-08-18,CLIENT_TREASURY,MIGRATION_OWNER,EN,Synthetic migration readiness update,IN_PROGRESS,EV-0128-CORR
CORR-0129,MC-0129,2026-08-19,CLIENT_TREASURY,MIGRATION_OWNER,EN,Synthetic migration readiness update,IN_PROGRESS,EV-0129-CORR
CORR-0130,MC-0130,2026-08-27,CLIENT_TREASURY,MIGRATION_OWNER,EN,Synthetic migration readiness update,READY,EV-0130-CORR
CORR-0131,MC-0131,2026-08-25,CLIENT_TREASURY,MIGRATION_OWNER,EN,Synthetic migration readiness update,IN_PROGRESS,EV-0131-CORR
CORR-0132,MC-0132,2026-08-24,CLIENT_TREASURY,MIGRATION_OWNER,EN,Synthetic migration readiness update,IN_PROGRESS,EV-0132-CORR
CORR-0133,MC-0133,2026-08-26,CLIENT_TREASURY,MIGRATION_OWNER,EN,Synthetic migration readiness update,IN_PROGRESS,EV-0133-CORR
CORR-0134,MC-0134,2026-08-22,CLIENT_TREASURY,MIGRATION_OWNER,EN,Synthetic migration readiness update,IN_PROGRESS,EV-0134-CORR
CORR-0135,MC-0135,2026-08-25,CLIENT_TREASURY,MIGRATION_OWNER,EN,Synthetic migration readiness update,READY,EV-0135-CORR
CORR-0136,MC-0136,2026-08-22,CLIENT_TREASURY,MIGRATION_OWNER,EN,Synthetic migration readiness update,IN_PROGRESS,EV-0136-CORR
CORR-0137,MC-0137,2026-08-27,CLIENT_TREASURY,MIGRATION_OWNER,EN,Synthetic migration readiness update,IN_PROGRESS,EV-0137-CORR
CORR-0138,MC-0138,2026-08-19,CLIENT_TREASURY,MIGRATION_OWNER,JA,Synthetic migration readiness update,IN_PROGRESS,EV-0138-CORR
CORR-0139,MC-0139,2026-08-22,CLIENT_TREASURY,MIGRATION_OWNER,EN,Synthetic migration readiness update,IN_PROGRESS,EV-0139-CORR
CORR-0140,MC-0140,2026-08-27,CLIENT_TREASURY,MIGRATION_OWNER,EN,Synthetic migration readiness update,READY,EV-0140-CORR
CORR-0141,MC-0141,2026-08-18,CLIENT_TREASURY,MIGRATION_OWNER,EN,Synthetic migration readiness update,IN_PROGRESS,EV-0141-CORR
CORR-0142,MC-0142,2026-08-23,CLIENT_TREASURY,MIGRATION_OWNER,EN,Synthetic migration readiness update,IN_PROGRESS,EV-0142-CORR
CORR-0143,MC-0143,2026-08-26,CLIENT_TREASURY,MIGRATION_OWNER,EN,Synthetic migration readiness update,IN_PROGRESS,EV-0143-CORR
CORR-0144,MC-0144,2026-08-25,CLIENT_TREASURY,MIGRATION_OWNER,EN,Synthetic migration readiness update,IN_PROGRESS,EV-0144-CORR
CORR-0145,MC-0145,2026-08-21,CLIENT_TREASURY,MIGRATION_OWNER,EN,Synthetic migration readiness update,READY,EV-0145-CORR
CORR-0146,MC-0146,2026-08-24,CLIENT_TREASURY,MIGRATION_OWNER,EN,Synthetic migration readiness update,IN_PROGRESS,EV-0146-CORR
CORR-0147,MC-0147,2026-08-22,CLIENT_TREASURY,MIGRATION_OWNER,EN,Synthetic migration readiness update,IN_PROGRESS,EV-0147-CORR
CORR-0148,MC-0148,2026-08-25,CLIENT_TREASURY,MIGRATION_OWNER,EN,Synthetic migration readiness update,IN_PROGRESS,EV-0148-CORR
CORR-0149,MC-0149,2026-08-23,CLIENT_TREASURY,MIGRATION_OWNER,EN,Synthetic migration readiness update,IN_PROGRESS,EV-0149-CORR
CORR-0150,MC-0150,2026-08-24,CLIENT_TREASURY,MIGRATION_OWNER,EN,Synthetic migration readiness update,READY,EV-0150-CORR
CORR-0151,MC-0151,2026-08-20,CLIENT_TREASURY,MIGRATION_OWNER,EN,Synthetic migration readiness update,IN_PROGRESS,EV-0151-CORR
CORR-0152,MC-0152,2026-08-22,CLIENT_TREASURY,MIGRATION_OWNER,EN,Synthetic migration readiness update,IN_PROGRESS,EV-0152-CORR
CORR-0153,MC-0153,2026-08-27,CLIENT_TREASURY,MIGRATION_OWNER,EN,Synthetic migration readiness update,IN_PROGRESS,EV-0153-CORR
CORR-0154,MC-0154,2026-08-27,CLIENT_TREASURY,MIGRATION_OWNER,EN,Synthetic migration readiness update,IN_PROGRESS,EV-0154-CORR
CORR-0155,MC-0155,2026-08-24,CLIENT_TREASURY,MIGRATION_OWNER,EN,Synthetic migration readiness update,READY,EV-0155-CORR
CORR-0156,MC-0156,2026-08-24,CLIENT_TREASURY,MIGRATION_OWNER,EN,Synthetic migration readiness update,IN_PROGRESS,EV-0156-CORR
CORR-0157,MC-0157,2026-08-24,CLIENT_TREASURY,MIGRATION_OWNER,EN,Synthetic migration readiness update,IN_PROGRESS,EV-0157-CORR
CORR-0158,MC-0158,2026-08-19,CLIENT_TREASURY,MIGRATION_OWNER,EN,Synthetic migration readiness update,IN_PROGRESS,EV-0158-CORR
CORR-0159,MC-0159,2026-08-24,CLIENT_TREASURY,MIGRATION_OWNER,EN,Synthetic migration readiness update,IN_PROGRESS,EV-0159-CORR
CORR-0160,MC-0160,2026-08-20,CLIENT_TREASURY,MIGRATION_OWNER,EN,Synthetic migration readiness update,READY,EV-0160-CORR
CORR-0161,MC-0161,2026-08-23,CLIENT_TREASURY,MIGRATION_OWNER,EN,Synthetic migration readiness update,IN_PROGRESS,EV-0161-CORR
CORR-0162,MC-0162,2026-08-23,CLIENT_TREASURY,MIGRATION_OWNER,EN,Synthetic migration readiness update,IN_PROGRESS,EV-0162-CORR
CORR-0163,MC-0163,2026-08-25,CLIENT_TREASURY,MIGRATION_OWNER,EN,Synthetic migration readiness update,IN_PROGRESS,EV-0163-CORR
CORR-0164,MC-0164,2026-08-25,CLIENT_TREASURY,MIGRATION_OWNER,EN,Synthetic migration readiness update,IN_PROGRESS,EV-0164-CORR
CORR-0165,MC-0165,2026-08-20,CLIENT_TREASURY,MIGRATION_OWNER,EN,Synthetic migration readiness update,READY,EV-0165-CORR
CORR-0166,MC-0166,2026-08-24,CLIENT_TREASURY,MIGRATION_OWNER,JA,Synthetic migration readiness update,IN_PROGRESS,EV-0166-CORR
CORR-0167,MC-0167,2026-08-21,CLIENT_TREASURY,MIGRATION_OWNER,EN,Synthetic migration readiness update,IN_PROGRESS,EV-0167-CORR
CORR-0168,MC-0168,2026-08-27,CLIENT_TREASURY,MIGRATION_OWNER,EN,Synthetic migration readiness update,IN_PROGRESS,EV-0168-CORR
CORR-0169,MC-0169,2026-08-25,CLIENT_TREASURY,MIGRATION_OWNER,JA,Synthetic migration readiness update,IN_PROGRESS,EV-0169-CORR
CORR-0170,MC-0170,2026-08-18,CLIENT_TREASURY,MIGRATION_OWNER,EN,Synthetic migration readiness update,READY,EV-0170-CORR
CORR-0171,MC-0171,2026-08-27,CLIENT_TREASURY,MIGRATION_OWNER,EN,Synthetic migration readiness update,IN_PROGRESS,EV-0171-CORR
CORR-0172,MC-0172,2026-08-22,CLIENT_TREASURY,MIGRATION_OWNER,JA,Synthetic migration readiness update,IN_PROGRESS,EV-0172-CORR
CORR-0173,MC-0173,2026-08-18,CLIENT_TREASURY,MIGRATION_OWNER,EN,Synthetic migration readiness update,IN_PROGRESS,EV-0173-CORR
CORR-0174,MC-0174,2026-08-20,CLIENT_TREASURY,MIGRATION_OWNER,EN,Synthetic migration readiness update,IN_PROGRESS,EV-0174-CORR
CORR-0175,MC-0175,2026-08-24,CLIENT_TREASURY,MIGRATION_OWNER,EN,Synthetic migration readiness update,READY,EV-0175-CORR
CORR-0176,MC-0176,2026-08-25,CLIENT_TREASURY,MIGRATION_OWNER,EN,Synthetic migration readiness update,IN_PROGRESS,EV-0176-CORR
CORR-0177,MC-0177,2026-08-26,CLIENT_TREASURY,MIGRATION_OWNER,EN,Synthetic migration readiness update,IN_PROGRESS,EV-0177-CORR
CORR-0178,MC-0178,2026-08-24,CLIENT_TREASURY,MIGRATION_OWNER,JA,Synthetic migration readiness update,IN_PROGRESS,EV-0178-CORR
CORR-0179,MC-0179,2026-08-21,CLIENT_TREASURY,MIGRATION_OWNER,EN,Synthetic migration readiness update,IN_PROGRESS,EV-0179-CORR
CORR-0180,MC-0180,2026-08-27,CLIENT_TREASURY,MIGRATION_OWNER,EN,Synthetic migration readiness update,READY,EV-0180-CORR
CORR-0181,MC-0181,2026-08-18,CLIENT_TREASURY,MIGRATION_OWNER,EN,Synthetic migration readiness update,IN_PROGRESS,EV-0181-CORR
CORR-0182,MC-0182,2026-08-27,CLIENT_TREASURY,MIGRATION_OWNER,EN,Synthetic migration readiness update,IN_PROGRESS,EV-0182-CORR
CORR-0183,MC-0183,2026-08-19,CLIENT_TREASURY,MIGRATION_OWNER,EN,Synthetic migration readiness update,IN_PROGRESS,EV-0183-CORR
CORR-0184,MC-0184,2026-08-23,CLIENT_TREASURY,MIGRATION_OWNER,EN,Synthetic migration readiness update,IN_PROGRESS,EV-0184-CORR
CORR-0185,MC-0185,2026-08-20,CLIENT_TREASURY,MIGRATION_OWNER,EN,Synthetic migration readiness update,READY,EV-0185-CORR
CORR-0186,MC-0186,2026-08-23,CLIENT_TREASURY,MIGRATION_OWNER,EN,Synthetic migration readiness update,IN_PROGRESS,EV-0186-CORR
CORR-0187,MC-0187,2026-08-19,CLIENT_TREASURY,MIGRATION_OWNER,JA,Synthetic migration readiness update,IN_PROGRESS,EV-0187-CORR
CORR-0188,MC-0188,2026-08-25,CLIENT_TREASURY,MIGRATION_OWNER,EN,Synthetic migration readiness update,IN_PROGRESS,EV-0188-CORR
CORR-0189,MC-0189,2026-08-24,CLIENT_TREASURY,MIGRATION_OWNER,EN,Synthetic migration readiness update,IN_PROGRESS,EV-0189-CORR
CORR-0190,MC-0190,2026-08-18,CLIENT_TREASURY,MIGRATION_OWNER,JA,Synthetic migration readiness update,READY,EV-0190-CORR
CORR-0191,MC-0191,2026-08-23,CLIENT_TREASURY,MIGRATION_OWNER,EN,Synthetic migration readiness update,IN_PROGRESS,EV-0191-CORR
CORR-0192,MC-0192,2026-08-26,CLIENT_TREASURY,MIGRATION_OWNER,EN,Synthetic migration readiness update,IN_PROGRESS,EV-0192-CORR
CORR-0193,MC-0193,2026-08-19,CLIENT_TREASURY,MIGRATION_OWNER,EN,Synthetic migration readiness update,IN_PROGRESS,EV-0193-CORR
CORR-0194,MC-0194,2026-08-26,CLIENT_TREASURY,MIGRATION_OWNER,EN,Synthetic migration readiness update,IN_PROGRESS,EV-0194-CORR
CORR-0195,MC-0195,2026-08-24,CLIENT_TREASURY,MIGRATION_OWNER,EN,Synthetic migration readiness update,READY,EV-0195-CORR
CORR-0196,MC-0196,2026-08-24,CLIENT_TREASURY,MIGRATION_OWNER,EN,Synthetic migration readiness update,IN_PROGRESS,EV-0196-CORR
CORR-0197,MC-0197,2026-08-19,CLIENT_TREASURY,MIGRATION_OWNER,EN,Synthetic migration readiness update,IN_PROGRESS,EV-0197-CORR
CORR-0198,MC-0198,2026-08-20,CLIENT_TREASURY,MIGRATION_OWNER,EN,Synthetic migration readiness update,IN_PROGRESS,EV-0198-CORR
CORR-0199,MC-0199,2026-08-25,CLIENT_TREASURY,MIGRATION_OWNER,EN,Synthetic migration readiness update,IN_PROGRESS,EV-0199-CORR
CORR-0200,MC-0200,2026-08-23,CLIENT_TREASURY,MIGRATION_OWNER,EN,Synthetic migration readiness update,READY,EV-0200-CORR
CORR-0009-B,MC-0009,2026-08-26,CLIENT_IT,MIGRATION_OWNER,EN,Synthetic conflicting readiness update,NOT_READY,EV-0009-CORR-B
