dependency_id,case_id,dependency_type,description,owner,opened_date,due_date,status,severity,prerequisite_status
DEP-0004-01,MC-0004,CONNECTIVITY_COORDINATION,Synthetic coordination dependency for demonstration.,Synthetic Dependency Owner 04,2026-08-18,2026-09-17,OPEN,MEDIUM,IN_PROGRESS
DEP-0008-01,MC-0008,CONNECTIVITY_COORDINATION,Synthetic coordination dependency for demonstration.,Synthetic Dependency Owner 08,2026-08-18,2026-09-17,OPEN,MEDIUM,IN_PROGRESS
DEP-0012-01,MC-0012,CONNECTIVITY_COORDINATION,Synthetic coordination dependency for demonstration.,Synthetic Dependency Owner 03,2026-08-18,2026-09-17,OPEN,MEDIUM,IN_PROGRESS
DEP-0016-01,MC-0016,CONNECTIVITY_COORDINATION,Synthetic coordination dependency for demonstration.,Synthetic Dependency Owner 07,2026-08-18,2026-09-17,OPEN,MEDIUM,IN_PROGRESS
DEP-0020-01,MC-0020,CONNECTIVITY_COORDINATION,Synthetic coordination dependency for demonstration.,Synthetic Dependency Owner 02,2026-08-18,2026-09-17,OPEN,MEDIUM,IN_PROGRESS
DEP-0024-01,MC-0024,CONNECTIVITY_COORDINATION,Synthetic coordination dependency for demonstration.,Synthetic Dependency Owner 06,2026-08-18,2026-09-17,OPEN,MEDIUM,IN_PROGRESS
DEP-0028-01,MC-0028,CONNECTIVITY_COORDINATION,Synthetic coordination dependency for demonstration.,Synthetic Dependency Owner 01,2026-08-18,2026-09-17,OPEN,MEDIUM,IN_PROGRESS
DEP-0032-01,MC-0032,CONNECTIVITY_COORDINATION,Synthetic coordination dependency for demonstration.,Synthetic Dependency Owner 05,2026-08-18,2026-09-17,OPEN,MEDIUM,IN_PROGRESS
DEP-0036-01,MC-0036,CONNECTIVITY_COORDINATION,Synthetic coordination dependency for demonstration.,Synthetic Dependency Owner 09,2026-08-18,2026-09-17,OPEN,MEDIUM,IN_PROGRESS
DEP-0040-01,MC-0040,CONNECTIVITY_COORDINATION,Synthetic coordination dependency for demonstration.,Synthetic Dependency Owner 04,2026-08-18,2026-09-17,OPEN,MEDIUM,IN_PROGRESS
DEP-0044-01,MC-0044,CONNECTIVITY_COORDINATION,Synthetic coordination dependency for demonstration.,Synthetic Dependency Owner 08,2026-08-18,2026-09-17,OPEN,MEDIUM,IN_PROGRESS
DEP-0048-01,MC-0048,CONNECTIVITY_COORDINATION,Synthetic coordination dependency for demonstration.,Synthetic Dependency Owner 03,2026-08-18,2026-09-17,OPEN,MEDIUM,IN_PROGRESS
DEP-0052-01,MC-0052,CONNECTIVITY_COORDINATION,Synthetic coordination dependency for demonstration.,Synthetic Dependency Owner 07,2026-08-18,2026-09-17,OPEN,MEDIUM,IN_PROGRESS
DEP-0056-01,MC-0056,CONNECTIVITY_COORDINATION,Synthetic coordination dependency for demonstration.,Synthetic Dependency Owner 02,2026-08-18,2026-09-17,OPEN,MEDIUM,IN_PROGRESS
DEP-0060-01,MC-0060,CONNECTIVITY_COORDINATION,Synthetic coordination dependency for demonstration.,Synthetic Dependency Owner 06,2026-08-18,2026-09-17,OPEN,MEDIUM,IN_PROGRESS
DEP-0064-01,MC-0064,CONNECTIVITY_COORDINATION,Synthetic coordination dependency for demonstration.,Synthetic Dependency Owner 01,2026-08-18,2026-09-17,OPEN,MEDIUM,IN_PROGRESS
DEP-0068-01,MC-0068,CONNECTIVITY_COORDINATION,Synthetic coordination dependency for demonstration.,Synthetic Dependency Owner 05,2026-08-18,2026-09-17,OPEN,MEDIUM,IN_PROGRESS
DEP-0072-01,MC-0072,CONNECTIVITY_COORDINATION,Synthetic coordination dependency for demonstration.,Synthetic Dependency Owner 09,2026-08-18,2026-09-17,OPEN,MEDIUM,IN_PROGRESS
DEP-0076-01,MC-0076,CONNECTIVITY_COORDINATION,Synthetic coordination dependency for demonstration.,Synthetic Dependency Owner 04,2026-08-18,2026-09-17,OPEN,MEDIUM,IN_PROGRESS
DEP-0080-01,MC-0080,CONNECTIVITY_COORDINATION,Synthetic coordination dependency for demonstration.,Synthetic Dependency Owner 08,2026-08-18,2026-09-17,OPEN,MEDIUM,IN_PROGRESS
DEP-0084-01,MC-0084,CONNECTIVITY_COORDINATION,Synthetic coordination dependency for demonstration.,Synthetic Dependency Owner 03,2026-08-18,2026-09-17,OPEN,MEDIUM,IN_PROGRESS
DEP-0088-01,MC-0088,CONNECTIVITY_COORDINATION,Synthetic coordination dependency for demonstration.,Synthetic Dependency Owner 07,2026-08-18,2026-09-17,OPEN,MEDIUM,IN_PROGRESS
DEP-0092-01,MC-0092,CONNECTIVITY_COORDINATION,Synthetic coordination dependency for demonstration.,Synthetic Dependency Owner 02,2026-08-18,2026-09-17,OPEN,MEDIUM,IN_PROGRESS
DEP-0096-01,MC-0096,CONNECTIVITY_COORDINATION,Synthetic coordination dependency for demonstration.,Synthetic Dependency Owner 06,2026-08-18,2026-09-17,OPEN,MEDIUM,IN_PROGRESS
DEP-0100-01,MC-0100,CONNECTIVITY_COORDINATION,Synthetic coordination dependency for demonstration.,Synthetic Dependency Owner 01,2026-08-18,2026-09-17,OPEN,MEDIUM,IN_PROGRESS
DEP-0104-01,MC-0104,CONNECTIVITY_COORDINATION,Synthetic coordination dependency for demonstration.,Synthetic Dependency Owner 05,2026-08-18,2026-09-17,OPEN,MEDIUM,IN_PROGRESS
DEP-0108-01,MC-0108,CONNECTIVITY_COORDINATION,Synthetic coordination dependency for demonstration.,Synthetic Dependency Owner 09,2026-08-18,2026-09-17,OPEN,MEDIUM,IN_PROGRESS
DEP-0112-01,MC-0112,CONNECTIVITY_COORDINATION,Synthetic coordination dependency for demonstration.,Synthetic Dependency Owner 04,2026-08-18,2026-09-17,OPEN,MEDIUM,IN_PROGRESS
DEP-0116-01,MC-0116,CONNECTIVITY_COORDINATION,Synthetic coordination dependency for demonstration.,Synthetic Dependency Owner 08,2026-08-18,2026-09-17,OPEN,MEDIUM,IN_PROGRESS
DEP-0120-01,MC-0120,CONNECTIVITY_COORDINATION,Synthetic coordination dependency for demonstration.,Synthetic Dependency Owner 03,2026-08-18,2026-09-17,OPEN,MEDIUM,IN_PROGRESS
DEP-0124-01,MC-0124,CONNECTIVITY_COORDINATION,Synthetic coordination dependency for demonstration.,Synthetic Dependency Owner 07,2026-08-18,2026-09-17,OPEN,MEDIUM,IN_PROGRESS
DEP-0128-01,MC-0128,CONNECTIVITY_COORDINATION,Synthetic coordination dependency for demonstration.,Synthetic Dependency Owner 02,2026-08-18,2026-09-17,OPEN,MEDIUM,IN_PROGRESS
DEP-0132-01,MC-0132,CONNECTIVITY_COORDINATION,Synthetic coordination dependency for demonstration.,Synthetic Dependency Owner 06,2026-08-18,2026-09-17,OPEN,MEDIUM,IN_PROGRESS
DEP-0136-01,MC-0136,CONNECTIVITY_COORDINATION,Synthetic coordination dependency for demonstration.,Synthetic Dependency Owner 01,2026-08-18,2026-09-17,OPEN,MEDIUM,IN_PROGRESS
DEP-0140-01,MC-0140,CONNECTIVITY_COORDINATION,Synthetic coordination dependency for demonstration.,Synthetic Dependency Owner 05,2026-08-18,2026-09-17,OPEN,MEDIUM,IN_PROGRESS
DEP-0144-01,MC-0144,CONNECTIVITY_COORDINATION,Synthetic coordination dependency for demonstration.,Synthetic Dependency Owner 09,2026-08-18,2026-09-17,OPEN,MEDIUM,IN_PROGRESS
DEP-0148-01,MC-0148,CONNECTIVITY_COORDINATION,Synthetic coordination dependency for demonstration.,Synthetic Dependency Owner 04,2026-08-18,2026-09-17,OPEN,MEDIUM,IN_PROGRESS
DEP-0152-01,MC-0152,CONNECTIVITY_COORDINATION,Synthetic coordination dependency for demonstration.,Synthetic Dependency Owner 08,2026-08-18,2026-09-17,OPEN,MEDIUM,IN_PROGRESS
DEP-0156-01,MC-0156,CONNECTIVITY_COORDINATION,Synthetic coordination dependency for demonstration.,Synthetic Dependency Owner 03,2026-08-18,2026-09-17,OPEN,MEDIUM,IN_PROGRESS
DEP-0160-01,MC-0160,CONNECTIVITY_COORDINATION,Synthetic coordination dependency for demonstration.,Synthetic Dependency Owner 07,2026-08-18,2026-09-17,OPEN,MEDIUM,IN_PROGRESS
DEP-0164-01,MC-0164,CONNECTIVITY_COORDINATION,Synthetic coordination dependency for demonstration.,Synthetic Dependency Owner 02,2026-08-18,2026-09-17,OPEN,MEDIUM,IN_PROGRESS
DEP-0168-01,MC-0168,CONNECTIVITY_COORDINATION,Synthetic coordination dependency for demonstration.,Synthetic Dependency Owner 06,2026-08-18,2026-09-17,OPEN,MEDIUM,IN_PROGRESS
DEP-0172-01,MC-0172,CONNECTIVITY_COORDINATION,Synthetic coordination dependency for demonstration.,Synthetic Dependency Owner 01,2026-08-18,2026-09-17,OPEN,MEDIUM,IN_PROGRESS
DEP-0176-01,MC-0176,CONNECTIVITY_COORDINATION,Synthetic coordination dependency for demonstration.,Synthetic Dependency Owner 05,2026-08-18,2026-09-17,OPEN,MEDIUM,IN_PROGRESS
DEP-0180-01,MC-0180,CONNECTIVITY_COORDINATION,Synthetic coordination dependency for demonstration.,Synthetic Dependency Owner 09,2026-08-18,2026-09-17,OPEN,MEDIUM,IN_PROGRESS
DEP-0184-01,MC-0184,CONNECTIVITY_COORDINATION,Synthetic coordination dependency for demonstration.,Synthetic Dependency Owner 04,2026-08-18,2026-09-17,OPEN,MEDIUM,IN_PROGRESS
DEP-0188-01,MC-0188,CONNECTIVITY_COORDINATION,Synthetic coordination dependency for demonstration.,Synthetic Dependency Owner 08,2026-08-18,2026-09-17,OPEN,MEDIUM,IN_PROGRESS
DEP-0192-01,MC-0192,CONNECTIVITY_COORDINATION,Synthetic coordination dependency for demonstration.,Synthetic Dependency Owner 03,2026-08-18,2026-09-17,OPEN,MEDIUM,IN_PROGRESS
DEP-0196-01,MC-0196,CONNECTIVITY_COORDINATION,Synthetic coordination dependency for demonstration.,Synthetic Dependency Owner 07,2026-08-18,2026-09-17,OPEN,MEDIUM,IN_PROGRESS
DEP-0200-01,MC-0200,CONNECTIVITY_COORDINATION,Synthetic coordination dependency for demonstration.,Synthetic Dependency Owner 02,2026-08-18,2026-09-17,OPEN,MEDIUM,IN_PROGRESS
DEP-0006-ANOM,MC-0006,MANDATORY_CONNECTIVITY,Synthetic unresolved blocker deliberately injected for testing.,Synthetic Dependency Owner 06,2026-08-03,2026-08-26,OPEN,BLOCKER,INCOMPLETE
DEP-0007-ANOM,MC-0007,CLIENT_CONFIGURATION,Synthetic dependency closed before its prerequisite completed.,Synthetic Dependency Owner 07,2026-07-29,2026-08-23,CLOSED,HIGH,INCOMPLETE
