document_item_id,case_id,document_type,required,status,evidence_id
DOC-0001-01,MC-0001,MIGRATION_ENROLMENT,true,COMPLETE,EV-0001-DOC-01
DOC-0001-02,MC-0001,AUTHORIZED_CONTACT_LIST,true,COMPLETE,EV-0001-DOC-02
DOC-0002-01,MC-0002,MIGRATION_ENROLMENT,true,COMPLETE,EV-0002-DOC-01
DOC-0002-02,MC-0002,AUTHORIZED_CONTACT_LIST,true,COMPLETE,EV-0002-DOC-02
DOC-0003-01,MC-0003,MIGRATION_ENROLMENT,true,COMPLETE,EV-0003-DOC-01
DOC-0003-02,MC-0003,AUTHORIZED_CONTACT_LIST,true,COMPLETE,EV-0003-DOC-02
DOC-0004-01,MC-0004,MIGRATION_ENROLMENT,true,COMPLETE,EV-0004-DOC-01
DOC-0004-02,MC-0004,AUTHORIZED_CONTACT_LIST,true,COMPLETE,EV-0004-DOC-02
DOC-0005-01,MC-0005,MIGRATION_ENROLMENT,true,MISSING,
DOC-0005-02,MC-0005,AUTHORIZED_CONTACT_LIST,true,COMPLETE,EV-0005-DOC-02
DOC-0006-01,MC-0006,MIGRATION_ENROLMENT,true,COMPLETE,EV-0006-DOC-01
DOC-0006-02,MC-0006,AUTHORIZED_CONTACT_LIST,true,COMPLETE,EV-0006-DOC-02
DOC-0007-01,MC-0007,MIGRATION_ENROLMENT,true,COMPLETE,EV-0007-DOC-01
DOC-0007-02,MC-0007,AUTHORIZED_CONTACT_LIST,true,COMPLETE,EV-0007-DOC-02
DOC-0008-01,MC-0008,MIGRATION_ENROLMENT,true,COMPLETE,EV-0008-DOC-01
DOC-0008-02,MC-0008,AUTHORIZED_CONTACT_LIST,true,COMPLETE,EV-0008-DOC-02
DOC-0009-01,MC-0009,MIGRATION_ENROLMENT,true,COMPLETE,EV-0009-DOC-01
DOC-0009-02,MC-0009,AUTHORIZED_CONTACT_LIST,true,COMPLETE,EV-0009-DOC-02
DOC-0010-01,MC-0010,MIGRATION_ENROLMENT,true,COMPLETE,EV-0010-DOC-01
DOC-0010-02,MC-0010,AUTHORIZED_CONTACT_LIST,true,COMPLETE,EV-0010-DOC-02
DOC-0011-01,MC-0011,MIGRATION_ENROLMENT,true,COMPLETE,EV-0011-DOC-01
DOC-0011-02,MC-0011,AUTHORIZED_CONTACT_LIST,true,COMPLETE,EV-0011-DOC-02
DOC-0012-01,MC-0012,MIGRATION_ENROLMENT,true,COMPLETE,EV-0012-DOC-01
DOC-0012-02,MC-0012,AUTHORIZED_CONTACT_LIST,true,COMPLETE,EV-0012-DOC-02
DOC-0013-01,MC-0013,MIGRATION_ENROLMENT,true,COMPLETE,EV-0013-DOC-01
DOC-0013-02,MC-0013,AUTHORIZED_CONTACT_LIST,true,COMPLETE,EV-0013-DOC-02
DOC-0014-01,MC-0014,MIGRATION_ENROLMENT,true,COMPLETE,EV-0014-DOC-01
DOC-0014-02,MC-0014,AUTHORIZED_CONTACT_LIST,true,COMPLETE,EV-0014-DOC-02
DOC-0015-01,MC-0015,MIGRATION_ENROLMENT,true,COMPLETE,EV-0015-DOC-01
DOC-0015-02,MC-0015,AUTHORIZED_CONTACT_LIST,true,COMPLETE,EV-0015-DOC-02
DOC-0016-01,MC-0016,MIGRATION_ENROLMENT,true,COMPLETE,EV-0016-DOC-01
DOC-0016-02,MC-0016,AUTHORIZED_CONTACT_LIST,true,COMPLETE,EV-0016-DOC-02
DOC-0017-01,MC-0017,MIGRATION_ENROLMENT,true,COMPLETE,EV-0017-DOC-01
DOC-0017-02,MC-0017,AUTHORIZED_CONTACT_LIST,true,COMPLETE,EV-0017-DOC-02
DOC-0018-01,MC-0018,MIGRATION_ENROLMENT,true,COMPLETE,EV-0018-DOC-01
DOC-0018-02,MC-0018,AUTHORIZED_CONTACT_LIST,true,COMPLETE,EV-0018-DOC-02
DOC-0019-01,MC-0019,MIGRATION_ENROLMENT,true,COMPLETE,EV-0019-DOC-01
DOC-0019-02,MC-0019,AUTHORIZED_CONTACT_LIST,true,COMPLETE,EV-0019-DOC-02
DOC-0020-01,MC-0020,MIGRATION_ENROLMENT,true,COMPLETE,EV-0020-DOC-01
DOC-0020-02,MC-0020,AUTHORIZED_CONTACT_LIST,true,COMPLETE,EV-0020-DOC-02
DOC-0021-01,MC-0021,MIGRATION_ENROLMENT,true,COMPLETE,EV-0021-DOC-01
DOC-0021-02,MC-0021,AUTHORIZED_CONTACT_LIST,true,COMPLETE,EV-0021-DOC-02
DOC-0022-01,MC-0022,MIGRATION_ENROLMENT,true,COMPLETE,EV-0022-DOC-01
DOC-0022-02,MC-0022,AUTHORIZED_CONTACT_LIST,true,COMPLETE,EV-0022-DOC-02
DOC-0023-01,MC-0023,MIGRATION_ENROLMENT,true,COMPLETE,EV-0023-DOC-01
DOC-0023-02,MC-0023,AUTHORIZED_CONTACT_LIST,true,COMPLETE,EV-0023-DOC-02
DOC-0024-01,MC-0024,MIGRATION_ENROLMENT,true,COMPLETE,EV-0024-DOC-01
DOC-0024-02,MC-0024,AUTHORIZED_CONTACT_LIST,true,COMPLETE,EV-0024-DOC-02
DOC-0025-01,MC-0025,MIGRATION_ENROLMENT,true,COMPLETE,EV-0025-DOC-01
DOC-0025-02,MC-0025,AUTHORIZED_CONTACT_LIST,true,COMPLETE,EV-0025-DOC-02
DOC-0026-01,MC-0026,MIGRATION_ENROLMENT,true,COMPLETE,EV-0026-DOC-01
DOC-0026-02,MC-0026,AUTHORIZED_CONTACT_LIST,true,COMPLETE,EV-0026-DOC-02
DOC-0027-01,MC-0027,MIGRATION_ENROLMENT,true,COMPLETE,EV-0027-DOC-01
DOC-0027-02,MC-0027,AUTHORIZED_CONTACT_LIST,true,COMPLETE,EV-0027-DOC-02
DOC-0028-01,MC-0028,MIGRATION_ENROLMENT,true,COMPLETE,EV-0028-DOC-01
DOC-0028-02,MC-0028,AUTHORIZED_CONTACT_LIST,true,COMPLETE,EV-0028-DOC-02
DOC-0029-01,MC-0029,MIGRATION_ENROLMENT,true,COMPLETE,EV-0029-DOC-01
DOC-0029-02,MC-0029,AUTHORIZED_CONTACT_LIST,true,COMPLETE,EV-0029-DOC-02
DOC-0030-01,MC-0030,MIGRATION_ENROLMENT,true,COMPLETE,EV-0030-DOC-01
DOC-0030-02,MC-0030,AUTHORIZED_CONTACT_LIST,true,COMPLETE,EV-0030-DOC-02
DOC-0031-01,MC-0031,MIGRATION_ENROLMENT,true,COMPLETE,EV-0031-DOC-01
DOC-0031-02,MC-0031,AUTHORIZED_CONTACT_LIST,true,COMPLETE,EV-0031-DOC-02
DOC-0032-01,MC-0032,MIGRATION_ENROLMENT,true,COMPLETE,EV-0032-DOC-01
DOC-0032-02,MC-0032,AUTHORIZED_CONTACT_LIST,true,COMPLETE,EV-0032-DOC-02
DOC-0033-01,MC-0033,MIGRATION_ENROLMENT,true,COMPLETE,EV-0033-DOC-01
DOC-0033-02,MC-0033,AUTHORIZED_CONTACT_LIST,true,COMPLETE,EV-0033-DOC-02
DOC-0034-01,MC-0034,MIGRATION_ENROLMENT,true,COMPLETE,EV-0034-DOC-01
DOC-0034-02,MC-0034,AUTHORIZED_CONTACT_LIST,true,COMPLETE,EV-0034-DOC-02
DOC-0035-01,MC-0035,MIGRATION_ENROLMENT,true,COMPLETE,EV-0035-DOC-01
DOC-0035-02,MC-0035,AUTHORIZED_CONTACT_LIST,true,COMPLETE,EV-0035-DOC-02
DOC-0036-01,MC-0036,MIGRATION_ENROLMENT,true,COMPLETE,EV-0036-DOC-01
DOC-0036-02,MC-0036,AUTHORIZED_CONTACT_LIST,true,COMPLETE,EV-0036-DOC-02
DOC-0037-01,MC-0037,MIGRATION_ENROLMENT,true,COMPLETE,EV-0037-DOC-01
DOC-0037-02,MC-0037,AUTHORIZED_CONTACT_LIST,true,COMPLETE,EV-0037-DOC-02
DOC-0038-01,MC-0038,MIGRATION_ENROLMENT,true,COMPLETE,EV-0038-DOC-01
DOC-0038-02,MC-0038,AUTHORIZED_CONTACT_LIST,true,COMPLETE,EV-0038-DOC-02
DOC-0039-01,MC-0039,MIGRATION_ENROLMENT,true,COMPLETE,EV-0039-DOC-01
DOC-0039-02,MC-0039,AUTHORIZED_CONTACT_LIST,true,COMPLETE,EV-0039-DOC-02
DOC-0040-01,MC-0040,MIGRATION_ENROLMENT,true,COMPLETE,EV-0040-DOC-01
DOC-0040-02,MC-0040,AUTHORIZED_CONTACT_LIST,true,COMPLETE,EV-0040-DOC-02
DOC-0041-01,MC-0041,MIGRATION_ENROLMENT,true,COMPLETE,EV-0041-DOC-01
DOC-0041-02,MC-0041,AUTHORIZED_CONTACT_LIST,true,COMPLETE,EV-0041-DOC-02
DOC-0042-01,MC-0042,MIGRATION_ENROLMENT,true,COMPLETE,EV-0042-DOC-01
DOC-0042-02,MC-0042,AUTHORIZED_CONTACT_LIST,true,COMPLETE,EV-0042-DOC-02
DOC-0043-01,MC-0043,MIGRATION_ENROLMENT,true,COMPLETE,EV-0043-DOC-01
DOC-0043-02,MC-0043,AUTHORIZED_CONTACT_LIST,true,COMPLETE,EV-0043-DOC-02
DOC-0044-01,MC-0044,MIGRATION_ENROLMENT,true,COMPLETE,EV-0044-DOC-01
DOC-0044-02,MC-0044,AUTHORIZED_CONTACT_LIST,true,COMPLETE,EV-0044-DOC-02
DOC-0045-01,MC-0045,MIGRATION_ENROLMENT,true,COMPLETE,EV-0045-DOC-01
DOC-0045-02,MC-0045,AUTHORIZED_CONTACT_LIST,true,COMPLETE,EV-0045-DOC-02
DOC-0046-01,MC-0046,MIGRATION_ENROLMENT,true,COMPLETE,EV-0046-DOC-01
DOC-0046-02,MC-0046,AUTHORIZED_CONTACT_LIST,true,COMPLETE,EV-0046-DOC-02
DOC-0047-01,MC-0047,MIGRATION_ENROLMENT,true,COMPLETE,EV-0047-DOC-01
DOC-0047-02,MC-0047,AUTHORIZED_CONTACT_LIST,true,COMPLETE,EV-0047-DOC-02
DOC-0048-01,MC-0048,MIGRATION_ENROLMENT,true,COMPLETE,EV-0048-DOC-01
DOC-0048-02,MC-0048,AUTHORIZED_CONTACT_LIST,true,COMPLETE,EV-0048-DOC-02
DOC-0049-01,MC-0049,MIGRATION_ENROLMENT,true,COMPLETE,EV-0049-DOC-01
DOC-0049-02,MC-0049,AUTHORIZED_CONTACT_LIST,true,COMPLETE,EV-0049-DOC-02
DOC-0050-01,MC-0050,MIGRATION_ENROLMENT,true,COMPLETE,EV-0050-DOC-01
DOC-0050-02,MC-0050,AUTHORIZED_CONTACT_LIST,true,COMPLETE,EV-0050-DOC-02
DOC-0051-01,MC-0051,MIGRATION_ENROLMENT,true,COMPLETE,EV-0051-DOC-01
DOC-0051-02,MC-0051,AUTHORIZED_CONTACT_LIST,true,COMPLETE,EV-0051-DOC-02
DOC-0052-01,MC-0052,MIGRATION_ENROLMENT,true,COMPLETE,EV-0052-DOC-01
DOC-0052-02,MC-0052,AUTHORIZED_CONTACT_LIST,true,COMPLETE,EV-0052-DOC-02
DOC-0053-01,MC-0053,MIGRATION_ENROLMENT,true,COMPLETE,EV-0053-DOC-01
DOC-0053-02,MC-0053,AUTHORIZED_CONTACT_LIST,true,COMPLETE,EV-0053-DOC-02
DOC-0054-01,MC-0054,MIGRATION_ENROLMENT,true,COMPLETE,EV-0054-DOC-01
DOC-0054-02,MC-0054,AUTHORIZED_CONTACT_LIST,true,COMPLETE,EV-0054-DOC-02
DOC-0055-01,MC-0055,MIGRATION_ENROLMENT,true,COMPLETE,EV-0055-DOC-01
DOC-0055-02,MC-0055,AUTHORIZED_CONTACT_LIST,true,COMPLETE,EV-0055-DOC-02
DOC-0056-01,MC-0056,MIGRATION_ENROLMENT,true,COMPLETE,EV-0056-DOC-01
DOC-0056-02,MC-0056,AUTHORIZED_CONTACT_LIST,true,COMPLETE,EV-0056-DOC-02
DOC-0057-01,MC-0057,MIGRATION_ENROLMENT,true,COMPLETE,EV-0057-DOC-01
DOC-0057-02,MC-0057,AUTHORIZED_CONTACT_LIST,true,COMPLETE,EV-0057-DOC-02
DOC-0058-01,MC-0058,MIGRATION_ENROLMENT,true,COMPLETE,EV-0058-DOC-01
DOC-0058-02,MC-0058,AUTHORIZED_CONTACT_LIST,true,COMPLETE,EV-0058-DOC-02
DOC-0059-01,MC-0059,MIGRATION_ENROLMENT,true,COMPLETE,EV-0059-DOC-01
DOC-0059-02,MC-0059,AUTHORIZED_CONTACT_LIST,true,COMPLETE,EV-0059-DOC-02
DOC-0060-01,MC-0060,MIGRATION_ENROLMENT,true,COMPLETE,EV-0060-DOC-01
DOC-0060-02,MC-0060,AUTHORIZED_CONTACT_LIST,true,COMPLETE,EV-0060-DOC-02
DOC-0061-01,MC-0061,MIGRATION_ENROLMENT,true,COMPLETE,EV-0061-DOC-01
DOC-0061-02,MC-0061,AUTHORIZED_CONTACT_LIST,true,COMPLETE,EV-0061-DOC-02
DOC-0062-01,MC-0062,MIGRATION_ENROLMENT,true,COMPLETE,EV-0062-DOC-01
DOC-0062-02,MC-0062,AUTHORIZED_CONTACT_LIST,true,COMPLETE,EV-0062-DOC-02
DOC-0063-01,MC-0063,MIGRATION_ENROLMENT,true,COMPLETE,EV-0063-DOC-01
DOC-0063-02,MC-0063,AUTHORIZED_CONTACT_LIST,true,COMPLETE,EV-0063-DOC-02
DOC-0064-01,MC-0064,MIGRATION_ENROLMENT,true,COMPLETE,EV-0064-DOC-01
DOC-0064-02,MC-0064,AUTHORIZED_CONTACT_LIST,true,COMPLETE,EV-0064-DOC-02
DOC-0065-01,MC-0065,MIGRATION_ENROLMENT,true,COMPLETE,EV-0065-DOC-01
DOC-0065-02,MC-0065,AUTHORIZED_CONTACT_LIST,true,COMPLETE,EV-0065-DOC-02
DOC-0066-01,MC-0066,MIGRATION_ENROLMENT,true,COMPLETE,EV-0066-DOC-01
DOC-0066-02,MC-0066,AUTHORIZED_CONTACT_LIST,true,COMPLETE,EV-0066-DOC-02
DOC-0067-01,MC-0067,MIGRATION_ENROLMENT,true,COMPLETE,EV-0067-DOC-01
DOC-0067-02,MC-0067,AUTHORIZED_CONTACT_LIST,true,COMPLETE,EV-0067-DOC-02
DOC-0068-01,MC-0068,MIGRATION_ENROLMENT,true,COMPLETE,EV-0068-DOC-01
DOC-0068-02,MC-0068,AUTHORIZED_CONTACT_LIST,true,COMPLETE,EV-0068-DOC-02
DOC-0069-01,MC-0069,MIGRATION_ENROLMENT,true,COMPLETE,EV-0069-DOC-01
DOC-0069-02,MC-0069,AUTHORIZED_CONTACT_LIST,true,COMPLETE,EV-0069-DOC-02
DOC-0070-01,MC-0070,MIGRATION_ENROLMENT,true,COMPLETE,EV-0070-DOC-01
DOC-0070-02,MC-0070,AUTHORIZED_CONTACT_LIST,true,COMPLETE,EV-0070-DOC-02
DOC-0071-01,MC-0071,MIGRATION_ENROLMENT,true,COMPLETE,EV-0071-DOC-01
DOC-0071-02,MC-0071,AUTHORIZED_CONTACT_LIST,true,COMPLETE,EV-0071-DOC-02
DOC-0072-01,MC-0072,MIGRATION_ENROLMENT,true,COMPLETE,EV-0072-DOC-01
DOC-0072-02,MC-0072,AUTHORIZED_CONTACT_LIST,true,COMPLETE,EV-0072-DOC-02
DOC-0073-01,MC-0073,MIGRATION_ENROLMENT,true,COMPLETE,EV-0073-DOC-01
DOC-0073-02,MC-0073,AUTHORIZED_CONTACT_LIST,true,COMPLETE,EV-0073-DOC-02
DOC-0074-01,MC-0074,MIGRATION_ENROLMENT,true,COMPLETE,EV-0074-DOC-01
DOC-0074-02,MC-0074,AUTHORIZED_CONTACT_LIST,true,COMPLETE,EV-0074-DOC-02
DOC-0075-01,MC-0075,MIGRATION_ENROLMENT,true,COMPLETE,EV-0075-DOC-01
DOC-0075-02,MC-0075,AUTHORIZED_CONTACT_LIST,true,COMPLETE,EV-0075-DOC-02
DOC-0076-01,MC-0076,MIGRATION_ENROLMENT,true,COMPLETE,EV-0076-DOC-01
DOC-0076-02,MC-0076,AUTHORIZED_CONTACT_LIST,true,COMPLETE,EV-0076-DOC-02
DOC-0077-01,MC-0077,MIGRATION_ENROLMENT,true,COMPLETE,EV-0077-DOC-01
DOC-0077-02,MC-0077,AUTHORIZED_CONTACT_LIST,true,COMPLETE,EV-0077-DOC-02
DOC-0078-01,MC-0078,MIGRATION_ENROLMENT,true,COMPLETE,EV-0078-DOC-01
DOC-0078-02,MC-0078,AUTHORIZED_CONTACT_LIST,true,COMPLETE,EV-0078-DOC-02
DOC-0079-01,MC-0079,MIGRATION_ENROLMENT,true,COMPLETE,EV-0079-DOC-01
DOC-0079-02,MC-0079,AUTHORIZED_CONTACT_LIST,true,COMPLETE,EV-0079-DOC-02
DOC-0080-01,MC-0080,MIGRATION_ENROLMENT,true,COMPLETE,EV-0080-DOC-01
DOC-0080-02,MC-0080,AUTHORIZED_CONTACT_LIST,true,COMPLETE,EV-0080-DOC-02
DOC-0081-01,MC-0081,MIGRATION_ENROLMENT,true,COMPLETE,EV-0081-DOC-01
DOC-0081-02,MC-0081,AUTHORIZED_CONTACT_LIST,true,COMPLETE,EV-0081-DOC-02
DOC-0082-01,MC-0082,MIGRATION_ENROLMENT,true,COMPLETE,EV-0082-DOC-01
DOC-0082-02,MC-0082,AUTHORIZED_CONTACT_LIST,true,COMPLETE,EV-0082-DOC-02
DOC-0083-01,MC-0083,MIGRATION_ENROLMENT,true,COMPLETE,EV-0083-DOC-01
DOC-0083-02,MC-0083,AUTHORIZED_CONTACT_LIST,true,COMPLETE,EV-0083-DOC-02
DOC-0084-01,MC-0084,MIGRATION_ENROLMENT,true,COMPLETE,EV-0084-DOC-01
DOC-0084-02,MC-0084,AUTHORIZED_CONTACT_LIST,true,COMPLETE,EV-0084-DOC-02
DOC-0085-01,MC-0085,MIGRATION_ENROLMENT,true,COMPLETE,EV-0085-DOC-01
DOC-0085-02,MC-0085,AUTHORIZED_CONTACT_LIST,true,COMPLETE,EV-0085-DOC-02
DOC-0086-01,MC-0086,MIGRATION_ENROLMENT,true,COMPLETE,EV-0086-DOC-01
DOC-0086-02,MC-0086,AUTHORIZED_CONTACT_LIST,true,COMPLETE,EV-0086-DOC-02
DOC-0087-01,MC-0087,MIGRATION_ENROLMENT,true,COMPLETE,EV-0087-DOC-01
DOC-0087-02,MC-0087,AUTHORIZED_CONTACT_LIST,true,COMPLETE,EV-0087-DOC-02
DOC-0088-01,MC-0088,MIGRATION_ENROLMENT,true,COMPLETE,EV-0088-DOC-01
DOC-0088-02,MC-0088,AUTHORIZED_CONTACT_LIST,true,COMPLETE,EV-0088-DOC-02
DOC-0089-01,MC-0089,MIGRATION_ENROLMENT,true,COMPLETE,EV-0089-DOC-01
DOC-0089-02,MC-0089,AUTHORIZED_CONTACT_LIST,true,COMPLETE,EV-0089-DOC-02
DOC-0090-01,MC-0090,MIGRATION_ENROLMENT,true,COMPLETE,EV-0090-DOC-01
DOC-0090-02,MC-0090,AUTHORIZED_CONTACT_LIST,true,COMPLETE,EV-0090-DOC-02
DOC-0091-01,MC-0091,MIGRATION_ENROLMENT,true,COMPLETE,EV-0091-DOC-01
DOC-0091-02,MC-0091,AUTHORIZED_CONTACT_LIST,true,COMPLETE,EV-0091-DOC-02
DOC-0092-01,MC-0092,MIGRATION_ENROLMENT,true,COMPLETE,EV-0092-DOC-01
DOC-0092-02,MC-0092,AUTHORIZED_CONTACT_LIST,true,COMPLETE,EV-0092-DOC-02
DOC-0093-01,MC-0093,MIGRATION_ENROLMENT,true,COMPLETE,EV-0093-DOC-01
DOC-0093-02,MC-0093,AUTHORIZED_CONTACT_LIST,true,COMPLETE,EV-0093-DOC-02
DOC-0094-01,MC-0094,MIGRATION_ENROLMENT,true,COMPLETE,EV-0094-DOC-01
DOC-0094-02,MC-0094,AUTHORIZED_CONTACT_LIST,true,COMPLETE,EV-0094-DOC-02
DOC-0095-01,MC-0095,MIGRATION_ENROLMENT,true,COMPLETE,EV-0095-DOC-01
DOC-0095-02,MC-0095,AUTHORIZED_CONTACT_LIST,true,COMPLETE,EV-0095-DOC-02
DOC-0096-01,MC-0096,MIGRATION_ENROLMENT,true,COMPLETE,EV-0096-DOC-01
DOC-0096-02,MC-0096,AUTHORIZED_CONTACT_LIST,true,COMPLETE,EV-0096-DOC-02
DOC-0097-01,MC-0097,MIGRATION_ENROLMENT,true,COMPLETE,EV-0097-DOC-01
DOC-0097-02,MC-0097,AUTHORIZED_CONTACT_LIST,true,COMPLETE,EV-0097-DOC-02
DOC-0098-01,MC-0098,MIGRATION_ENROLMENT,true,COMPLETE,EV-0098-DOC-01
DOC-0098-02,MC-0098,AUTHORIZED_CONTACT_LIST,true,COMPLETE,EV-0098-DOC-02
DOC-0099-01,MC-0099,MIGRATION_ENROLMENT,true,COMPLETE,EV-0099-DOC-01
DOC-0099-02,MC-0099,AUTHORIZED_CONTACT_LIST,true,COMPLETE,EV-0099-DOC-02
DOC-0100-01,MC-0100,MIGRATION_ENROLMENT,true,COMPLETE,EV-0100-DOC-01
DOC-0100-02,MC-0100,AUTHORIZED_CONTACT_LIST,true,COMPLETE,EV-0100-DOC-02
DOC-0101-01,MC-0101,MIGRATION_ENROLMENT,true,COMPLETE,EV-0101-DOC-01
DOC-0101-02,MC-0101,AUTHORIZED_CONTACT_LIST,true,COMPLETE,EV-0101-DOC-02
DOC-0102-01,MC-0102,MIGRATION_ENROLMENT,true,COMPLETE,EV-0102-DOC-01
DOC-0102-02,MC-0102,AUTHORIZED_CONTACT_LIST,true,COMPLETE,EV-0102-DOC-02
DOC-0103-01,MC-0103,MIGRATION_ENROLMENT,true,COMPLETE,EV-0103-DOC-01
DOC-0103-02,MC-0103,AUTHORIZED_CONTACT_LIST,true,COMPLETE,EV-0103-DOC-02
DOC-0104-01,MC-0104,MIGRATION_ENROLMENT,true,COMPLETE,EV-0104-DOC-01
DOC-0104-02,MC-0104,AUTHORIZED_CONTACT_LIST,true,COMPLETE,EV-0104-DOC-02
DOC-0105-01,MC-0105,MIGRATION_ENROLMENT,true,COMPLETE,EV-0105-DOC-01
DOC-0105-02,MC-0105,AUTHORIZED_CONTACT_LIST,true,COMPLETE,EV-0105-DOC-02
DOC-0106-01,MC-0106,MIGRATION_ENROLMENT,true,COMPLETE,EV-0106-DOC-01
DOC-0106-02,MC-0106,AUTHORIZED_CONTACT_LIST,true,COMPLETE,EV-0106-DOC-02
DOC-0107-01,MC-0107,MIGRATION_ENROLMENT,true,COMPLETE,EV-0107-DOC-01
DOC-0107-02,MC-0107,AUTHORIZED_CONTACT_LIST,true,COMPLETE,EV-0107-DOC-02
DOC-0108-01,MC-0108,MIGRATION_ENROLMENT,true,COMPLETE,EV-0108-DOC-01
DOC-0108-02,MC-0108,AUTHORIZED_CONTACT_LIST,true,COMPLETE,EV-0108-DOC-02
DOC-0109-01,MC-0109,MIGRATION_ENROLMENT,true,COMPLETE,EV-0109-DOC-01
DOC-0109-02,MC-0109,AUTHORIZED_CONTACT_LIST,true,COMPLETE,EV-0109-DOC-02
DOC-0110-01,MC-0110,MIGRATION_ENROLMENT,true,COMPLETE,EV-0110-DOC-01
DOC-0110-02,MC-0110,AUTHORIZED_CONTACT_LIST,true,COMPLETE,EV-0110-DOC-02
DOC-0111-01,MC-0111,MIGRATION_ENROLMENT,true,COMPLETE,EV-0111-DOC-01
DOC-0111-02,MC-0111,AUTHORIZED_CONTACT_LIST,true,COMPLETE,EV-0111-DOC-02
DOC-0112-01,MC-0112,MIGRATION_ENROLMENT,true,COMPLETE,EV-0112-DOC-01
DOC-0112-02,MC-0112,AUTHORIZED_CONTACT_LIST,true,COMPLETE,EV-0112-DOC-02
DOC-0113-01,MC-0113,MIGRATION_ENROLMENT,true,COMPLETE,EV-0113-DOC-01
DOC-0113-02,MC-0113,AUTHORIZED_CONTACT_LIST,true,COMPLETE,EV-0113-DOC-02
DOC-0114-01,MC-0114,MIGRATION_ENROLMENT,true,COMPLETE,EV-0114-DOC-01
DOC-0114-02,MC-0114,AUTHORIZED_CONTACT_LIST,true,COMPLETE,EV-0114-DOC-02
DOC-0115-01,MC-0115,MIGRATION_ENROLMENT,true,COMPLETE,EV-0115-DOC-01
DOC-0115-02,MC-0115,AUTHORIZED_CONTACT_LIST,true,COMPLETE,EV-0115-DOC-02
DOC-0116-01,MC-0116,MIGRATION_ENROLMENT,true,COMPLETE,EV-0116-DOC-01
DOC-0116-02,MC-0116,AUTHORIZED_CONTACT_LIST,true,COMPLETE,EV-0116-DOC-02
DOC-0117-01,MC-0117,MIGRATION_ENROLMENT,true,COMPLETE,EV-0117-DOC-01
DOC-0117-02,MC-0117,AUTHORIZED_CONTACT_LIST,true,COMPLETE,EV-0117-DOC-02
DOC-0118-01,MC-0118,MIGRATION_ENROLMENT,true,COMPLETE,EV-0118-DOC-01
DOC-0118-02,MC-0118,AUTHORIZED_CONTACT_LIST,true,COMPLETE,EV-0118-DOC-02
DOC-0119-01,MC-0119,MIGRATION_ENROLMENT,true,COMPLETE,EV-0119-DOC-01
DOC-0119-02,MC-0119,AUTHORIZED_CONTACT_LIST,true,COMPLETE,EV-0119-DOC-02
DOC-0120-01,MC-0120,MIGRATION_ENROLMENT,true,COMPLETE,EV-0120-DOC-01
DOC-0120-02,MC-0120,AUTHORIZED_CONTACT_LIST,true,COMPLETE,EV-0120-DOC-02
DOC-0121-01,MC-0121,MIGRATION_ENROLMENT,true,COMPLETE,EV-0121-DOC-01
DOC-0121-02,MC-0121,AUTHORIZED_CONTACT_LIST,true,COMPLETE,EV-0121-DOC-02
DOC-0122-01,MC-0122,MIGRATION_ENROLMENT,true,COMPLETE,EV-0122-DOC-01
DOC-0122-02,MC-0122,AUTHORIZED_CONTACT_LIST,true,COMPLETE,EV-0122-DOC-02
DOC-0123-01,MC-0123,MIGRATION_ENROLMENT,true,COMPLETE,EV-0123-DOC-01
DOC-0123-02,MC-0123,AUTHORIZED_CONTACT_LIST,true,COMPLETE,EV-0123-DOC-02
DOC-0124-01,MC-0124,MIGRATION_ENROLMENT,true,COMPLETE,EV-0124-DOC-01
DOC-0124-02,MC-0124,AUTHORIZED_CONTACT_LIST,true,COMPLETE,EV-0124-DOC-02
DOC-0125-01,MC-0125,MIGRATION_ENROLMENT,true,COMPLETE,EV-0125-DOC-01
DOC-0125-02,MC-0125,AUTHORIZED_CONTACT_LIST,true,COMPLETE,EV-0125-DOC-02
DOC-0126-01,MC-0126,MIGRATION_ENROLMENT,true,COMPLETE,EV-0126-DOC-01
DOC-0126-02,MC-0126,AUTHORIZED_CONTACT_LIST,true,COMPLETE,EV-0126-DOC-02
DOC-0127-01,MC-0127,MIGRATION_ENROLMENT,true,COMPLETE,EV-0127-DOC-01
DOC-0127-02,MC-0127,AUTHORIZED_CONTACT_LIST,true,COMPLETE,EV-0127-DOC-02
DOC-0128-01,MC-0128,MIGRATION_ENROLMENT,true,COMPLETE,EV-0128-DOC-01
DOC-0128-02,MC-0128,AUTHORIZED_CONTACT_LIST,true,COMPLETE,EV-0128-DOC-02
DOC-0129-01,MC-0129,MIGRATION_ENROLMENT,true,COMPLETE,EV-0129-DOC-01
DOC-0129-02,MC-0129,AUTHORIZED_CONTACT_LIST,true,COMPLETE,EV-0129-DOC-02
DOC-0130-01,MC-0130,MIGRATION_ENROLMENT,true,COMPLETE,EV-0130-DOC-01
DOC-0130-02,MC-0130,AUTHORIZED_CONTACT_LIST,true,COMPLETE,EV-0130-DOC-02
DOC-0131-01,MC-0131,MIGRATION_ENROLMENT,true,COMPLETE,EV-0131-DOC-01
DOC-0131-02,MC-0131,AUTHORIZED_CONTACT_LIST,true,COMPLETE,EV-0131-DOC-02
DOC-0132-01,MC-0132,MIGRATION_ENROLMENT,true,COMPLETE,EV-0132-DOC-01
DOC-0132-02,MC-0132,AUTHORIZED_CONTACT_LIST,true,COMPLETE,EV-0132-DOC-02
DOC-0133-01,MC-0133,MIGRATION_ENROLMENT,true,COMPLETE,EV-0133-DOC-01
DOC-0133-02,MC-0133,AUTHORIZED_CONTACT_LIST,true,COMPLETE,EV-0133-DOC-02
DOC-0134-01,MC-0134,MIGRATION_ENROLMENT,true,COMPLETE,EV-0134-DOC-01
DOC-0134-02,MC-0134,AUTHORIZED_CONTACT_LIST,true,COMPLETE,EV-0134-DOC-02
DOC-0135-01,MC-0135,MIGRATION_ENROLMENT,true,COMPLETE,EV-0135-DOC-01
DOC-0135-02,MC-0135,AUTHORIZED_CONTACT_LIST,true,COMPLETE,EV-0135-DOC-02
DOC-0136-01,MC-0136,MIGRATION_ENROLMENT,true,COMPLETE,EV-0136-DOC-01
DOC-0136-02,MC-0136,AUTHORIZED_CONTACT_LIST,true,COMPLETE,EV-0136-DOC-02
DOC-0137-01,MC-0137,MIGRATION_ENROLMENT,true,COMPLETE,EV-0137-DOC-01
DOC-0137-02,MC-0137,AUTHORIZED_CONTACT_LIST,true,COMPLETE,EV-0137-DOC-02
DOC-0138-01,MC-0138,MIGRATION_ENROLMENT,true,COMPLETE,EV-0138-DOC-01
DOC-0138-02,MC-0138,AUTHORIZED_CONTACT_LIST,true,COMPLETE,EV-0138-DOC-02
DOC-0139-01,MC-0139,MIGRATION_ENROLMENT,true,COMPLETE,EV-0139-DOC-01
DOC-0139-02,MC-0139,AUTHORIZED_CONTACT_LIST,true,COMPLETE,EV-0139-DOC-02
DOC-0140-01,MC-0140,MIGRATION_ENROLMENT,true,COMPLETE,EV-0140-DOC-01
DOC-0140-02,MC-0140,AUTHORIZED_CONTACT_LIST,true,COMPLETE,EV-0140-DOC-02
DOC-0141-01,MC-0141,MIGRATION_ENROLMENT,true,COMPLETE,EV-0141-DOC-01
DOC-0141-02,MC-0141,AUTHORIZED_CONTACT_LIST,true,COMPLETE,EV-0141-DOC-02
DOC-0142-01,MC-0142,MIGRATION_ENROLMENT,true,COMPLETE,EV-0142-DOC-01
DOC-0142-02,MC-0142,AUTHORIZED_CONTACT_LIST,true,COMPLETE,EV-0142-DOC-02
DOC-0143-01,MC-0143,MIGRATION_ENROLMENT,true,COMPLETE,EV-0143-DOC-01
DOC-0143-02,MC-0143,AUTHORIZED_CONTACT_LIST,true,COMPLETE,EV-0143-DOC-02
DOC-0144-01,MC-0144,MIGRATION_ENROLMENT,true,COMPLETE,EV-0144-DOC-01
DOC-0144-02,MC-0144,AUTHORIZED_CONTACT_LIST,true,COMPLETE,EV-0144-DOC-02
DOC-0145-01,MC-0145,MIGRATION_ENROLMENT,true,COMPLETE,EV-0145-DOC-01
DOC-0145-02,MC-0145,AUTHORIZED_CONTACT_LIST,true,COMPLETE,EV-0145-DOC-02
DOC-0146-01,MC-0146,MIGRATION_ENROLMENT,true,COMPLETE,EV-0146-DOC-01
DOC-0146-02,MC-0146,AUTHORIZED_CONTACT_LIST,true,COMPLETE,EV-0146-DOC-02
DOC-0147-01,MC-0147,MIGRATION_ENROLMENT,true,COMPLETE,EV-0147-DOC-01
DOC-0147-02,MC-0147,AUTHORIZED_CONTACT_LIST,true,COMPLETE,EV-0147-DOC-02
DOC-0148-01,MC-0148,MIGRATION_ENROLMENT,true,COMPLETE,EV-0148-DOC-01
DOC-0148-02,MC-0148,AUTHORIZED_CONTACT_LIST,true,COMPLETE,EV-0148-DOC-02
DOC-0149-01,MC-0149,MIGRATION_ENROLMENT,true,COMPLETE,EV-0149-DOC-01
DOC-0149-02,MC-0149,AUTHORIZED_CONTACT_LIST,true,COMPLETE,EV-0149-DOC-02
DOC-0150-01,MC-0150,MIGRATION_ENROLMENT,true,COMPLETE,EV-0150-DOC-01
DOC-0150-02,MC-0150,AUTHORIZED_CONTACT_LIST,true,COMPLETE,EV-0150-DOC-02
DOC-0151-01,MC-0151,MIGRATION_ENROLMENT,true,COMPLETE,EV-0151-DOC-01
DOC-0151-02,MC-0151,AUTHORIZED_CONTACT_LIST,true,COMPLETE,EV-0151-DOC-02
DOC-0152-01,MC-0152,MIGRATION_ENROLMENT,true,COMPLETE,EV-0152-DOC-01
DOC-0152-02,MC-0152,AUTHORIZED_CONTACT_LIST,true,COMPLETE,EV-0152-DOC-02
DOC-0153-01,MC-0153,MIGRATION_ENROLMENT,true,COMPLETE,EV-0153-DOC-01
DOC-0153-02,MC-0153,AUTHORIZED_CONTACT_LIST,true,COMPLETE,EV-0153-DOC-02
DOC-0154-01,MC-0154,MIGRATION_ENROLMENT,true,COMPLETE,EV-0154-DOC-01
DOC-0154-02,MC-0154,AUTHORIZED_CONTACT_LIST,true,COMPLETE,EV-0154-DOC-02
DOC-0155-01,MC-0155,MIGRATION_ENROLMENT,true,COMPLETE,EV-0155-DOC-01
DOC-0155-02,MC-0155,AUTHORIZED_CONTACT_LIST,true,COMPLETE,EV-0155-DOC-02
DOC-0156-01,MC-0156,MIGRATION_ENROLMENT,true,COMPLETE,EV-0156-DOC-01
DOC-0156-02,MC-0156,AUTHORIZED_CONTACT_LIST,true,COMPLETE,EV-0156-DOC-02
DOC-0157-01,MC-0157,MIGRATION_ENROLMENT,true,COMPLETE,EV-0157-DOC-01
DOC-0157-02,MC-0157,AUTHORIZED_CONTACT_LIST,true,COMPLETE,EV-0157-DOC-02
DOC-0158-01,MC-0158,MIGRATION_ENROLMENT,true,COMPLETE,EV-0158-DOC-01
DOC-0158-02,MC-0158,AUTHORIZED_CONTACT_LIST,true,COMPLETE,EV-0158-DOC-02
DOC-0159-01,MC-0159,MIGRATION_ENROLMENT,true,COMPLETE,EV-0159-DOC-01
DOC-0159-02,MC-0159,AUTHORIZED_CONTACT_LIST,true,COMPLETE,EV-0159-DOC-02
DOC-0160-01,MC-0160,MIGRATION_ENROLMENT,true,COMPLETE,EV-0160-DOC-01
DOC-0160-02,MC-0160,AUTHORIZED_CONTACT_LIST,true,COMPLETE,EV-0160-DOC-02
DOC-0161-01,MC-0161,MIGRATION_ENROLMENT,true,COMPLETE,EV-0161-DOC-01
DOC-0161-02,MC-0161,AUTHORIZED_CONTACT_LIST,true,COMPLETE,EV-0161-DOC-02
DOC-0162-01,MC-0162,MIGRATION_ENROLMENT,true,COMPLETE,EV-0162-DOC-01
DOC-0162-02,MC-0162,AUTHORIZED_CONTACT_LIST,true,COMPLETE,EV-0162-DOC-02
DOC-0163-01,MC-0163,MIGRATION_ENROLMENT,true,COMPLETE,EV-0163-DOC-01
DOC-0163-02,MC-0163,AUTHORIZED_CONTACT_LIST,true,COMPLETE,EV-0163-DOC-02
DOC-0164-01,MC-0164,MIGRATION_ENROLMENT,true,COMPLETE,EV-0164-DOC-01
DOC-0164-02,MC-0164,AUTHORIZED_CONTACT_LIST,true,COMPLETE,EV-0164-DOC-02
DOC-0165-01,MC-0165,MIGRATION_ENROLMENT,true,COMPLETE,EV-0165-DOC-01
DOC-0165-02,MC-0165,AUTHORIZED_CONTACT_LIST,true,COMPLETE,EV-0165-DOC-02
DOC-0166-01,MC-0166,MIGRATION_ENROLMENT,true,COMPLETE,EV-0166-DOC-01
DOC-0166-02,MC-0166,AUTHORIZED_CONTACT_LIST,true,COMPLETE,EV-0166-DOC-02
DOC-0167-01,MC-0167,MIGRATION_ENROLMENT,true,COMPLETE,EV-0167-DOC-01
DOC-0167-02,MC-0167,AUTHORIZED_CONTACT_LIST,true,COMPLETE,EV-0167-DOC-02
DOC-0168-01,MC-0168,MIGRATION_ENROLMENT,true,COMPLETE,EV-0168-DOC-01
DOC-0168-02,MC-0168,AUTHORIZED_CONTACT_LIST,true,COMPLETE,EV-0168-DOC-02
DOC-0169-01,MC-0169,MIGRATION_ENROLMENT,true,COMPLETE,EV-0169-DOC-01
DOC-0169-02,MC-0169,AUTHORIZED_CONTACT_LIST,true,COMPLETE,EV-0169-DOC-02
DOC-0170-01,MC-0170,MIGRATION_ENROLMENT,true,COMPLETE,EV-0170-DOC-01
DOC-0170-02,MC-0170,AUTHORIZED_CONTACT_LIST,true,COMPLETE,EV-0170-DOC-02
DOC-0171-01,MC-0171,MIGRATION_ENROLMENT,true,COMPLETE,EV-0171-DOC-01
DOC-0171-02,MC-0171,AUTHORIZED_CONTACT_LIST,true,COMPLETE,EV-0171-DOC-02
DOC-0172-01,MC-0172,MIGRATION_ENROLMENT,true,COMPLETE,EV-0172-DOC-01
DOC-0172-02,MC-0172,AUTHORIZED_CONTACT_LIST,true,COMPLETE,EV-0172-DOC-02
DOC-0173-01,MC-0173,MIGRATION_ENROLMENT,true,COMPLETE,EV-0173-DOC-01
DOC-0173-02,MC-0173,AUTHORIZED_CONTACT_LIST,true,COMPLETE,EV-0173-DOC-02
DOC-0174-01,MC-0174,MIGRATION_ENROLMENT,true,COMPLETE,EV-0174-DOC-01
DOC-0174-02,MC-0174,AUTHORIZED_CONTACT_LIST,true,COMPLETE,EV-0174-DOC-02
DOC-0175-01,MC-0175,MIGRATION_ENROLMENT,true,COMPLETE,EV-0175-DOC-01
DOC-0175-02,MC-0175,AUTHORIZED_CONTACT_LIST,true,COMPLETE,EV-0175-DOC-02
DOC-0176-01,MC-0176,MIGRATION_ENROLMENT,true,COMPLETE,EV-0176-DOC-01
DOC-0176-02,MC-0176,AUTHORIZED_CONTACT_LIST,true,COMPLETE,EV-0176-DOC-02
DOC-0177-01,MC-0177,MIGRATION_ENROLMENT,true,COMPLETE,EV-0177-DOC-01
DOC-0177-02,MC-0177,AUTHORIZED_CONTACT_LIST,true,COMPLETE,EV-0177-DOC-02
DOC-0178-01,MC-0178,MIGRATION_ENROLMENT,true,COMPLETE,EV-0178-DOC-01
DOC-0178-02,MC-0178,AUTHORIZED_CONTACT_LIST,true,COMPLETE,EV-0178-DOC-02
DOC-0179-01,MC-0179,MIGRATION_ENROLMENT,true,COMPLETE,EV-0179-DOC-01
DOC-0179-02,MC-0179,AUTHORIZED_CONTACT_LIST,true,COMPLETE,EV-0179-DOC-02
DOC-0180-01,MC-0180,MIGRATION_ENROLMENT,true,COMPLETE,EV-0180-DOC-01
DOC-0180-02,MC-0180,AUTHORIZED_CONTACT_LIST,true,COMPLETE,EV-0180-DOC-02
DOC-0181-01,MC-0181,MIGRATION_ENROLMENT,true,COMPLETE,EV-0181-DOC-01
DOC-0181-02,MC-0181,AUTHORIZED_CONTACT_LIST,true,COMPLETE,EV-0181-DOC-02
DOC-0182-01,MC-0182,MIGRATION_ENROLMENT,true,COMPLETE,EV-0182-DOC-01
DOC-0182-02,MC-0182,AUTHORIZED_CONTACT_LIST,true,COMPLETE,EV-0182-DOC-02
DOC-0183-01,MC-0183,MIGRATION_ENROLMENT,true,COMPLETE,EV-0183-DOC-01
DOC-0183-02,MC-0183,AUTHORIZED_CONTACT_LIST,true,COMPLETE,EV-0183-DOC-02
DOC-0184-01,MC-0184,MIGRATION_ENROLMENT,true,COMPLETE,EV-0184-DOC-01
DOC-0184-02,MC-0184,AUTHORIZED_CONTACT_LIST,true,COMPLETE,EV-0184-DOC-02
DOC-0185-01,MC-0185,MIGRATION_ENROLMENT,true,COMPLETE,EV-0185-DOC-01
DOC-0185-02,MC-0185,AUTHORIZED_CONTACT_LIST,true,COMPLETE,EV-0185-DOC-02
DOC-0186-01,MC-0186,MIGRATION_ENROLMENT,true,COMPLETE,EV-0186-DOC-01
DOC-0186-02,MC-0186,AUTHORIZED_CONTACT_LIST,true,COMPLETE,EV-0186-DOC-02
DOC-0187-01,MC-0187,MIGRATION_ENROLMENT,true,COMPLETE,EV-0187-DOC-01
DOC-0187-02,MC-0187,AUTHORIZED_CONTACT_LIST,true,COMPLETE,EV-0187-DOC-02
DOC-0188-01,MC-0188,MIGRATION_ENROLMENT,true,COMPLETE,EV-0188-DOC-01
DOC-0188-02,MC-0188,AUTHORIZED_CONTACT_LIST,true,COMPLETE,EV-0188-DOC-02
DOC-0189-01,MC-0189,MIGRATION_ENROLMENT,true,COMPLETE,EV-0189-DOC-01
DOC-0189-02,MC-0189,AUTHORIZED_CONTACT_LIST,true,COMPLETE,EV-0189-DOC-02
DOC-0190-01,MC-0190,MIGRATION_ENROLMENT,true,COMPLETE,EV-0190-DOC-01
DOC-0190-02,MC-0190,AUTHORIZED_CONTACT_LIST,true,COMPLETE,EV-0190-DOC-02
DOC-0191-01,MC-0191,MIGRATION_ENROLMENT,true,COMPLETE,EV-0191-DOC-01
DOC-0191-02,MC-0191,AUTHORIZED_CONTACT_LIST,true,COMPLETE,EV-0191-DOC-02
DOC-0192-01,MC-0192,MIGRATION_ENROLMENT,true,COMPLETE,EV-0192-DOC-01
DOC-0192-02,MC-0192,AUTHORIZED_CONTACT_LIST,true,COMPLETE,EV-0192-DOC-02
DOC-0193-01,MC-0193,MIGRATION_ENROLMENT,true,COMPLETE,EV-0193-DOC-01
DOC-0193-02,MC-0193,AUTHORIZED_CONTACT_LIST,true,COMPLETE,EV-0193-DOC-02
DOC-0194-01,MC-0194,MIGRATION_ENROLMENT,true,COMPLETE,EV-0194-DOC-01
DOC-0194-02,MC-0194,AUTHORIZED_CONTACT_LIST,true,COMPLETE,EV-0194-DOC-02
DOC-0195-01,MC-0195,MIGRATION_ENROLMENT,true,COMPLETE,EV-0195-DOC-01
DOC-0195-02,MC-0195,AUTHORIZED_CONTACT_LIST,true,COMPLETE,EV-0195-DOC-02
DOC-0196-01,MC-0196,MIGRATION_ENROLMENT,true,COMPLETE,EV-0196-DOC-01
DOC-0196-02,MC-0196,AUTHORIZED_CONTACT_LIST,true,COMPLETE,EV-0196-DOC-02
DOC-0197-01,MC-0197,MIGRATION_ENROLMENT,true,COMPLETE,EV-0197-DOC-01
DOC-0197-02,MC-0197,AUTHORIZED_CONTACT_LIST,true,COMPLETE,EV-0197-DOC-02
DOC-0198-01,MC-0198,MIGRATION_ENROLMENT,true,COMPLETE,EV-0198-DOC-01
DOC-0198-02,MC-0198,AUTHORIZED_CONTACT_LIST,true,COMPLETE,EV-0198-DOC-02
DOC-0199-01,MC-0199,MIGRATION_ENROLMENT,true,COMPLETE,EV-0199-DOC-01
DOC-0199-02,MC-0199,AUTHORIZED_CONTACT_LIST,true,COMPLETE,EV-0199-DOC-02
DOC-0200-01,MC-0200,MIGRATION_ENROLMENT,true,COMPLETE,EV-0200-DOC-01
DOC-0200-02,MC-0200,AUTHORIZED_CONTACT_LIST,true,COMPLETE,EV-0200-DOC-02
