evidence_id,case_id,evidence_type,source_artifact_id,observed_at,assertion,structured_value,freshness_status
EV-0001-DOC-01,MC-0001,DOCUMENT,SYN-DOC-0001-01,2026-08-19,DOCUMENT_COMPLETE,MIGRATION_ENROLMENT,CURRENT
EV-0001-DOC-02,MC-0001,DOCUMENT,SYN-DOC-0001-02,2026-08-18,DOCUMENT_COMPLETE,AUTHORIZED_CONTACT_LIST,CURRENT
EV-0001-UAT,MC-0001,TEST_RESULT,SYN-UAT-0001,2026-08-25,PLANNED,defect_count=0,CURRENT
EV-0001-CORR,MC-0001,CORRESPONDENCE,CORR-0001,2026-08-19,IN_PROGRESS,asserted_state=IN_PROGRESS,CURRENT
EV-0002-DOC-01,MC-0002,DOCUMENT,SYN-DOC-0002-01,2026-08-19,DOCUMENT_COMPLETE,MIGRATION_ENROLMENT,CURRENT
EV-0002-DOC-02,MC-0002,DOCUMENT,SYN-DOC-0002-02,2026-08-18,DOCUMENT_COMPLETE,AUTHORIZED_CONTACT_LIST,CURRENT
EV-0002-UAT,MC-0002,TEST_RESULT,SYN-UAT-0002,2026-08-25,PLANNED,defect_count=0,CURRENT
EV-0002-CORR,MC-0002,CORRESPONDENCE,CORR-0002,2026-08-18,IN_PROGRESS,asserted_state=IN_PROGRESS,CURRENT
EV-0003-DOC-01,MC-0003,DOCUMENT,SYN-DOC-0003-01,2026-08-19,DOCUMENT_COMPLETE,MIGRATION_ENROLMENT,CURRENT
EV-0003-DOC-02,MC-0003,DOCUMENT,SYN-DOC-0003-02,2026-08-18,DOCUMENT_COMPLETE,AUTHORIZED_CONTACT_LIST,CURRENT
EV-0003-UAT,MC-0003,TEST_RESULT,SYN-UAT-0003,2026-08-25,PLANNED,defect_count=0,CURRENT
EV-0003-CORR,MC-0003,CORRESPONDENCE,CORR-0003,2026-08-23,IN_PROGRESS,asserted_state=IN_PROGRESS,CURRENT
EV-0004-DOC-01,MC-0004,DOCUMENT,SYN-DOC-0004-01,2026-08-19,DOCUMENT_COMPLETE,MIGRATION_ENROLMENT,CURRENT
EV-0004-DOC-02,MC-0004,DOCUMENT,SYN-DOC-0004-02,2026-08-18,DOCUMENT_COMPLETE,AUTHORIZED_CONTACT_LIST,CURRENT
EV-0004-UAT,MC-0004,TEST_RESULT,SYN-UAT-0004,2026-08-25,FAILED,defect_count=3,CURRENT
EV-0004-CORR,MC-0004,CORRESPONDENCE,CORR-0004,2026-08-18,READY,asserted_state=READY,CURRENT
EV-0005-DOC-01,MC-0005,DOCUMENT,SYN-DOC-0005-01,2026-08-19,DOCUMENT_COMPLETE,MIGRATION_ENROLMENT,CURRENT
EV-0005-DOC-02,MC-0005,DOCUMENT,SYN-DOC-0005-02,2026-08-18,DOCUMENT_COMPLETE,AUTHORIZED_CONTACT_LIST,CURRENT
EV-0005-UAT,MC-0005,TEST_RESULT,SYN-UAT-0005,2026-08-25,PASSED,defect_count=0,CURRENT
EV-0005-CORR,MC-0005,CORRESPONDENCE,CORR-0005,2026-08-23,READY,asserted_state=READY,CURRENT
EV-0006-DOC-01,MC-0006,DOCUMENT,SYN-DOC-0006-01,2026-08-19,DOCUMENT_COMPLETE,MIGRATION_ENROLMENT,CURRENT
EV-0006-DOC-02,MC-0006,DOCUMENT,SYN-DOC-0006-02,2026-08-18,DOCUMENT_COMPLETE,AUTHORIZED_CONTACT_LIST,CURRENT
EV-0006-UAT,MC-0006,TEST_RESULT,SYN-UAT-0006,2026-08-25,PASSED,defect_count=0,CURRENT
EV-0006-CORR,MC-0006,CORRESPONDENCE,CORR-0006,2026-08-21,READY,asserted_state=READY,CURRENT
EV-0007-DOC-01,MC-0007,DOCUMENT,SYN-DOC-0007-01,2026-08-19,DOCUMENT_COMPLETE,MIGRATION_ENROLMENT,CURRENT
EV-0007-DOC-02,MC-0007,DOCUMENT,SYN-DOC-0007-02,2026-08-18,DOCUMENT_COMPLETE,AUTHORIZED_CONTACT_LIST,CURRENT
EV-0007-UAT,MC-0007,TEST_RESULT,SYN-UAT-0007,2026-08-25,PLANNED,defect_count=0,CURRENT
EV-0007-CORR,MC-0007,CORRESPONDENCE,CORR-0007,2026-08-25,IN_PROGRESS,asserted_state=IN_PROGRESS,CURRENT
EV-0008-DOC-01,MC-0008,DOCUMENT,SYN-DOC-0008-01,2026-08-19,DOCUMENT_COMPLETE,MIGRATION_ENROLMENT,CURRENT
EV-0008-DOC-02,MC-0008,DOCUMENT,SYN-DOC-0008-02,2026-08-18,DOCUMENT_COMPLETE,AUTHORIZED_CONTACT_LIST,CURRENT
EV-0008-UAT,MC-0008,TEST_RESULT,SYN-UAT-0008,2026-08-25,PASSED,defect_count=0,CURRENT
EV-0008-CORR,MC-0008,CORRESPONDENCE,CORR-0008,2026-07-14,READY,asserted_state=READY,STALE
EV-0009-DOC-01,MC-0009,DOCUMENT,SYN-DOC-0009-01,2026-08-19,DOCUMENT_COMPLETE,MIGRATION_ENROLMENT,CURRENT
EV-0009-DOC-02,MC-0009,DOCUMENT,SYN-DOC-0009-02,2026-08-18,DOCUMENT_COMPLETE,AUTHORIZED_CONTACT_LIST,CURRENT
EV-0009-UAT,MC-0009,TEST_RESULT,SYN-UAT-0009,2026-08-25,PASSED,defect_count=0,CURRENT
EV-0009-CORR,MC-0009,CORRESPONDENCE,CORR-0009,2026-08-22,READY,asserted_state=READY,CURRENT
EV-0010-DOC-01,MC-0010,DOCUMENT,SYN-DOC-0010-01,2026-08-19,DOCUMENT_COMPLETE,MIGRATION_ENROLMENT,CURRENT
EV-0010-DOC-02,MC-0010,DOCUMENT,SYN-DOC-0010-02,2026-08-18,DOCUMENT_COMPLETE,AUTHORIZED_CONTACT_LIST,CURRENT
EV-0010-UAT,MC-0010,TEST_RESULT,SYN-UAT-0010,2026-08-25,PASSED,defect_count=0,CURRENT
EV-0010-CORR,MC-0010,CORRESPONDENCE,CORR-0010,2026-08-24,READY,asserted_state=READY,CURRENT
EV-0011-DOC-01,MC-0011,DOCUMENT,SYN-DOC-0011-01,2026-08-19,DOCUMENT_COMPLETE,MIGRATION_ENROLMENT,CURRENT
EV-0011-DOC-02,MC-0011,DOCUMENT,SYN-DOC-0011-02,2026-08-18,DOCUMENT_COMPLETE,AUTHORIZED_CONTACT_LIST,CURRENT
EV-0011-UAT,MC-0011,TEST_RESULT,SYN-UAT-0011,2026-08-25,PLANNED,defect_count=0,CURRENT
EV-0011-CORR,MC-0011,CORRESPONDENCE,CORR-0011,2026-08-26,IN_PROGRESS,asserted_state=IN_PROGRESS,CURRENT
EV-0012-DOC-01,MC-0012,DOCUMENT,SYN-DOC-0012-01,2026-08-19,DOCUMENT_COMPLETE,MIGRATION_ENROLMENT,CURRENT
EV-0012-DOC-02,MC-0012,DOCUMENT,SYN-DOC-0012-02,2026-08-18,DOCUMENT_COMPLETE,AUTHORIZED_CONTACT_LIST,CURRENT
EV-0012-UAT,MC-0012,TEST_RESULT,SYN-UAT-0012,2026-08-25,PLANNED,defect_count=0,CURRENT
EV-0012-CORR,MC-0012,CORRESPONDENCE,CORR-0012,2026-08-18,IN_PROGRESS,asserted_state=IN_PROGRESS,CURRENT
EV-0013-DOC-01,MC-0013,DOCUMENT,SYN-DOC-0013-01,2026-08-19,DOCUMENT_COMPLETE,MIGRATION_ENROLMENT,CURRENT
EV-0013-DOC-02,MC-0013,DOCUMENT,SYN-DOC-0013-02,2026-08-18,DOCUMENT_COMPLETE,AUTHORIZED_CONTACT_LIST,CURRENT
EV-0013-UAT,MC-0013,TEST_RESULT,SYN-UAT-0013,2026-08-25,PLANNED,defect_count=0,CURRENT
EV-0013-CORR,MC-0013,CORRESPONDENCE,CORR-0013,2026-08-20,IN_PROGRESS,asserted_state=IN_PROGRESS,CURRENT
EV-0014-DOC-01,MC-0014,DOCUMENT,SYN-DOC-0014-01,2026-08-19,DOCUMENT_COMPLETE,MIGRATION_ENROLMENT,CURRENT
EV-0014-DOC-02,MC-0014,DOCUMENT,SYN-DOC-0014-02,2026-08-18,DOCUMENT_COMPLETE,AUTHORIZED_CONTACT_LIST,CURRENT
EV-0014-UAT,MC-0014,TEST_RESULT,SYN-UAT-0014,2026-08-25,PASSED,defect_count=0,CURRENT
EV-0014-CORR,MC-0014,CORRESPONDENCE,CORR-0014,2026-08-21,READY,asserted_state=READY,CURRENT
EV-0015-DOC-01,MC-0015,DOCUMENT,SYN-DOC-0015-01,2026-08-19,DOCUMENT_COMPLETE,MIGRATION_ENROLMENT,CURRENT
EV-0015-DOC-02,MC-0015,DOCUMENT,SYN-DOC-0015-02,2026-08-18,DOCUMENT_COMPLETE,AUTHORIZED_CONTACT_LIST,CURRENT
EV-0015-UAT,MC-0015,TEST_RESULT,SYN-UAT-0015,2026-08-25,PASSED,defect_count=0,CURRENT
EV-0015-CORR,MC-0015,CORRESPONDENCE,CORR-0015,2026-08-19,READY,asserted_state=READY,CURRENT
EV-0016-DOC-01,MC-0016,DOCUMENT,SYN-DOC-0016-01,2026-08-19,DOCUMENT_COMPLETE,MIGRATION_ENROLMENT,CURRENT
EV-0016-DOC-02,MC-0016,DOCUMENT,SYN-DOC-0016-02,2026-08-18,DOCUMENT_COMPLETE,AUTHORIZED_CONTACT_LIST,CURRENT
EV-0016-UAT,MC-0016,TEST_RESULT,SYN-UAT-0016,2026-08-25,PLANNED,defect_count=0,CURRENT
EV-0016-CORR,MC-0016,CORRESPONDENCE,CORR-0016,2026-08-18,IN_PROGRESS,asserted_state=IN_PROGRESS,CURRENT
EV-0017-DOC-01,MC-0017,DOCUMENT,SYN-DOC-0017-01,2026-08-19,DOCUMENT_COMPLETE,MIGRATION_ENROLMENT,CURRENT
EV-0017-DOC-02,MC-0017,DOCUMENT,SYN-DOC-0017-02,2026-08-18,DOCUMENT_COMPLETE,AUTHORIZED_CONTACT_LIST,CURRENT
EV-0017-UAT,MC-0017,TEST_RESULT,SYN-UAT-0017,2026-08-25,PLANNED,defect_count=0,CURRENT
EV-0017-CORR,MC-0017,CORRESPONDENCE,CORR-0017,2026-08-21,IN_PROGRESS,asserted_state=IN_PROGRESS,CURRENT
EV-0018-DOC-01,MC-0018,DOCUMENT,SYN-DOC-0018-01,2026-08-19,DOCUMENT_COMPLETE,MIGRATION_ENROLMENT,CURRENT
EV-0018-DOC-02,MC-0018,DOCUMENT,SYN-DOC-0018-02,2026-08-18,DOCUMENT_COMPLETE,AUTHORIZED_CONTACT_LIST,CURRENT
EV-0018-UAT,MC-0018,TEST_RESULT,SYN-UAT-0018,2026-08-25,PLANNED,defect_count=0,CURRENT
EV-0018-CORR,MC-0018,CORRESPONDENCE,CORR-0018,2026-08-18,IN_PROGRESS,asserted_state=IN_PROGRESS,CURRENT
EV-0019-DOC-01,MC-0019,DOCUMENT,SYN-DOC-0019-01,2026-08-19,DOCUMENT_COMPLETE,MIGRATION_ENROLMENT,CURRENT
EV-0019-DOC-02,MC-0019,DOCUMENT,SYN-DOC-0019-02,2026-08-18,DOCUMENT_COMPLETE,AUTHORIZED_CONTACT_LIST,CURRENT
EV-0019-UAT,MC-0019,TEST_RESULT,SYN-UAT-0019,2026-08-25,PLANNED,defect_count=0,CURRENT
EV-0019-CORR,MC-0019,CORRESPONDENCE,CORR-0019,2026-08-25,IN_PROGRESS,asserted_state=IN_PROGRESS,CURRENT
EV-0020-DOC-01,MC-0020,DOCUMENT,SYN-DOC-0020-01,2026-08-19,DOCUMENT_COMPLETE,MIGRATION_ENROLMENT,CURRENT
EV-0020-DOC-02,MC-0020,DOCUMENT,SYN-DOC-0020-02,2026-08-18,DOCUMENT_COMPLETE,AUTHORIZED_CONTACT_LIST,CURRENT
EV-0020-UAT,MC-0020,TEST_RESULT,SYN-UAT-0020,2026-08-25,PASSED,defect_count=0,CURRENT
EV-0020-CORR,MC-0020,CORRESPONDENCE,CORR-0020,2026-08-18,READY,asserted_state=READY,CURRENT
EV-0021-DOC-01,MC-0021,DOCUMENT,SYN-DOC-0021-01,2026-08-19,DOCUMENT_COMPLETE,MIGRATION_ENROLMENT,CURRENT
EV-0021-DOC-02,MC-0021,DOCUMENT,SYN-DOC-0021-02,2026-08-18,DOCUMENT_COMPLETE,AUTHORIZED_CONTACT_LIST,CURRENT
EV-0021-UAT,MC-0021,TEST_RESULT,SYN-UAT-0021,2026-08-25,PLANNED,defect_count=0,CURRENT
EV-0021-CORR,MC-0021,CORRESPONDENCE,CORR-0021,2026-08-25,IN_PROGRESS,asserted_state=IN_PROGRESS,CURRENT
EV-0022-DOC-01,MC-0022,DOCUMENT,SYN-DOC-0022-01,2026-08-19,DOCUMENT_COMPLETE,MIGRATION_ENROLMENT,CURRENT
EV-0022-DOC-02,MC-0022,DOCUMENT,SYN-DOC-0022-02,2026-08-18,DOCUMENT_COMPLETE,AUTHORIZED_CONTACT_LIST,CURRENT
EV-0022-UAT,MC-0022,TEST_RESULT,SYN-UAT-0022,2026-08-25,PLANNED,defect_count=0,CURRENT
EV-0022-CORR,MC-0022,CORRESPONDENCE,CORR-0022,2026-08-26,IN_PROGRESS,asserted_state=IN_PROGRESS,CURRENT
EV-0023-DOC-01,MC-0023,DOCUMENT,SYN-DOC-0023-01,2026-08-19,DOCUMENT_COMPLETE,MIGRATION_ENROLMENT,CURRENT
EV-0023-DOC-02,MC-0023,DOCUMENT,SYN-DOC-0023-02,2026-08-18,DOCUMENT_COMPLETE,AUTHORIZED_CONTACT_LIST,CURRENT
EV-0023-UAT,MC-0023,TEST_RESULT,SYN-UAT-0023,2026-08-25,PLANNED,defect_count=0,CURRENT
EV-0023-CORR,MC-0023,CORRESPONDENCE,CORR-0023,2026-08-26,IN_PROGRESS,asserted_state=IN_PROGRESS,CURRENT
EV-0024-DOC-01,MC-0024,DOCUMENT,SYN-DOC-0024-01,2026-08-19,DOCUMENT_COMPLETE,MIGRATION_ENROLMENT,CURRENT
EV-0024-DOC-02,MC-0024,DOCUMENT,SYN-DOC-0024-02,2026-08-18,DOCUMENT_COMPLETE,AUTHORIZED_CONTACT_LIST,CURRENT
EV-0024-UAT,MC-0024,TEST_RESULT,SYN-UAT-0024,2026-08-25,PLANNED,defect_count=0,CURRENT
EV-0024-CORR,MC-0024,CORRESPONDENCE,CORR-0024,2026-08-25,IN_PROGRESS,asserted_state=IN_PROGRESS,CURRENT
EV-0025-DOC-01,MC-0025,DOCUMENT,SYN-DOC-0025-01,2026-08-19,DOCUMENT_COMPLETE,MIGRATION_ENROLMENT,CURRENT
EV-0025-DOC-02,MC-0025,DOCUMENT,SYN-DOC-0025-02,2026-08-18,DOCUMENT_COMPLETE,AUTHORIZED_CONTACT_LIST,CURRENT
EV-0025-UAT,MC-0025,TEST_RESULT,SYN-UAT-0025,2026-08-25,PASSED,defect_count=0,CURRENT
EV-0025-CORR,MC-0025,CORRESPONDENCE,CORR-0025,2026-08-26,READY,asserted_state=READY,CURRENT
EV-0026-DOC-01,MC-0026,DOCUMENT,SYN-DOC-0026-01,2026-08-19,DOCUMENT_COMPLETE,MIGRATION_ENROLMENT,CURRENT
EV-0026-DOC-02,MC-0026,DOCUMENT,SYN-DOC-0026-02,2026-08-18,DOCUMENT_COMPLETE,AUTHORIZED_CONTACT_LIST,CURRENT
EV-0026-UAT,MC-0026,TEST_RESULT,SYN-UAT-0026,2026-08-25,PLANNED,defect_count=0,CURRENT
EV-0026-CORR,MC-0026,CORRESPONDENCE,CORR-0026,2026-08-20,IN_PROGRESS,asserted_state=IN_PROGRESS,CURRENT
EV-0027-DOC-01,MC-0027,DOCUMENT,SYN-DOC-0027-01,2026-08-19,DOCUMENT_COMPLETE,MIGRATION_ENROLMENT,CURRENT
EV-0027-DOC-02,MC-0027,DOCUMENT,SYN-DOC-0027-02,2026-08-18,DOCUMENT_COMPLETE,AUTHORIZED_CONTACT_LIST,CURRENT
EV-0027-UAT,MC-0027,TEST_RESULT,SYN-UAT-0027,2026-08-25,PLANNED,defect_count=0,CURRENT
EV-0027-CORR,MC-0027,CORRESPONDENCE,CORR-0027,2026-08-25,IN_PROGRESS,asserted_state=IN_PROGRESS,CURRENT
EV-0028-DOC-01,MC-0028,DOCUMENT,SYN-DOC-0028-01,2026-08-19,DOCUMENT_COMPLETE,MIGRATION_ENROLMENT,CURRENT
EV-0028-DOC-02,MC-0028,DOCUMENT,SYN-DOC-0028-02,2026-08-18,DOCUMENT_COMPLETE,AUTHORIZED_CONTACT_LIST,CURRENT
EV-0028-UAT,MC-0028,TEST_RESULT,SYN-UAT-0028,2026-08-25,PLANNED,defect_count=0,CURRENT
EV-0028-CORR,MC-0028,CORRESPONDENCE,CORR-0028,2026-08-26,IN_PROGRESS,asserted_state=IN_PROGRESS,CURRENT
EV-0029-DOC-01,MC-0029,DOCUMENT,SYN-DOC-0029-01,2026-08-19,DOCUMENT_COMPLETE,MIGRATION_ENROLMENT,CURRENT
EV-0029-DOC-02,MC-0029,DOCUMENT,SYN-DOC-0029-02,2026-08-18,DOCUMENT_COMPLETE,AUTHORIZED_CONTACT_LIST,CURRENT
EV-0029-UAT,MC-0029,TEST_RESULT,SYN-UAT-0029,2026-08-25,PLANNED,defect_count=0,CURRENT
EV-0029-CORR,MC-0029,CORRESPONDENCE,CORR-0029,2026-08-26,IN_PROGRESS,asserted_state=IN_PROGRESS,CURRENT
EV-0030-DOC-01,MC-0030,DOCUMENT,SYN-DOC-0030-01,2026-08-19,DOCUMENT_COMPLETE,MIGRATION_ENROLMENT,CURRENT
EV-0030-DOC-02,MC-0030,DOCUMENT,SYN-DOC-0030-02,2026-08-18,DOCUMENT_COMPLETE,AUTHORIZED_CONTACT_LIST,CURRENT
EV-0030-UAT,MC-0030,TEST_RESULT,SYN-UAT-0030,2026-08-25,PASSED,defect_count=0,CURRENT
EV-0030-CORR,MC-0030,CORRESPONDENCE,CORR-0030,2026-08-22,READY,asserted_state=READY,CURRENT
EV-0031-DOC-01,MC-0031,DOCUMENT,SYN-DOC-0031-01,2026-08-19,DOCUMENT_COMPLETE,MIGRATION_ENROLMENT,CURRENT
EV-0031-DOC-02,MC-0031,DOCUMENT,SYN-DOC-0031-02,2026-08-18,DOCUMENT_COMPLETE,AUTHORIZED_CONTACT_LIST,CURRENT
EV-0031-UAT,MC-0031,TEST_RESULT,SYN-UAT-0031,2026-08-25,PLANNED,defect_count=0,CURRENT
EV-0031-CORR,MC-0031,CORRESPONDENCE,CORR-0031,2026-08-18,IN_PROGRESS,asserted_state=IN_PROGRESS,CURRENT
EV-0032-DOC-01,MC-0032,DOCUMENT,SYN-DOC-0032-01,2026-08-19,DOCUMENT_COMPLETE,MIGRATION_ENROLMENT,CURRENT
EV-0032-DOC-02,MC-0032,DOCUMENT,SYN-DOC-0032-02,2026-08-18,DOCUMENT_COMPLETE,AUTHORIZED_CONTACT_LIST,CURRENT
EV-0032-UAT,MC-0032,TEST_RESULT,SYN-UAT-0032,2026-08-25,PLANNED,defect_count=0,CURRENT
EV-0032-CORR,MC-0032,CORRESPONDENCE,CORR-0032,2026-08-27,IN_PROGRESS,asserted_state=IN_PROGRESS,CURRENT
EV-0033-DOC-01,MC-0033,DOCUMENT,SYN-DOC-0033-01,2026-08-19,DOCUMENT_COMPLETE,MIGRATION_ENROLMENT,CURRENT
EV-0033-DOC-02,MC-0033,DOCUMENT,SYN-DOC-0033-02,2026-08-18,DOCUMENT_COMPLETE,AUTHORIZED_CONTACT_LIST,CURRENT
EV-0033-UAT,MC-0033,TEST_RESULT,SYN-UAT-0033,2026-08-25,PLANNED,defect_count=0,CURRENT
EV-0033-CORR,MC-0033,CORRESPONDENCE,CORR-0033,2026-08-24,IN_PROGRESS,asserted_state=IN_PROGRESS,CURRENT
EV-0034-DOC-01,MC-0034,DOCUMENT,SYN-DOC-0034-01,2026-08-19,DOCUMENT_COMPLETE,MIGRATION_ENROLMENT,CURRENT
EV-0034-DOC-02,MC-0034,DOCUMENT,SYN-DOC-0034-02,2026-08-18,DOCUMENT_COMPLETE,AUTHORIZED_CONTACT_LIST,CURRENT
EV-0034-UAT,MC-0034,TEST_RESULT,SYN-UAT-0034,2026-08-25,PLANNED,defect_count=0,CURRENT
EV-0034-CORR,MC-0034,CORRESPONDENCE,CORR-0034,2026-08-27,IN_PROGRESS,asserted_state=IN_PROGRESS,CURRENT
EV-0035-DOC-01,MC-0035,DOCUMENT,SYN-DOC-0035-01,2026-08-19,DOCUMENT_COMPLETE,MIGRATION_ENROLMENT,CURRENT
EV-0035-DOC-02,MC-0035,DOCUMENT,SYN-DOC-0035-02,2026-08-18,DOCUMENT_COMPLETE,AUTHORIZED_CONTACT_LIST,CURRENT
EV-0035-UAT,MC-0035,TEST_RESULT,SYN-UAT-0035,2026-08-25,PASSED,defect_count=0,CURRENT
EV-0035-CORR,MC-0035,CORRESPONDENCE,CORR-0035,2026-08-27,READY,asserted_state=READY,CURRENT
EV-0036-DOC-01,MC-0036,DOCUMENT,SYN-DOC-0036-01,2026-08-19,DOCUMENT_COMPLETE,MIGRATION_ENROLMENT,CURRENT
EV-0036-DOC-02,MC-0036,DOCUMENT,SYN-DOC-0036-02,2026-08-18,DOCUMENT_COMPLETE,AUTHORIZED_CONTACT_LIST,CURRENT
EV-0036-UAT,MC-0036,TEST_RESULT,SYN-UAT-0036,2026-08-25,PLANNED,defect_count=0,CURRENT
EV-0036-CORR,MC-0036,CORRESPONDENCE,CORR-0036,2026-08-18,IN_PROGRESS,asserted_state=IN_PROGRESS,CURRENT
EV-0037-DOC-01,MC-0037,DOCUMENT,SYN-DOC-0037-01,2026-08-19,DOCUMENT_COMPLETE,MIGRATION_ENROLMENT,CURRENT
EV-0037-DOC-02,MC-0037,DOCUMENT,SYN-DOC-0037-02,2026-08-18,DOCUMENT_COMPLETE,AUTHORIZED_CONTACT_LIST,CURRENT
EV-0037-UAT,MC-0037,TEST_RESULT,SYN-UAT-0037,2026-08-25,PLANNED,defect_count=0,CURRENT
EV-0037-CORR,MC-0037,CORRESPONDENCE,CORR-0037,2026-08-18,IN_PROGRESS,asserted_state=IN_PROGRESS,CURRENT
EV-0038-DOC-01,MC-0038,DOCUMENT,SYN-DOC-0038-01,2026-08-19,DOCUMENT_COMPLETE,MIGRATION_ENROLMENT,CURRENT
EV-0038-DOC-02,MC-0038,DOCUMENT,SYN-DOC-0038-02,2026-08-18,DOCUMENT_COMPLETE,AUTHORIZED_CONTACT_LIST,CURRENT
EV-0038-UAT,MC-0038,TEST_RESULT,SYN-UAT-0038,2026-08-25,PLANNED,defect_count=0,CURRENT
EV-0038-CORR,MC-0038,CORRESPONDENCE,CORR-0038,2026-08-20,IN_PROGRESS,asserted_state=IN_PROGRESS,CURRENT
EV-0039-DOC-01,MC-0039,DOCUMENT,SYN-DOC-0039-01,2026-08-19,DOCUMENT_COMPLETE,MIGRATION_ENROLMENT,CURRENT
EV-0039-DOC-02,MC-0039,DOCUMENT,SYN-DOC-0039-02,2026-08-18,DOCUMENT_COMPLETE,AUTHORIZED_CONTACT_LIST,CURRENT
EV-0039-UAT,MC-0039,TEST_RESULT,SYN-UAT-0039,2026-08-25,PLANNED,defect_count=0,CURRENT
EV-0039-CORR,MC-0039,CORRESPONDENCE,CORR-0039,2026-08-27,IN_PROGRESS,asserted_state=IN_PROGRESS,CURRENT
EV-0040-DOC-01,MC-0040,DOCUMENT,SYN-DOC-0040-01,2026-08-19,DOCUMENT_COMPLETE,MIGRATION_ENROLMENT,CURRENT
EV-0040-DOC-02,MC-0040,DOCUMENT,SYN-DOC-0040-02,2026-08-18,DOCUMENT_COMPLETE,AUTHORIZED_CONTACT_LIST,CURRENT
EV-0040-UAT,MC-0040,TEST_RESULT,SYN-UAT-0040,2026-08-25,PASSED,defect_count=0,CURRENT
EV-0040-CORR,MC-0040,CORRESPONDENCE,CORR-0040,2026-08-25,READY,asserted_state=READY,CURRENT
EV-0041-DOC-01,MC-0041,DOCUMENT,SYN-DOC-0041-01,2026-08-19,DOCUMENT_COMPLETE,MIGRATION_ENROLMENT,CURRENT
EV-0041-DOC-02,MC-0041,DOCUMENT,SYN-DOC-0041-02,2026-08-18,DOCUMENT_COMPLETE,AUTHORIZED_CONTACT_LIST,CURRENT
EV-0041-UAT,MC-0041,TEST_RESULT,SYN-UAT-0041,2026-08-25,PLANNED,defect_count=0,CURRENT
EV-0041-CORR,MC-0041,CORRESPONDENCE,CORR-0041,2026-08-27,IN_PROGRESS,asserted_state=IN_PROGRESS,CURRENT
EV-0042-DOC-01,MC-0042,DOCUMENT,SYN-DOC-0042-01,2026-08-19,DOCUMENT_COMPLETE,MIGRATION_ENROLMENT,CURRENT
EV-0042-DOC-02,MC-0042,DOCUMENT,SYN-DOC-0042-02,2026-08-18,DOCUMENT_COMPLETE,AUTHORIZED_CONTACT_LIST,CURRENT
EV-0042-UAT,MC-0042,TEST_RESULT,SYN-UAT-0042,2026-08-25,PLANNED,defect_count=0,CURRENT
EV-0042-CORR,MC-0042,CORRESPONDENCE,CORR-0042,2026-08-26,IN_PROGRESS,asserted_state=IN_PROGRESS,CURRENT
EV-0043-DOC-01,MC-0043,DOCUMENT,SYN-DOC-0043-01,2026-08-19,DOCUMENT_COMPLETE,MIGRATION_ENROLMENT,CURRENT
EV-0043-DOC-02,MC-0043,DOCUMENT,SYN-DOC-0043-02,2026-08-18,DOCUMENT_COMPLETE,AUTHORIZED_CONTACT_LIST,CURRENT
EV-0043-UAT,MC-0043,TEST_RESULT,SYN-UAT-0043,2026-08-25,PLANNED,defect_count=0,CURRENT
EV-0043-CORR,MC-0043,CORRESPONDENCE,CORR-0043,2026-08-24,IN_PROGRESS,asserted_state=IN_PROGRESS,CURRENT
EV-0044-DOC-01,MC-0044,DOCUMENT,SYN-DOC-0044-01,2026-08-19,DOCUMENT_COMPLETE,MIGRATION_ENROLMENT,CURRENT
EV-0044-DOC-02,MC-0044,DOCUMENT,SYN-DOC-0044-02,2026-08-18,DOCUMENT_COMPLETE,AUTHORIZED_CONTACT_LIST,CURRENT
EV-0044-UAT,MC-0044,TEST_RESULT,SYN-UAT-0044,2026-08-25,PLANNED,defect_count=0,CURRENT
EV-0044-CORR,MC-0044,CORRESPONDENCE,CORR-0044,2026-08-22,IN_PROGRESS,asserted_state=IN_PROGRESS,CURRENT
EV-0045-DOC-01,MC-0045,DOCUMENT,SYN-DOC-0045-01,2026-08-19,DOCUMENT_COMPLETE,MIGRATION_ENROLMENT,CURRENT
EV-0045-DOC-02,MC-0045,DOCUMENT,SYN-DOC-0045-02,2026-08-18,DOCUMENT_COMPLETE,AUTHORIZED_CONTACT_LIST,CURRENT
EV-0045-UAT,MC-0045,TEST_RESULT,SYN-UAT-0045,2026-08-25,PASSED,defect_count=0,CURRENT
EV-0045-CORR,MC-0045,CORRESPONDENCE,CORR-0045,2026-08-22,READY,asserted_state=READY,CURRENT
EV-0046-DOC-01,MC-0046,DOCUMENT,SYN-DOC-0046-01,2026-08-19,DOCUMENT_COMPLETE,MIGRATION_ENROLMENT,CURRENT
EV-0046-DOC-02,MC-0046,DOCUMENT,SYN-DOC-0046-02,2026-08-18,DOCUMENT_COMPLETE,AUTHORIZED_CONTACT_LIST,CURRENT
EV-0046-UAT,MC-0046,TEST_RESULT,SYN-UAT-0046,2026-08-25,PLANNED,defect_count=0,CURRENT
EV-0046-CORR,MC-0046,CORRESPONDENCE,CORR-0046,2026-08-19,IN_PROGRESS,asserted_state=IN_PROGRESS,CURRENT
EV-0047-DOC-01,MC-0047,DOCUMENT,SYN-DOC-0047-01,2026-08-19,DOCUMENT_COMPLETE,MIGRATION_ENROLMENT,CURRENT
EV-0047-DOC-02,MC-0047,DOCUMENT,SYN-DOC-0047-02,2026-08-18,DOCUMENT_COMPLETE,AUTHORIZED_CONTACT_LIST,CURRENT
EV-0047-UAT,MC-0047,TEST_RESULT,SYN-UAT-0047,2026-08-25,PLANNED,defect_count=0,CURRENT
EV-0047-CORR,MC-0047,CORRESPONDENCE,CORR-0047,2026-08-20,IN_PROGRESS,asserted_state=IN_PROGRESS,CURRENT
EV-0048-DOC-01,MC-0048,DOCUMENT,SYN-DOC-0048-01,2026-08-19,DOCUMENT_COMPLETE,MIGRATION_ENROLMENT,CURRENT
EV-0048-DOC-02,MC-0048,DOCUMENT,SYN-DOC-0048-02,2026-08-18,DOCUMENT_COMPLETE,AUTHORIZED_CONTACT_LIST,CURRENT
EV-0048-UAT,MC-0048,TEST_RESULT,SYN-UAT-0048,2026-08-25,PLANNED,defect_count=0,CURRENT
EV-0048-CORR,MC-0048,CORRESPONDENCE,CORR-0048,2026-08-25,IN_PROGRESS,asserted_state=IN_PROGRESS,CURRENT
EV-0049-DOC-01,MC-0049,DOCUMENT,SYN-DOC-0049-01,2026-08-19,DOCUMENT_COMPLETE,MIGRATION_ENROLMENT,CURRENT
EV-0049-DOC-02,MC-0049,DOCUMENT,SYN-DOC-0049-02,2026-08-18,DOCUMENT_COMPLETE,AUTHORIZED_CONTACT_LIST,CURRENT
EV-0049-UAT,MC-0049,TEST_RESULT,SYN-UAT-0049,2026-08-25,PLANNED,defect_count=0,CURRENT
EV-0049-CORR,MC-0049,CORRESPONDENCE,CORR-0049,2026-08-18,IN_PROGRESS,asserted_state=IN_PROGRESS,CURRENT
EV-0050-DOC-01,MC-0050,DOCUMENT,SYN-DOC-0050-01,2026-08-19,DOCUMENT_COMPLETE,MIGRATION_ENROLMENT,CURRENT
EV-0050-DOC-02,MC-0050,DOCUMENT,SYN-DOC-0050-02,2026-08-18,DOCUMENT_COMPLETE,AUTHORIZED_CONTACT_LIST,CURRENT
EV-0050-UAT,MC-0050,TEST_RESULT,SYN-UAT-0050,2026-08-25,PASSED,defect_count=0,CURRENT
EV-0050-CORR,MC-0050,CORRESPONDENCE,CORR-0050,2026-08-26,READY,asserted_state=READY,CURRENT
EV-0051-DOC-01,MC-0051,DOCUMENT,SYN-DOC-0051-01,2026-08-19,DOCUMENT_COMPLETE,MIGRATION_ENROLMENT,CURRENT
EV-0051-DOC-02,MC-0051,DOCUMENT,SYN-DOC-0051-02,2026-08-18,DOCUMENT_COMPLETE,AUTHORIZED_CONTACT_LIST,CURRENT
EV-0051-UAT,MC-0051,TEST_RESULT,SYN-UAT-0051,2026-08-25,PLANNED,defect_count=0,CURRENT
EV-0051-CORR,MC-0051,CORRESPONDENCE,CORR-0051,2026-08-27,IN_PROGRESS,asserted_state=IN_PROGRESS,CURRENT
EV-0052-DOC-01,MC-0052,DOCUMENT,SYN-DOC-0052-01,2026-08-19,DOCUMENT_COMPLETE,MIGRATION_ENROLMENT,CURRENT
EV-0052-DOC-02,MC-0052,DOCUMENT,SYN-DOC-0052-02,2026-08-18,DOCUMENT_COMPLETE,AUTHORIZED_CONTACT_LIST,CURRENT
EV-0052-UAT,MC-0052,TEST_RESULT,SYN-UAT-0052,2026-08-25,PLANNED,defect_count=0,CURRENT
EV-0052-CORR,MC-0052,CORRESPONDENCE,CORR-0052,2026-08-19,IN_PROGRESS,asserted_state=IN_PROGRESS,CURRENT
EV-0053-DOC-01,MC-0053,DOCUMENT,SYN-DOC-0053-01,2026-08-19,DOCUMENT_COMPLETE,MIGRATION_ENROLMENT,CURRENT
EV-0053-DOC-02,MC-0053,DOCUMENT,SYN-DOC-0053-02,2026-08-18,DOCUMENT_COMPLETE,AUTHORIZED_CONTACT_LIST,CURRENT
EV-0053-UAT,MC-0053,TEST_RESULT,SYN-UAT-0053,2026-08-25,PLANNED,defect_count=0,CURRENT
EV-0053-CORR,MC-0053,CORRESPONDENCE,CORR-0053,2026-08-24,IN_PROGRESS,asserted_state=IN_PROGRESS,CURRENT
EV-0054-DOC-01,MC-0054,DOCUMENT,SYN-DOC-0054-01,2026-08-19,DOCUMENT_COMPLETE,MIGRATION_ENROLMENT,CURRENT
EV-0054-DOC-02,MC-0054,DOCUMENT,SYN-DOC-0054-02,2026-08-18,DOCUMENT_COMPLETE,AUTHORIZED_CONTACT_LIST,CURRENT
EV-0054-UAT,MC-0054,TEST_RESULT,SYN-UAT-0054,2026-08-25,PLANNED,defect_count=0,CURRENT
EV-0054-CORR,MC-0054,CORRESPONDENCE,CORR-0054,2026-08-23,IN_PROGRESS,asserted_state=IN_PROGRESS,CURRENT
EV-0055-DOC-01,MC-0055,DOCUMENT,SYN-DOC-0055-01,2026-08-19,DOCUMENT_COMPLETE,MIGRATION_ENROLMENT,CURRENT
EV-0055-DOC-02,MC-0055,DOCUMENT,SYN-DOC-0055-02,2026-08-18,DOCUMENT_COMPLETE,AUTHORIZED_CONTACT_LIST,CURRENT
EV-0055-UAT,MC-0055,TEST_RESULT,SYN-UAT-0055,2026-08-25,PASSED,defect_count=0,CURRENT
EV-0055-CORR,MC-0055,CORRESPONDENCE,CORR-0055,2026-08-21,READY,asserted_state=READY,CURRENT
EV-0056-DOC-01,MC-0056,DOCUMENT,SYN-DOC-0056-01,2026-08-19,DOCUMENT_COMPLETE,MIGRATION_ENROLMENT,CURRENT
EV-0056-DOC-02,MC-0056,DOCUMENT,SYN-DOC-0056-02,2026-08-18,DOCUMENT_COMPLETE,AUTHORIZED_CONTACT_LIST,CURRENT
EV-0056-UAT,MC-0056,TEST_RESULT,SYN-UAT-0056,2026-08-25,PLANNED,defect_count=0,CURRENT
EV-0056-CORR,MC-0056,CORRESPONDENCE,CORR-0056,2026-08-21,IN_PROGRESS,asserted_state=IN_PROGRESS,CURRENT
EV-0057-DOC-01,MC-0057,DOCUMENT,SYN-DOC-0057-01,2026-08-19,DOCUMENT_COMPLETE,MIGRATION_ENROLMENT,CURRENT
EV-0057-DOC-02,MC-0057,DOCUMENT,SYN-DOC-0057-02,2026-08-18,DOCUMENT_COMPLETE,AUTHORIZED_CONTACT_LIST,CURRENT
EV-0057-UAT,MC-0057,TEST_RESULT,SYN-UAT-0057,2026-08-25,PLANNED,defect_count=0,CURRENT
EV-0057-CORR,MC-0057,CORRESPONDENCE,CORR-0057,2026-08-23,IN_PROGRESS,asserted_state=IN_PROGRESS,CURRENT
EV-0058-DOC-01,MC-0058,DOCUMENT,SYN-DOC-0058-01,2026-08-19,DOCUMENT_COMPLETE,MIGRATION_ENROLMENT,CURRENT
EV-0058-DOC-02,MC-0058,DOCUMENT,SYN-DOC-0058-02,2026-08-18,DOCUMENT_COMPLETE,AUTHORIZED_CONTACT_LIST,CURRENT
EV-0058-UAT,MC-0058,TEST_RESULT,SYN-UAT-0058,2026-08-25,PLANNED,defect_count=0,CURRENT
EV-0058-CORR,MC-0058,CORRESPONDENCE,CORR-0058,2026-08-26,IN_PROGRESS,asserted_state=IN_PROGRESS,CURRENT
EV-0059-DOC-01,MC-0059,DOCUMENT,SYN-DOC-0059-01,2026-08-19,DOCUMENT_COMPLETE,MIGRATION_ENROLMENT,CURRENT
EV-0059-DOC-02,MC-0059,DOCUMENT,SYN-DOC-0059-02,2026-08-18,DOCUMENT_COMPLETE,AUTHORIZED_CONTACT_LIST,CURRENT
EV-0059-UAT,MC-0059,TEST_RESULT,SYN-UAT-0059,2026-08-25,PLANNED,defect_count=0,CURRENT
EV-0059-CORR,MC-0059,CORRESPONDENCE,CORR-0059,2026-08-27,IN_PROGRESS,asserted_state=IN_PROGRESS,CURRENT
EV-0060-DOC-01,MC-0060,DOCUMENT,SYN-DOC-0060-01,2026-08-19,DOCUMENT_COMPLETE,MIGRATION_ENROLMENT,CURRENT
EV-0060-DOC-02,MC-0060,DOCUMENT,SYN-DOC-0060-02,2026-08-18,DOCUMENT_COMPLETE,AUTHORIZED_CONTACT_LIST,CURRENT
EV-0060-UAT,MC-0060,TEST_RESULT,SYN-UAT-0060,2026-08-25,PASSED,defect_count=0,CURRENT
EV-0060-CORR,MC-0060,CORRESPONDENCE,CORR-0060,2026-08-18,READY,asserted_state=READY,CURRENT
EV-0061-DOC-01,MC-0061,DOCUMENT,SYN-DOC-0061-01,2026-08-19,DOCUMENT_COMPLETE,MIGRATION_ENROLMENT,CURRENT
EV-0061-DOC-02,MC-0061,DOCUMENT,SYN-DOC-0061-02,2026-08-18,DOCUMENT_COMPLETE,AUTHORIZED_CONTACT_LIST,CURRENT
EV-0061-UAT,MC-0061,TEST_RESULT,SYN-UAT-0061,2026-08-25,PLANNED,defect_count=0,CURRENT
EV-0061-CORR,MC-0061,CORRESPONDENCE,CORR-0061,2026-08-18,IN_PROGRESS,asserted_state=IN_PROGRESS,CURRENT
EV-0062-DOC-01,MC-0062,DOCUMENT,SYN-DOC-0062-01,2026-08-19,DOCUMENT_COMPLETE,MIGRATION_ENROLMENT,CURRENT
EV-0062-DOC-02,MC-0062,DOCUMENT,SYN-DOC-0062-02,2026-08-18,DOCUMENT_COMPLETE,AUTHORIZED_CONTACT_LIST,CURRENT
EV-0062-UAT,MC-0062,TEST_RESULT,SYN-UAT-0062,2026-08-25,PLANNED,defect_count=0,CURRENT
EV-0062-CORR,MC-0062,CORRESPONDENCE,CORR-0062,2026-08-19,IN_PROGRESS,asserted_state=IN_PROGRESS,CURRENT
EV-0063-DOC-01,MC-0063,DOCUMENT,SYN-DOC-0063-01,2026-08-19,DOCUMENT_COMPLETE,MIGRATION_ENROLMENT,CURRENT
EV-0063-DOC-02,MC-0063,DOCUMENT,SYN-DOC-0063-02,2026-08-18,DOCUMENT_COMPLETE,AUTHORIZED_CONTACT_LIST,CURRENT
EV-0063-UAT,MC-0063,TEST_RESULT,SYN-UAT-0063,2026-08-25,PLANNED,defect_count=0,CURRENT
EV-0063-CORR,MC-0063,CORRESPONDENCE,CORR-0063,2026-08-22,IN_PROGRESS,asserted_state=IN_PROGRESS,CURRENT
EV-0064-DOC-01,MC-0064,DOCUMENT,SYN-DOC-0064-01,2026-08-19,DOCUMENT_COMPLETE,MIGRATION_ENROLMENT,CURRENT
EV-0064-DOC-02,MC-0064,DOCUMENT,SYN-DOC-0064-02,2026-08-18,DOCUMENT_COMPLETE,AUTHORIZED_CONTACT_LIST,CURRENT
EV-0064-UAT,MC-0064,TEST_RESULT,SYN-UAT-0064,2026-08-25,PLANNED,defect_count=0,CURRENT
EV-0064-CORR,MC-0064,CORRESPONDENCE,CORR-0064,2026-08-18,IN_PROGRESS,asserted_state=IN_PROGRESS,CURRENT
EV-0065-DOC-01,MC-0065,DOCUMENT,SYN-DOC-0065-01,2026-08-19,DOCUMENT_COMPLETE,MIGRATION_ENROLMENT,CURRENT
EV-0065-DOC-02,MC-0065,DOCUMENT,SYN-DOC-0065-02,2026-08-18,DOCUMENT_COMPLETE,AUTHORIZED_CONTACT_LIST,CURRENT
EV-0065-UAT,MC-0065,TEST_RESULT,SYN-UAT-0065,2026-08-25,PASSED,defect_count=0,CURRENT
EV-0065-CORR,MC-0065,CORRESPONDENCE,CORR-0065,2026-08-25,READY,asserted_state=READY,CURRENT
EV-0066-DOC-01,MC-0066,DOCUMENT,SYN-DOC-0066-01,2026-08-19,DOCUMENT_COMPLETE,MIGRATION_ENROLMENT,CURRENT
EV-0066-DOC-02,MC-0066,DOCUMENT,SYN-DOC-0066-02,2026-08-18,DOCUMENT_COMPLETE,AUTHORIZED_CONTACT_LIST,CURRENT
EV-0066-UAT,MC-0066,TEST_RESULT,SYN-UAT-0066,2026-08-25,PLANNED,defect_count=0,CURRENT
EV-0066-CORR,MC-0066,CORRESPONDENCE,CORR-0066,2026-08-23,IN_PROGRESS,asserted_state=IN_PROGRESS,CURRENT
EV-0067-DOC-01,MC-0067,DOCUMENT,SYN-DOC-0067-01,2026-08-19,DOCUMENT_COMPLETE,MIGRATION_ENROLMENT,CURRENT
EV-0067-DOC-02,MC-0067,DOCUMENT,SYN-DOC-0067-02,2026-08-18,DOCUMENT_COMPLETE,AUTHORIZED_CONTACT_LIST,CURRENT
EV-0067-UAT,MC-0067,TEST_RESULT,SYN-UAT-0067,2026-08-25,PLANNED,defect_count=0,CURRENT
EV-0067-CORR,MC-0067,CORRESPONDENCE,CORR-0067,2026-08-20,IN_PROGRESS,asserted_state=IN_PROGRESS,CURRENT
EV-0068-DOC-01,MC-0068,DOCUMENT,SYN-DOC-0068-01,2026-08-19,DOCUMENT_COMPLETE,MIGRATION_ENROLMENT,CURRENT
EV-0068-DOC-02,MC-0068,DOCUMENT,SYN-DOC-0068-02,2026-08-18,DOCUMENT_COMPLETE,AUTHORIZED_CONTACT_LIST,CURRENT
EV-0068-UAT,MC-0068,TEST_RESULT,SYN-UAT-0068,2026-08-25,PLANNED,defect_count=0,CURRENT
EV-0068-CORR,MC-0068,CORRESPONDENCE,CORR-0068,2026-08-25,IN_PROGRESS,asserted_state=IN_PROGRESS,CURRENT
EV-0069-DOC-01,MC-0069,DOCUMENT,SYN-DOC-0069-01,2026-08-19,DOCUMENT_COMPLETE,MIGRATION_ENROLMENT,CURRENT
EV-0069-DOC-02,MC-0069,DOCUMENT,SYN-DOC-0069-02,2026-08-18,DOCUMENT_COMPLETE,AUTHORIZED_CONTACT_LIST,CURRENT
EV-0069-UAT,MC-0069,TEST_RESULT,SYN-UAT-0069,2026-08-25,PLANNED,defect_count=0,CURRENT
EV-0069-CORR,MC-0069,CORRESPONDENCE,CORR-0069,2026-08-24,IN_PROGRESS,asserted_state=IN_PROGRESS,CURRENT
EV-0070-DOC-01,MC-0070,DOCUMENT,SYN-DOC-0070-01,2026-08-19,DOCUMENT_COMPLETE,MIGRATION_ENROLMENT,CURRENT
EV-0070-DOC-02,MC-0070,DOCUMENT,SYN-DOC-0070-02,2026-08-18,DOCUMENT_COMPLETE,AUTHORIZED_CONTACT_LIST,CURRENT
EV-0070-UAT,MC-0070,TEST_RESULT,SYN-UAT-0070,2026-08-25,PASSED,defect_count=0,CURRENT
EV-0070-CORR,MC-0070,CORRESPONDENCE,CORR-0070,2026-08-20,READY,asserted_state=READY,CURRENT
EV-0071-DOC-01,MC-0071,DOCUMENT,SYN-DOC-0071-01,2026-08-19,DOCUMENT_COMPLETE,MIGRATION_ENROLMENT,CURRENT
EV-0071-DOC-02,MC-0071,DOCUMENT,SYN-DOC-0071-02,2026-08-18,DOCUMENT_COMPLETE,AUTHORIZED_CONTACT_LIST,CURRENT
EV-0071-UAT,MC-0071,TEST_RESULT,SYN-UAT-0071,2026-08-25,PLANNED,defect_count=0,CURRENT
EV-0071-CORR,MC-0071,CORRESPONDENCE,CORR-0071,2026-08-22,IN_PROGRESS,asserted_state=IN_PROGRESS,CURRENT
EV-0072-DOC-01,MC-0072,DOCUMENT,SYN-DOC-0072-01,2026-08-19,DOCUMENT_COMPLETE,MIGRATION_ENROLMENT,CURRENT
EV-0072-DOC-02,MC-0072,DOCUMENT,SYN-DOC-0072-02,2026-08-18,DOCUMENT_COMPLETE,AUTHORIZED_CONTACT_LIST,CURRENT
EV-0072-UAT,MC-0072,TEST_RESULT,SYN-UAT-0072,2026-08-25,PLANNED,defect_count=0,CURRENT
EV-0072-CORR,MC-0072,CORRESPONDENCE,CORR-0072,2026-08-21,IN_PROGRESS,asserted_state=IN_PROGRESS,CURRENT
EV-0073-DOC-01,MC-0073,DOCUMENT,SYN-DOC-0073-01,2026-08-19,DOCUMENT_COMPLETE,MIGRATION_ENROLMENT,CURRENT
EV-0073-DOC-02,MC-0073,DOCUMENT,SYN-DOC-0073-02,2026-08-18,DOCUMENT_COMPLETE,AUTHORIZED_CONTACT_LIST,CURRENT
EV-0073-UAT,MC-0073,TEST_RESULT,SYN-UAT-0073,2026-08-25,PLANNED,defect_count=0,CURRENT
EV-0073-CORR,MC-0073,CORRESPONDENCE,CORR-0073,2026-08-22,IN_PROGRESS,asserted_state=IN_PROGRESS,CURRENT
EV-0074-DOC-01,MC-0074,DOCUMENT,SYN-DOC-0074-01,2026-08-19,DOCUMENT_COMPLETE,MIGRATION_ENROLMENT,CURRENT
EV-0074-DOC-02,MC-0074,DOCUMENT,SYN-DOC-0074-02,2026-08-18,DOCUMENT_COMPLETE,AUTHORIZED_CONTACT_LIST,CURRENT
EV-0074-UAT,MC-0074,TEST_RESULT,SYN-UAT-0074,2026-08-25,PLANNED,defect_count=0,CURRENT
EV-0074-CORR,MC-0074,CORRESPONDENCE,CORR-0074,2026-08-19,IN_PROGRESS,asserted_state=IN_PROGRESS,CURRENT
EV-0075-DOC-01,MC-0075,DOCUMENT,SYN-DOC-0075-01,2026-08-19,DOCUMENT_COMPLETE,MIGRATION_ENROLMENT,CURRENT
EV-0075-DOC-02,MC-0075,DOCUMENT,SYN-DOC-0075-02,2026-08-18,DOCUMENT_COMPLETE,AUTHORIZED_CONTACT_LIST,CURRENT
EV-0075-UAT,MC-0075,TEST_RESULT,SYN-UAT-0075,2026-08-25,PASSED,defect_count=0,CURRENT
EV-0075-CORR,MC-0075,CORRESPONDENCE,CORR-0075,2026-08-25,READY,asserted_state=READY,CURRENT
EV-0076-DOC-01,MC-0076,DOCUMENT,SYN-DOC-0076-01,2026-08-19,DOCUMENT_COMPLETE,MIGRATION_ENROLMENT,CURRENT
EV-0076-DOC-02,MC-0076,DOCUMENT,SYN-DOC-0076-02,2026-08-18,DOCUMENT_COMPLETE,AUTHORIZED_CONTACT_LIST,CURRENT
EV-0076-UAT,MC-0076,TEST_RESULT,SYN-UAT-0076,2026-08-25,PLANNED,defect_count=0,CURRENT
EV-0076-CORR,MC-0076,CORRESPONDENCE,CORR-0076,2026-08-23,IN_PROGRESS,asserted_state=IN_PROGRESS,CURRENT
EV-0077-DOC-01,MC-0077,DOCUMENT,SYN-DOC-0077-01,2026-08-19,DOCUMENT_COMPLETE,MIGRATION_ENROLMENT,CURRENT
EV-0077-DOC-02,MC-0077,DOCUMENT,SYN-DOC-0077-02,2026-08-18,DOCUMENT_COMPLETE,AUTHORIZED_CONTACT_LIST,CURRENT
EV-0077-UAT,MC-0077,TEST_RESULT,SYN-UAT-0077,2026-08-25,PLANNED,defect_count=0,CURRENT
EV-0077-CORR,MC-0077,CORRESPONDENCE,CORR-0077,2026-08-19,IN_PROGRESS,asserted_state=IN_PROGRESS,CURRENT
EV-0078-DOC-01,MC-0078,DOCUMENT,SYN-DOC-0078-01,2026-08-19,DOCUMENT_COMPLETE,MIGRATION_ENROLMENT,CURRENT
EV-0078-DOC-02,MC-0078,DOCUMENT,SYN-DOC-0078-02,2026-08-18,DOCUMENT_COMPLETE,AUTHORIZED_CONTACT_LIST,CURRENT
EV-0078-UAT,MC-0078,TEST_RESULT,SYN-UAT-0078,2026-08-25,PLANNED,defect_count=0,CURRENT
EV-0078-CORR,MC-0078,CORRESPONDENCE,CORR-0078,2026-08-19,IN_PROGRESS,asserted_state=IN_PROGRESS,CURRENT
EV-0079-DOC-01,MC-0079,DOCUMENT,SYN-DOC-0079-01,2026-08-19,DOCUMENT_COMPLETE,MIGRATION_ENROLMENT,CURRENT
EV-0079-DOC-02,MC-0079,DOCUMENT,SYN-DOC-0079-02,2026-08-18,DOCUMENT_COMPLETE,AUTHORIZED_CONTACT_LIST,CURRENT
EV-0079-UAT,MC-0079,TEST_RESULT,SYN-UAT-0079,2026-08-25,PLANNED,defect_count=0,CURRENT
EV-0079-CORR,MC-0079,CORRESPONDENCE,CORR-0079,2026-08-25,IN_PROGRESS,asserted_state=IN_PROGRESS,CURRENT
EV-0080-DOC-01,MC-0080,DOCUMENT,SYN-DOC-0080-01,2026-08-19,DOCUMENT_COMPLETE,MIGRATION_ENROLMENT,CURRENT
EV-0080-DOC-02,MC-0080,DOCUMENT,SYN-DOC-0080-02,2026-08-18,DOCUMENT_COMPLETE,AUTHORIZED_CONTACT_LIST,CURRENT
EV-0080-UAT,MC-0080,TEST_RESULT,SYN-UAT-0080,2026-08-25,PASSED,defect_count=0,CURRENT
EV-0080-CORR,MC-0080,CORRESPONDENCE,CORR-0080,2026-08-23,READY,asserted_state=READY,CURRENT
EV-0081-DOC-01,MC-0081,DOCUMENT,SYN-DOC-0081-01,2026-08-19,DOCUMENT_COMPLETE,MIGRATION_ENROLMENT,CURRENT
EV-0081-DOC-02,MC-0081,DOCUMENT,SYN-DOC-0081-02,2026-08-18,DOCUMENT_COMPLETE,AUTHORIZED_CONTACT_LIST,CURRENT
EV-0081-UAT,MC-0081,TEST_RESULT,SYN-UAT-0081,2026-08-25,PLANNED,defect_count=0,CURRENT
EV-0081-CORR,MC-0081,CORRESPONDENCE,CORR-0081,2026-08-20,IN_PROGRESS,asserted_state=IN_PROGRESS,CURRENT
EV-0082-DOC-01,MC-0082,DOCUMENT,SYN-DOC-0082-01,2026-08-19,DOCUMENT_COMPLETE,MIGRATION_ENROLMENT,CURRENT
EV-0082-DOC-02,MC-0082,DOCUMENT,SYN-DOC-0082-02,2026-08-18,DOCUMENT_COMPLETE,AUTHORIZED_CONTACT_LIST,CURRENT
EV-0082-UAT,MC-0082,TEST_RESULT,SYN-UAT-0082,2026-08-25,PLANNED,defect_count=0,CURRENT
EV-0082-CORR,MC-0082,CORRESPONDENCE,CORR-0082,2026-08-25,IN_PROGRESS,asserted_state=IN_PROGRESS,CURRENT
EV-0083-DOC-01,MC-0083,DOCUMENT,SYN-DOC-0083-01,2026-08-19,DOCUMENT_COMPLETE,MIGRATION_ENROLMENT,CURRENT
EV-0083-DOC-02,MC-0083,DOCUMENT,SYN-DOC-0083-02,2026-08-18,DOCUMENT_COMPLETE,AUTHORIZED_CONTACT_LIST,CURRENT
EV-0083-UAT,MC-0083,TEST_RESULT,SYN-UAT-0083,2026-08-25,PLANNED,defect_count=0,CURRENT
EV-0083-CORR,MC-0083,CORRESPONDENCE,CORR-0083,2026-08-27,IN_PROGRESS,asserted_state=IN_PROGRESS,CURRENT
EV-0084-DOC-01,MC-0084,DOCUMENT,SYN-DOC-0084-01,2026-08-19,DOCUMENT_COMPLETE,MIGRATION_ENROLMENT,CURRENT
EV-0084-DOC-02,MC-0084,DOCUMENT,SYN-DOC-0084-02,2026-08-18,DOCUMENT_COMPLETE,AUTHORIZED_CONTACT_LIST,CURRENT
EV-0084-UAT,MC-0084,TEST_RESULT,SYN-UAT-0084,2026-08-25,PLANNED,defect_count=0,CURRENT
EV-0084-CORR,MC-0084,CORRESPONDENCE,CORR-0084,2026-08-23,IN_PROGRESS,asserted_state=IN_PROGRESS,CURRENT
EV-0085-DOC-01,MC-0085,DOCUMENT,SYN-DOC-0085-01,2026-08-19,DOCUMENT_COMPLETE,MIGRATION_ENROLMENT,CURRENT
EV-0085-DOC-02,MC-0085,DOCUMENT,SYN-DOC-0085-02,2026-08-18,DOCUMENT_COMPLETE,AUTHORIZED_CONTACT_LIST,CURRENT
EV-0085-UAT,MC-0085,TEST_RESULT,SYN-UAT-0085,2026-08-25,PASSED,defect_count=0,CURRENT
EV-0085-CORR,MC-0085,CORRESPONDENCE,CORR-0085,2026-08-24,READY,asserted_state=READY,CURRENT
EV-0086-DOC-01,MC-0086,DOCUMENT,SYN-DOC-0086-01,2026-08-19,DOCUMENT_COMPLETE,MIGRATION_ENROLMENT,CURRENT
EV-0086-DOC-02,MC-0086,DOCUMENT,SYN-DOC-0086-02,2026-08-18,DOCUMENT_COMPLETE,AUTHORIZED_CONTACT_LIST,CURRENT
EV-0086-UAT,MC-0086,TEST_RESULT,SYN-UAT-0086,2026-08-25,PLANNED,defect_count=0,CURRENT
EV-0086-CORR,MC-0086,CORRESPONDENCE,CORR-0086,2026-08-19,IN_PROGRESS,asserted_state=IN_PROGRESS,CURRENT
EV-0087-DOC-01,MC-0087,DOCUMENT,SYN-DOC-0087-01,2026-08-19,DOCUMENT_COMPLETE,MIGRATION_ENROLMENT,CURRENT
EV-0087-DOC-02,MC-0087,DOCUMENT,SYN-DOC-0087-02,2026-08-18,DOCUMENT_COMPLETE,AUTHORIZED_CONTACT_LIST,CURRENT
EV-0087-UAT,MC-0087,TEST_RESULT,SYN-UAT-0087,2026-08-25,PLANNED,defect_count=0,CURRENT
EV-0087-CORR,MC-0087,CORRESPONDENCE,CORR-0087,2026-08-19,IN_PROGRESS,asserted_state=IN_PROGRESS,CURRENT
EV-0088-DOC-01,MC-0088,DOCUMENT,SYN-DOC-0088-01,2026-08-19,DOCUMENT_COMPLETE,MIGRATION_ENROLMENT,CURRENT
EV-0088-DOC-02,MC-0088,DOCUMENT,SYN-DOC-0088-02,2026-08-18,DOCUMENT_COMPLETE,AUTHORIZED_CONTACT_LIST,CURRENT
EV-0088-UAT,MC-0088,TEST_RESULT,SYN-UAT-0088,2026-08-25,PLANNED,defect_count=0,CURRENT
EV-0088-CORR,MC-0088,CORRESPONDENCE,CORR-0088,2026-08-25,IN_PROGRESS,asserted_state=IN_PROGRESS,CURRENT
EV-0089-DOC-01,MC-0089,DOCUMENT,SYN-DOC-0089-01,2026-08-19,DOCUMENT_COMPLETE,MIGRATION_ENROLMENT,CURRENT
EV-0089-DOC-02,MC-0089,DOCUMENT,SYN-DOC-0089-02,2026-08-18,DOCUMENT_COMPLETE,AUTHORIZED_CONTACT_LIST,CURRENT
EV-0089-UAT,MC-0089,TEST_RESULT,SYN-UAT-0089,2026-08-25,PLANNED,defect_count=0,CURRENT
EV-0089-CORR,MC-0089,CORRESPONDENCE,CORR-0089,2026-08-18,IN_PROGRESS,asserted_state=IN_PROGRESS,CURRENT
EV-0090-DOC-01,MC-0090,DOCUMENT,SYN-DOC-0090-01,2026-08-19,DOCUMENT_COMPLETE,MIGRATION_ENROLMENT,CURRENT
EV-0090-DOC-02,MC-0090,DOCUMENT,SYN-DOC-0090-02,2026-08-18,DOCUMENT_COMPLETE,AUTHORIZED_CONTACT_LIST,CURRENT
EV-0090-UAT,MC-0090,TEST_RESULT,SYN-UAT-0090,2026-08-25,PASSED,defect_count=0,CURRENT
EV-0090-CORR,MC-0090,CORRESPONDENCE,CORR-0090,2026-08-23,READY,asserted_state=READY,CURRENT
EV-0091-DOC-01,MC-0091,DOCUMENT,SYN-DOC-0091-01,2026-08-19,DOCUMENT_COMPLETE,MIGRATION_ENROLMENT,CURRENT
EV-0091-DOC-02,MC-0091,DOCUMENT,SYN-DOC-0091-02,2026-08-18,DOCUMENT_COMPLETE,AUTHORIZED_CONTACT_LIST,CURRENT
EV-0091-UAT,MC-0091,TEST_RESULT,SYN-UAT-0091,2026-08-25,PLANNED,defect_count=0,CURRENT
EV-0091-CORR,MC-0091,CORRESPONDENCE,CORR-0091,2026-08-23,IN_PROGRESS,asserted_state=IN_PROGRESS,CURRENT
EV-0092-DOC-01,MC-0092,DOCUMENT,SYN-DOC-0092-01,2026-08-19,DOCUMENT_COMPLETE,MIGRATION_ENROLMENT,CURRENT
EV-0092-DOC-02,MC-0092,DOCUMENT,SYN-DOC-0092-02,2026-08-18,DOCUMENT_COMPLETE,AUTHORIZED_CONTACT_LIST,CURRENT
EV-0092-UAT,MC-0092,TEST_RESULT,SYN-UAT-0092,2026-08-25,PLANNED,defect_count=0,CURRENT
EV-0092-CORR,MC-0092,CORRESPONDENCE,CORR-0092,2026-08-20,IN_PROGRESS,asserted_state=IN_PROGRESS,CURRENT
EV-0093-DOC-01,MC-0093,DOCUMENT,SYN-DOC-0093-01,2026-08-19,DOCUMENT_COMPLETE,MIGRATION_ENROLMENT,CURRENT
EV-0093-DOC-02,MC-0093,DOCUMENT,SYN-DOC-0093-02,2026-08-18,DOCUMENT_COMPLETE,AUTHORIZED_CONTACT_LIST,CURRENT
EV-0093-UAT,MC-0093,TEST_RESULT,SYN-UAT-0093,2026-08-25,PLANNED,defect_count=0,CURRENT
EV-0093-CORR,MC-0093,CORRESPONDENCE,CORR-0093,2026-08-20,IN_PROGRESS,asserted_state=IN_PROGRESS,CURRENT
EV-0094-DOC-01,MC-0094,DOCUMENT,SYN-DOC-0094-01,2026-08-19,DOCUMENT_COMPLETE,MIGRATION_ENROLMENT,CURRENT
EV-0094-DOC-02,MC-0094,DOCUMENT,SYN-DOC-0094-02,2026-08-18,DOCUMENT_COMPLETE,AUTHORIZED_CONTACT_LIST,CURRENT
EV-0094-UAT,MC-0094,TEST_RESULT,SYN-UAT-0094,2026-08-25,PLANNED,defect_count=0,CURRENT
EV-0094-CORR,MC-0094,CORRESPONDENCE,CORR-0094,2026-08-25,IN_PROGRESS,asserted_state=IN_PROGRESS,CURRENT
EV-0095-DOC-01,MC-0095,DOCUMENT,SYN-DOC-0095-01,2026-08-19,DOCUMENT_COMPLETE,MIGRATION_ENROLMENT,CURRENT
EV-0095-DOC-02,MC-0095,DOCUMENT,SYN-DOC-0095-02,2026-08-18,DOCUMENT_COMPLETE,AUTHORIZED_CONTACT_LIST,CURRENT
EV-0095-UAT,MC-0095,TEST_RESULT,SYN-UAT-0095,2026-08-25,PASSED,defect_count=0,CURRENT
EV-0095-CORR,MC-0095,CORRESPONDENCE,CORR-0095,2026-08-19,READY,asserted_state=READY,CURRENT
EV-0096-DOC-01,MC-0096,DOCUMENT,SYN-DOC-0096-01,2026-08-19,DOCUMENT_COMPLETE,MIGRATION_ENROLMENT,CURRENT
EV-0096-DOC-02,MC-0096,DOCUMENT,SYN-DOC-0096-02,2026-08-18,DOCUMENT_COMPLETE,AUTHORIZED_CONTACT_LIST,CURRENT
EV-0096-UAT,MC-0096,TEST_RESULT,SYN-UAT-0096,2026-08-25,PLANNED,defect_count=0,CURRENT
EV-0096-CORR,MC-0096,CORRESPONDENCE,CORR-0096,2026-08-21,IN_PROGRESS,asserted_state=IN_PROGRESS,CURRENT
EV-0097-DOC-01,MC-0097,DOCUMENT,SYN-DOC-0097-01,2026-08-19,DOCUMENT_COMPLETE,MIGRATION_ENROLMENT,CURRENT
EV-0097-DOC-02,MC-0097,DOCUMENT,SYN-DOC-0097-02,2026-08-18,DOCUMENT_COMPLETE,AUTHORIZED_CONTACT_LIST,CURRENT
EV-0097-UAT,MC-0097,TEST_RESULT,SYN-UAT-0097,2026-08-25,PLANNED,defect_count=0,CURRENT
EV-0097-CORR,MC-0097,CORRESPONDENCE,CORR-0097,2026-08-27,IN_PROGRESS,asserted_state=IN_PROGRESS,CURRENT
EV-0098-DOC-01,MC-0098,DOCUMENT,SYN-DOC-0098-01,2026-08-19,DOCUMENT_COMPLETE,MIGRATION_ENROLMENT,CURRENT
EV-0098-DOC-02,MC-0098,DOCUMENT,SYN-DOC-0098-02,2026-08-18,DOCUMENT_COMPLETE,AUTHORIZED_CONTACT_LIST,CURRENT
EV-0098-UAT,MC-0098,TEST_RESULT,SYN-UAT-0098,2026-08-25,PLANNED,defect_count=0,CURRENT
EV-0098-CORR,MC-0098,CORRESPONDENCE,CORR-0098,2026-08-18,IN_PROGRESS,asserted_state=IN_PROGRESS,CURRENT
EV-0099-DOC-01,MC-0099,DOCUMENT,SYN-DOC-0099-01,2026-08-19,DOCUMENT_COMPLETE,MIGRATION_ENROLMENT,CURRENT
EV-0099-DOC-02,MC-0099,DOCUMENT,SYN-DOC-0099-02,2026-08-18,DOCUMENT_COMPLETE,AUTHORIZED_CONTACT_LIST,CURRENT
EV-0099-UAT,MC-0099,TEST_RESULT,SYN-UAT-0099,2026-08-25,PLANNED,defect_count=0,CURRENT
EV-0099-CORR,MC-0099,CORRESPONDENCE,CORR-0099,2026-08-24,IN_PROGRESS,asserted_state=IN_PROGRESS,CURRENT
EV-0100-DOC-01,MC-0100,DOCUMENT,SYN-DOC-0100-01,2026-08-19,DOCUMENT_COMPLETE,MIGRATION_ENROLMENT,CURRENT
EV-0100-DOC-02,MC-0100,DOCUMENT,SYN-DOC-0100-02,2026-08-18,DOCUMENT_COMPLETE,AUTHORIZED_CONTACT_LIST,CURRENT
EV-0100-UAT,MC-0100,TEST_RESULT,SYN-UAT-0100,2026-08-25,PASSED,defect_count=0,CURRENT
EV-0100-CORR,MC-0100,CORRESPONDENCE,CORR-0100,2026-08-23,READY,asserted_state=READY,CURRENT
EV-0101-DOC-01,MC-0101,DOCUMENT,SYN-DOC-0101-01,2026-08-19,DOCUMENT_COMPLETE,MIGRATION_ENROLMENT,CURRENT
EV-0101-DOC-02,MC-0101,DOCUMENT,SYN-DOC-0101-02,2026-08-18,DOCUMENT_COMPLETE,AUTHORIZED_CONTACT_LIST,CURRENT
EV-0101-UAT,MC-0101,TEST_RESULT,SYN-UAT-0101,2026-08-25,PLANNED,defect_count=0,CURRENT
EV-0101-CORR,MC-0101,CORRESPONDENCE,CORR-0101,2026-08-19,IN_PROGRESS,asserted_state=IN_PROGRESS,CURRENT
EV-0102-DOC-01,MC-0102,DOCUMENT,SYN-DOC-0102-01,2026-08-19,DOCUMENT_COMPLETE,MIGRATION_ENROLMENT,CURRENT
EV-0102-DOC-02,MC-0102,DOCUMENT,SYN-DOC-0102-02,2026-08-18,DOCUMENT_COMPLETE,AUTHORIZED_CONTACT_LIST,CURRENT
EV-0102-UAT,MC-0102,TEST_RESULT,SYN-UAT-0102,2026-08-25,PLANNED,defect_count=0,CURRENT
EV-0102-CORR,MC-0102,CORRESPONDENCE,CORR-0102,2026-08-26,IN_PROGRESS,asserted_state=IN_PROGRESS,CURRENT
EV-0103-DOC-01,MC-0103,DOCUMENT,SYN-DOC-0103-01,2026-08-19,DOCUMENT_COMPLETE,MIGRATION_ENROLMENT,CURRENT
EV-0103-DOC-02,MC-0103,DOCUMENT,SYN-DOC-0103-02,2026-08-18,DOCUMENT_COMPLETE,AUTHORIZED_CONTACT_LIST,CURRENT
EV-0103-UAT,MC-0103,TEST_RESULT,SYN-UAT-0103,2026-08-25,PLANNED,defect_count=0,CURRENT
EV-0103-CORR,MC-0103,CORRESPONDENCE,CORR-0103,2026-08-26,IN_PROGRESS,asserted_state=IN_PROGRESS,CURRENT
EV-0104-DOC-01,MC-0104,DOCUMENT,SYN-DOC-0104-01,2026-08-19,DOCUMENT_COMPLETE,MIGRATION_ENROLMENT,CURRENT
EV-0104-DOC-02,MC-0104,DOCUMENT,SYN-DOC-0104-02,2026-08-18,DOCUMENT_COMPLETE,AUTHORIZED_CONTACT_LIST,CURRENT
EV-0104-UAT,MC-0104,TEST_RESULT,SYN-UAT-0104,2026-08-25,PLANNED,defect_count=0,CURRENT
EV-0104-CORR,MC-0104,CORRESPONDENCE,CORR-0104,2026-08-22,IN_PROGRESS,asserted_state=IN_PROGRESS,CURRENT
EV-0105-DOC-01,MC-0105,DOCUMENT,SYN-DOC-0105-01,2026-08-19,DOCUMENT_COMPLETE,MIGRATION_ENROLMENT,CURRENT
EV-0105-DOC-02,MC-0105,DOCUMENT,SYN-DOC-0105-02,2026-08-18,DOCUMENT_COMPLETE,AUTHORIZED_CONTACT_LIST,CURRENT
EV-0105-UAT,MC-0105,TEST_RESULT,SYN-UAT-0105,2026-08-25,PASSED,defect_count=0,CURRENT
EV-0105-CORR,MC-0105,CORRESPONDENCE,CORR-0105,2026-08-20,READY,asserted_state=READY,CURRENT
EV-0106-DOC-01,MC-0106,DOCUMENT,SYN-DOC-0106-01,2026-08-19,DOCUMENT_COMPLETE,MIGRATION_ENROLMENT,CURRENT
EV-0106-DOC-02,MC-0106,DOCUMENT,SYN-DOC-0106-02,2026-08-18,DOCUMENT_COMPLETE,AUTHORIZED_CONTACT_LIST,CURRENT
EV-0106-UAT,MC-0106,TEST_RESULT,SYN-UAT-0106,2026-08-25,PLANNED,defect_count=0,CURRENT
EV-0106-CORR,MC-0106,CORRESPONDENCE,CORR-0106,2026-08-19,IN_PROGRESS,asserted_state=IN_PROGRESS,CURRENT
EV-0107-DOC-01,MC-0107,DOCUMENT,SYN-DOC-0107-01,2026-08-19,DOCUMENT_COMPLETE,MIGRATION_ENROLMENT,CURRENT
EV-0107-DOC-02,MC-0107,DOCUMENT,SYN-DOC-0107-02,2026-08-18,DOCUMENT_COMPLETE,AUTHORIZED_CONTACT_LIST,CURRENT
EV-0107-UAT,MC-0107,TEST_RESULT,SYN-UAT-0107,2026-08-25,PLANNED,defect_count=0,CURRENT
EV-0107-CORR,MC-0107,CORRESPONDENCE,CORR-0107,2026-08-19,IN_PROGRESS,asserted_state=IN_PROGRESS,CURRENT
EV-0108-DOC-01,MC-0108,DOCUMENT,SYN-DOC-0108-01,2026-08-19,DOCUMENT_COMPLETE,MIGRATION_ENROLMENT,CURRENT
EV-0108-DOC-02,MC-0108,DOCUMENT,SYN-DOC-0108-02,2026-08-18,DOCUMENT_COMPLETE,AUTHORIZED_CONTACT_LIST,CURRENT
EV-0108-UAT,MC-0108,TEST_RESULT,SYN-UAT-0108,2026-08-25,PLANNED,defect_count=0,CURRENT
EV-0108-CORR,MC-0108,CORRESPONDENCE,CORR-0108,2026-08-26,IN_PROGRESS,asserted_state=IN_PROGRESS,CURRENT
EV-0109-DOC-01,MC-0109,DOCUMENT,SYN-DOC-0109-01,2026-08-19,DOCUMENT_COMPLETE,MIGRATION_ENROLMENT,CURRENT
EV-0109-DOC-02,MC-0109,DOCUMENT,SYN-DOC-0109-02,2026-08-18,DOCUMENT_COMPLETE,AUTHORIZED_CONTACT_LIST,CURRENT
EV-0109-UAT,MC-0109,TEST_RESULT,SYN-UAT-0109,2026-08-25,PLANNED,defect_count=0,CURRENT
EV-0109-CORR,MC-0109,CORRESPONDENCE,CORR-0109,2026-08-24,IN_PROGRESS,asserted_state=IN_PROGRESS,CURRENT
EV-0110-DOC-01,MC-0110,DOCUMENT,SYN-DOC-0110-01,2026-08-19,DOCUMENT_COMPLETE,MIGRATION_ENROLMENT,CURRENT
EV-0110-DOC-02,MC-0110,DOCUMENT,SYN-DOC-0110-02,2026-08-18,DOCUMENT_COMPLETE,AUTHORIZED_CONTACT_LIST,CURRENT
EV-0110-UAT,MC-0110,TEST_RESULT,SYN-UAT-0110,2026-08-25,PASSED,defect_count=0,CURRENT
EV-0110-CORR,MC-0110,CORRESPONDENCE,CORR-0110,2026-08-24,READY,asserted_state=READY,CURRENT
EV-0111-DOC-01,MC-0111,DOCUMENT,SYN-DOC-0111-01,2026-08-19,DOCUMENT_COMPLETE,MIGRATION_ENROLMENT,CURRENT
EV-0111-DOC-02,MC-0111,DOCUMENT,SYN-DOC-0111-02,2026-08-18,DOCUMENT_COMPLETE,AUTHORIZED_CONTACT_LIST,CURRENT
EV-0111-UAT,MC-0111,TEST_RESULT,SYN-UAT-0111,2026-08-25,PLANNED,defect_count=0,CURRENT
EV-0111-CORR,MC-0111,CORRESPONDENCE,CORR-0111,2026-08-27,IN_PROGRESS,asserted_state=IN_PROGRESS,CURRENT
EV-0112-DOC-01,MC-0112,DOCUMENT,SYN-DOC-0112-01,2026-08-19,DOCUMENT_COMPLETE,MIGRATION_ENROLMENT,CURRENT
EV-0112-DOC-02,MC-0112,DOCUMENT,SYN-DOC-0112-02,2026-08-18,DOCUMENT_COMPLETE,AUTHORIZED_CONTACT_LIST,CURRENT
EV-0112-UAT,MC-0112,TEST_RESULT,SYN-UAT-0112,2026-08-25,PLANNED,defect_count=0,CURRENT
EV-0112-CORR,MC-0112,CORRESPONDENCE,CORR-0112,2026-08-24,IN_PROGRESS,asserted_state=IN_PROGRESS,CURRENT
EV-0113-DOC-01,MC-0113,DOCUMENT,SYN-DOC-0113-01,2026-08-19,DOCUMENT_COMPLETE,MIGRATION_ENROLMENT,CURRENT
EV-0113-DOC-02,MC-0113,DOCUMENT,SYN-DOC-0113-02,2026-08-18,DOCUMENT_COMPLETE,AUTHORIZED_CONTACT_LIST,CURRENT
EV-0113-UAT,MC-0113,TEST_RESULT,SYN-UAT-0113,2026-08-25,PLANNED,defect_count=0,CURRENT
EV-0113-CORR,MC-0113,CORRESPONDENCE,CORR-0113,2026-08-24,IN_PROGRESS,asserted_state=IN_PROGRESS,CURRENT
EV-0114-DOC-01,MC-0114,DOCUMENT,SYN-DOC-0114-01,2026-08-19,DOCUMENT_COMPLETE,MIGRATION_ENROLMENT,CURRENT
EV-0114-DOC-02,MC-0114,DOCUMENT,SYN-DOC-0114-02,2026-08-18,DOCUMENT_COMPLETE,AUTHORIZED_CONTACT_LIST,CURRENT
EV-0114-UAT,MC-0114,TEST_RESULT,SYN-UAT-0114,2026-08-25,PLANNED,defect_count=0,CURRENT
EV-0114-CORR,MC-0114,CORRESPONDENCE,CORR-0114,2026-08-25,IN_PROGRESS,asserted_state=IN_PROGRESS,CURRENT
EV-0115-DOC-01,MC-0115,DOCUMENT,SYN-DOC-0115-01,2026-08-19,DOCUMENT_COMPLETE,MIGRATION_ENROLMENT,CURRENT
EV-0115-DOC-02,MC-0115,DOCUMENT,SYN-DOC-0115-02,2026-08-18,DOCUMENT_COMPLETE,AUTHORIZED_CONTACT_LIST,CURRENT
EV-0115-UAT,MC-0115,TEST_RESULT,SYN-UAT-0115,2026-08-25,PASSED,defect_count=0,CURRENT
EV-0115-CORR,MC-0115,CORRESPONDENCE,CORR-0115,2026-08-25,READY,asserted_state=READY,CURRENT
EV-0116-DOC-01,MC-0116,DOCUMENT,SYN-DOC-0116-01,2026-08-19,DOCUMENT_COMPLETE,MIGRATION_ENROLMENT,CURRENT
EV-0116-DOC-02,MC-0116,DOCUMENT,SYN-DOC-0116-02,2026-08-18,DOCUMENT_COMPLETE,AUTHORIZED_CONTACT_LIST,CURRENT
EV-0116-UAT,MC-0116,TEST_RESULT,SYN-UAT-0116,2026-08-25,PLANNED,defect_count=0,CURRENT
EV-0116-CORR,MC-0116,CORRESPONDENCE,CORR-0116,2026-08-18,IN_PROGRESS,asserted_state=IN_PROGRESS,CURRENT
EV-0117-DOC-01,MC-0117,DOCUMENT,SYN-DOC-0117-01,2026-08-19,DOCUMENT_COMPLETE,MIGRATION_ENROLMENT,CURRENT
EV-0117-DOC-02,MC-0117,DOCUMENT,SYN-DOC-0117-02,2026-08-18,DOCUMENT_COMPLETE,AUTHORIZED_CONTACT_LIST,CURRENT
EV-0117-UAT,MC-0117,TEST_RESULT,SYN-UAT-0117,2026-08-25,PLANNED,defect_count=0,CURRENT
EV-0117-CORR,MC-0117,CORRESPONDENCE,CORR-0117,2026-08-22,IN_PROGRESS,asserted_state=IN_PROGRESS,CURRENT
EV-0118-DOC-01,MC-0118,DOCUMENT,SYN-DOC-0118-01,2026-08-19,DOCUMENT_COMPLETE,MIGRATION_ENROLMENT,CURRENT
EV-0118-DOC-02,MC-0118,DOCUMENT,SYN-DOC-0118-02,2026-08-18,DOCUMENT_COMPLETE,AUTHORIZED_CONTACT_LIST,CURRENT
EV-0118-UAT,MC-0118,TEST_RESULT,SYN-UAT-0118,2026-08-25,PLANNED,defect_count=0,CURRENT
EV-0118-CORR,MC-0118,CORRESPONDENCE,CORR-0118,2026-08-23,IN_PROGRESS,asserted_state=IN_PROGRESS,CURRENT
EV-0119-DOC-01,MC-0119,DOCUMENT,SYN-DOC-0119-01,2026-08-19,DOCUMENT_COMPLETE,MIGRATION_ENROLMENT,CURRENT
EV-0119-DOC-02,MC-0119,DOCUMENT,SYN-DOC-0119-02,2026-08-18,DOCUMENT_COMPLETE,AUTHORIZED_CONTACT_LIST,CURRENT
EV-0119-UAT,MC-0119,TEST_RESULT,SYN-UAT-0119,2026-08-25,PLANNED,defect_count=0,CURRENT
EV-0119-CORR,MC-0119,CORRESPONDENCE,CORR-0119,2026-08-18,IN_PROGRESS,asserted_state=IN_PROGRESS,CURRENT
EV-0120-DOC-01,MC-0120,DOCUMENT,SYN-DOC-0120-01,2026-08-19,DOCUMENT_COMPLETE,MIGRATION_ENROLMENT,CURRENT
EV-0120-DOC-02,MC-0120,DOCUMENT,SYN-DOC-0120-02,2026-08-18,DOCUMENT_COMPLETE,AUTHORIZED_CONTACT_LIST,CURRENT
EV-0120-UAT,MC-0120,TEST_RESULT,SYN-UAT-0120,2026-08-25,PASSED,defect_count=0,CURRENT
EV-0120-CORR,MC-0120,CORRESPONDENCE,CORR-0120,2026-08-24,READY,asserted_state=READY,CURRENT
EV-0121-DOC-01,MC-0121,DOCUMENT,SYN-DOC-0121-01,2026-08-19,DOCUMENT_COMPLETE,MIGRATION_ENROLMENT,CURRENT
EV-0121-DOC-02,MC-0121,DOCUMENT,SYN-DOC-0121-02,2026-08-18,DOCUMENT_COMPLETE,AUTHORIZED_CONTACT_LIST,CURRENT
EV-0121-UAT,MC-0121,TEST_RESULT,SYN-UAT-0121,2026-08-25,PLANNED,defect_count=0,CURRENT
EV-0121-CORR,MC-0121,CORRESPONDENCE,CORR-0121,2026-08-23,IN_PROGRESS,asserted_state=IN_PROGRESS,CURRENT
EV-0122-DOC-01,MC-0122,DOCUMENT,SYN-DOC-0122-01,2026-08-19,DOCUMENT_COMPLETE,MIGRATION_ENROLMENT,CURRENT
EV-0122-DOC-02,MC-0122,DOCUMENT,SYN-DOC-0122-02,2026-08-18,DOCUMENT_COMPLETE,AUTHORIZED_CONTACT_LIST,CURRENT
EV-0122-UAT,MC-0122,TEST_RESULT,SYN-UAT-0122,2026-08-25,PLANNED,defect_count=0,CURRENT
EV-0122-CORR,MC-0122,CORRESPONDENCE,CORR-0122,2026-08-19,IN_PROGRESS,asserted_state=IN_PROGRESS,CURRENT
EV-0123-DOC-01,MC-0123,DOCUMENT,SYN-DOC-0123-01,2026-08-19,DOCUMENT_COMPLETE,MIGRATION_ENROLMENT,CURRENT
EV-0123-DOC-02,MC-0123,DOCUMENT,SYN-DOC-0123-02,2026-08-18,DOCUMENT_COMPLETE,AUTHORIZED_CONTACT_LIST,CURRENT
EV-0123-UAT,MC-0123,TEST_RESULT,SYN-UAT-0123,2026-08-25,PLANNED,defect_count=0,CURRENT
EV-0123-CORR,MC-0123,CORRESPONDENCE,CORR-0123,2026-08-26,IN_PROGRESS,asserted_state=IN_PROGRESS,CURRENT
EV-0124-DOC-01,MC-0124,DOCUMENT,SYN-DOC-0124-01,2026-08-19,DOCUMENT_COMPLETE,MIGRATION_ENROLMENT,CURRENT
EV-0124-DOC-02,MC-0124,DOCUMENT,SYN-DOC-0124-02,2026-08-18,DOCUMENT_COMPLETE,AUTHORIZED_CONTACT_LIST,CURRENT
EV-0124-UAT,MC-0124,TEST_RESULT,SYN-UAT-0124,2026-08-25,PLANNED,defect_count=0,CURRENT
EV-0124-CORR,MC-0124,CORRESPONDENCE,CORR-0124,2026-08-18,IN_PROGRESS,asserted_state=IN_PROGRESS,CURRENT
EV-0125-DOC-01,MC-0125,DOCUMENT,SYN-DOC-0125-01,2026-08-19,DOCUMENT_COMPLETE,MIGRATION_ENROLMENT,CURRENT
EV-0125-DOC-02,MC-0125,DOCUMENT,SYN-DOC-0125-02,2026-08-18,DOCUMENT_COMPLETE,AUTHORIZED_CONTACT_LIST,CURRENT
EV-0125-UAT,MC-0125,TEST_RESULT,SYN-UAT-0125,2026-08-25,PASSED,defect_count=0,CURRENT
EV-0125-CORR,MC-0125,CORRESPONDENCE,CORR-0125,2026-08-27,READY,asserted_state=READY,CURRENT
EV-0126-DOC-01,MC-0126,DOCUMENT,SYN-DOC-0126-01,2026-08-19,DOCUMENT_COMPLETE,MIGRATION_ENROLMENT,CURRENT
EV-0126-DOC-02,MC-0126,DOCUMENT,SYN-DOC-0126-02,2026-08-18,DOCUMENT_COMPLETE,AUTHORIZED_CONTACT_LIST,CURRENT
EV-0126-UAT,MC-0126,TEST_RESULT,SYN-UAT-0126,2026-08-25,PLANNED,defect_count=0,CURRENT
EV-0126-CORR,MC-0126,CORRESPONDENCE,CORR-0126,2026-08-22,IN_PROGRESS,asserted_state=IN_PROGRESS,CURRENT
EV-0127-DOC-01,MC-0127,DOCUMENT,SYN-DOC-0127-01,2026-08-19,DOCUMENT_COMPLETE,MIGRATION_ENROLMENT,CURRENT
EV-0127-DOC-02,MC-0127,DOCUMENT,SYN-DOC-0127-02,2026-08-18,DOCUMENT_COMPLETE,AUTHORIZED_CONTACT_LIST,CURRENT
EV-0127-UAT,MC-0127,TEST_RESULT,SYN-UAT-0127,2026-08-25,PLANNED,defect_count=0,CURRENT
EV-0127-CORR,MC-0127,CORRESPONDENCE,CORR-0127,2026-08-23,IN_PROGRESS,asserted_state=IN_PROGRESS,CURRENT
EV-0128-DOC-01,MC-0128,DOCUMENT,SYN-DOC-0128-01,2026-08-19,DOCUMENT_COMPLETE,MIGRATION_ENROLMENT,CURRENT
EV-0128-DOC-02,MC-0128,DOCUMENT,SYN-DOC-0128-02,2026-08-18,DOCUMENT_COMPLETE,AUTHORIZED_CONTACT_LIST,CURRENT
EV-0128-UAT,MC-0128,TEST_RESULT,SYN-UAT-0128,2026-08-25,PLANNED,defect_count=0,CURRENT
EV-0128-CORR,MC-0128,CORRESPONDENCE,CORR-0128,2026-08-18,IN_PROGRESS,asserted_state=IN_PROGRESS,CURRENT
EV-0129-DOC-01,MC-0129,DOCUMENT,SYN-DOC-0129-01,2026-08-19,DOCUMENT_COMPLETE,MIGRATION_ENROLMENT,CURRENT
EV-0129-DOC-02,MC-0129,DOCUMENT,SYN-DOC-0129-02,2026-08-18,DOCUMENT_COMPLETE,AUTHORIZED_CONTACT_LIST,CURRENT
EV-0129-UAT,MC-0129,TEST_RESULT,SYN-UAT-0129,2026-08-25,PLANNED,defect_count=0,CURRENT
EV-0129-CORR,MC-0129,CORRESPONDENCE,CORR-0129,2026-08-19,IN_PROGRESS,asserted_state=IN_PROGRESS,CURRENT
EV-0130-DOC-01,MC-0130,DOCUMENT,SYN-DOC-0130-01,2026-08-19,DOCUMENT_COMPLETE,MIGRATION_ENROLMENT,CURRENT
EV-0130-DOC-02,MC-0130,DOCUMENT,SYN-DOC-0130-02,2026-08-18,DOCUMENT_COMPLETE,AUTHORIZED_CONTACT_LIST,CURRENT
EV-0130-UAT,MC-0130,TEST_RESULT,SYN-UAT-0130,2026-08-25,PASSED,defect_count=0,CURRENT
EV-0130-CORR,MC-0130,CORRESPONDENCE,CORR-0130,2026-08-27,READY,asserted_state=READY,CURRENT
EV-0131-DOC-01,MC-0131,DOCUMENT,SYN-DOC-0131-01,2026-08-19,DOCUMENT_COMPLETE,MIGRATION_ENROLMENT,CURRENT
EV-0131-DOC-02,MC-0131,DOCUMENT,SYN-DOC-0131-02,2026-08-18,DOCUMENT_COMPLETE,AUTHORIZED_CONTACT_LIST,CURRENT
EV-0131-UAT,MC-0131,TEST_RESULT,SYN-UAT-0131,2026-08-25,PLANNED,defect_count=0,CURRENT
EV-0131-CORR,MC-0131,CORRESPONDENCE,CORR-0131,2026-08-25,IN_PROGRESS,asserted_state=IN_PROGRESS,CURRENT
EV-0132-DOC-01,MC-0132,DOCUMENT,SYN-DOC-0132-01,2026-08-19,DOCUMENT_COMPLETE,MIGRATION_ENROLMENT,CURRENT
EV-0132-DOC-02,MC-0132,DOCUMENT,SYN-DOC-0132-02,2026-08-18,DOCUMENT_COMPLETE,AUTHORIZED_CONTACT_LIST,CURRENT
EV-0132-UAT,MC-0132,TEST_RESULT,SYN-UAT-0132,2026-08-25,PLANNED,defect_count=0,CURRENT
EV-0132-CORR,MC-0132,CORRESPONDENCE,CORR-0132,2026-08-24,IN_PROGRESS,asserted_state=IN_PROGRESS,CURRENT
EV-0133-DOC-01,MC-0133,DOCUMENT,SYN-DOC-0133-01,2026-08-19,DOCUMENT_COMPLETE,MIGRATION_ENROLMENT,CURRENT
EV-0133-DOC-02,MC-0133,DOCUMENT,SYN-DOC-0133-02,2026-08-18,DOCUMENT_COMPLETE,AUTHORIZED_CONTACT_LIST,CURRENT
EV-0133-UAT,MC-0133,TEST_RESULT,SYN-UAT-0133,2026-08-25,PLANNED,defect_count=0,CURRENT
EV-0133-CORR,MC-0133,CORRESPONDENCE,CORR-0133,2026-08-26,IN_PROGRESS,asserted_state=IN_PROGRESS,CURRENT
EV-0134-DOC-01,MC-0134,DOCUMENT,SYN-DOC-0134-01,2026-08-19,DOCUMENT_COMPLETE,MIGRATION_ENROLMENT,CURRENT
EV-0134-DOC-02,MC-0134,DOCUMENT,SYN-DOC-0134-02,2026-08-18,DOCUMENT_COMPLETE,AUTHORIZED_CONTACT_LIST,CURRENT
EV-0134-UAT,MC-0134,TEST_RESULT,SYN-UAT-0134,2026-08-25,PLANNED,defect_count=0,CURRENT
EV-0134-CORR,MC-0134,CORRESPONDENCE,CORR-0134,2026-08-22,IN_PROGRESS,asserted_state=IN_PROGRESS,CURRENT
EV-0135-DOC-01,MC-0135,DOCUMENT,SYN-DOC-0135-01,2026-08-19,DOCUMENT_COMPLETE,MIGRATION_ENROLMENT,CURRENT
EV-0135-DOC-02,MC-0135,DOCUMENT,SYN-DOC-0135-02,2026-08-18,DOCUMENT_COMPLETE,AUTHORIZED_CONTACT_LIST,CURRENT
EV-0135-UAT,MC-0135,TEST_RESULT,SYN-UAT-0135,2026-08-25,PASSED,defect_count=0,CURRENT
EV-0135-CORR,MC-0135,CORRESPONDENCE,CORR-0135,2026-08-25,READY,asserted_state=READY,CURRENT
EV-0136-DOC-01,MC-0136,DOCUMENT,SYN-DOC-0136-01,2026-08-19,DOCUMENT_COMPLETE,MIGRATION_ENROLMENT,CURRENT
EV-0136-DOC-02,MC-0136,DOCUMENT,SYN-DOC-0136-02,2026-08-18,DOCUMENT_COMPLETE,AUTHORIZED_CONTACT_LIST,CURRENT
EV-0136-UAT,MC-0136,TEST_RESULT,SYN-UAT-0136,2026-08-25,PLANNED,defect_count=0,CURRENT
EV-0136-CORR,MC-0136,CORRESPONDENCE,CORR-0136,2026-08-22,IN_PROGRESS,asserted_state=IN_PROGRESS,CURRENT
EV-0137-DOC-01,MC-0137,DOCUMENT,SYN-DOC-0137-01,2026-08-19,DOCUMENT_COMPLETE,MIGRATION_ENROLMENT,CURRENT
EV-0137-DOC-02,MC-0137,DOCUMENT,SYN-DOC-0137-02,2026-08-18,DOCUMENT_COMPLETE,AUTHORIZED_CONTACT_LIST,CURRENT
EV-0137-UAT,MC-0137,TEST_RESULT,SYN-UAT-0137,2026-08-25,PLANNED,defect_count=0,CURRENT
EV-0137-CORR,MC-0137,CORRESPONDENCE,CORR-0137,2026-08-27,IN_PROGRESS,asserted_state=IN_PROGRESS,CURRENT
EV-0138-DOC-01,MC-0138,DOCUMENT,SYN-DOC-0138-01,2026-08-19,DOCUMENT_COMPLETE,MIGRATION_ENROLMENT,CURRENT
EV-0138-DOC-02,MC-0138,DOCUMENT,SYN-DOC-0138-02,2026-08-18,DOCUMENT_COMPLETE,AUTHORIZED_CONTACT_LIST,CURRENT
EV-0138-UAT,MC-0138,TEST_RESULT,SYN-UAT-0138,2026-08-25,PLANNED,defect_count=0,CURRENT
EV-0138-CORR,MC-0138,CORRESPONDENCE,CORR-0138,2026-08-19,IN_PROGRESS,asserted_state=IN_PROGRESS,CURRENT
EV-0139-DOC-01,MC-0139,DOCUMENT,SYN-DOC-0139-01,2026-08-19,DOCUMENT_COMPLETE,MIGRATION_ENROLMENT,CURRENT
EV-0139-DOC-02,MC-0139,DOCUMENT,SYN-DOC-0139-02,2026-08-18,DOCUMENT_COMPLETE,AUTHORIZED_CONTACT_LIST,CURRENT
EV-0139-UAT,MC-0139,TEST_RESULT,SYN-UAT-0139,2026-08-25,PLANNED,defect_count=0,CURRENT
EV-0139-CORR,MC-0139,CORRESPONDENCE,CORR-0139,2026-08-22,IN_PROGRESS,asserted_state=IN_PROGRESS,CURRENT
EV-0140-DOC-01,MC-0140,DOCUMENT,SYN-DOC-0140-01,2026-08-19,DOCUMENT_COMPLETE,MIGRATION_ENROLMENT,CURRENT
EV-0140-DOC-02,MC-0140,DOCUMENT,SYN-DOC-0140-02,2026-08-18,DOCUMENT_COMPLETE,AUTHORIZED_CONTACT_LIST,CURRENT
EV-0140-UAT,MC-0140,TEST_RESULT,SYN-UAT-0140,2026-08-25,PASSED,defect_count=0,CURRENT
EV-0140-CORR,MC-0140,CORRESPONDENCE,CORR-0140,2026-08-27,READY,asserted_state=READY,CURRENT
EV-0141-DOC-01,MC-0141,DOCUMENT,SYN-DOC-0141-01,2026-08-19,DOCUMENT_COMPLETE,MIGRATION_ENROLMENT,CURRENT
EV-0141-DOC-02,MC-0141,DOCUMENT,SYN-DOC-0141-02,2026-08-18,DOCUMENT_COMPLETE,AUTHORIZED_CONTACT_LIST,CURRENT
EV-0141-UAT,MC-0141,TEST_RESULT,SYN-UAT-0141,2026-08-25,PLANNED,defect_count=0,CURRENT
EV-0141-CORR,MC-0141,CORRESPONDENCE,CORR-0141,2026-08-18,IN_PROGRESS,asserted_state=IN_PROGRESS,CURRENT
EV-0142-DOC-01,MC-0142,DOCUMENT,SYN-DOC-0142-01,2026-08-19,DOCUMENT_COMPLETE,MIGRATION_ENROLMENT,CURRENT
EV-0142-DOC-02,MC-0142,DOCUMENT,SYN-DOC-0142-02,2026-08-18,DOCUMENT_COMPLETE,AUTHORIZED_CONTACT_LIST,CURRENT
EV-0142-UAT,MC-0142,TEST_RESULT,SYN-UAT-0142,2026-08-25,PLANNED,defect_count=0,CURRENT
EV-0142-CORR,MC-0142,CORRESPONDENCE,CORR-0142,2026-08-23,IN_PROGRESS,asserted_state=IN_PROGRESS,CURRENT
EV-0143-DOC-01,MC-0143,DOCUMENT,SYN-DOC-0143-01,2026-08-19,DOCUMENT_COMPLETE,MIGRATION_ENROLMENT,CURRENT
EV-0143-DOC-02,MC-0143,DOCUMENT,SYN-DOC-0143-02,2026-08-18,DOCUMENT_COMPLETE,AUTHORIZED_CONTACT_LIST,CURRENT
EV-0143-UAT,MC-0143,TEST_RESULT,SYN-UAT-0143,2026-08-25,PLANNED,defect_count=0,CURRENT
EV-0143-CORR,MC-0143,CORRESPONDENCE,CORR-0143,2026-08-26,IN_PROGRESS,asserted_state=IN_PROGRESS,CURRENT
EV-0144-DOC-01,MC-0144,DOCUMENT,SYN-DOC-0144-01,2026-08-19,DOCUMENT_COMPLETE,MIGRATION_ENROLMENT,CURRENT
EV-0144-DOC-02,MC-0144,DOCUMENT,SYN-DOC-0144-02,2026-08-18,DOCUMENT_COMPLETE,AUTHORIZED_CONTACT_LIST,CURRENT
EV-0144-UAT,MC-0144,TEST_RESULT,SYN-UAT-0144,2026-08-25,PLANNED,defect_count=0,CURRENT
EV-0144-CORR,MC-0144,CORRESPONDENCE,CORR-0144,2026-08-25,IN_PROGRESS,asserted_state=IN_PROGRESS,CURRENT
EV-0145-DOC-01,MC-0145,DOCUMENT,SYN-DOC-0145-01,2026-08-19,DOCUMENT_COMPLETE,MIGRATION_ENROLMENT,CURRENT
EV-0145-DOC-02,MC-0145,DOCUMENT,SYN-DOC-0145-02,2026-08-18,DOCUMENT_COMPLETE,AUTHORIZED_CONTACT_LIST,CURRENT
EV-0145-UAT,MC-0145,TEST_RESULT,SYN-UAT-0145,2026-08-25,PASSED,defect_count=0,CURRENT
EV-0145-CORR,MC-0145,CORRESPONDENCE,CORR-0145,2026-08-21,READY,asserted_state=READY,CURRENT
EV-0146-DOC-01,MC-0146,DOCUMENT,SYN-DOC-0146-01,2026-08-19,DOCUMENT_COMPLETE,MIGRATION_ENROLMENT,CURRENT
EV-0146-DOC-02,MC-0146,DOCUMENT,SYN-DOC-0146-02,2026-08-18,DOCUMENT_COMPLETE,AUTHORIZED_CONTACT_LIST,CURRENT
EV-0146-UAT,MC-0146,TEST_RESULT,SYN-UAT-0146,2026-08-25,PLANNED,defect_count=0,CURRENT
EV-0146-CORR,MC-0146,CORRESPONDENCE,CORR-0146,2026-08-24,IN_PROGRESS,asserted_state=IN_PROGRESS,CURRENT
EV-0147-DOC-01,MC-0147,DOCUMENT,SYN-DOC-0147-01,2026-08-19,DOCUMENT_COMPLETE,MIGRATION_ENROLMENT,CURRENT
EV-0147-DOC-02,MC-0147,DOCUMENT,SYN-DOC-0147-02,2026-08-18,DOCUMENT_COMPLETE,AUTHORIZED_CONTACT_LIST,CURRENT
EV-0147-UAT,MC-0147,TEST_RESULT,SYN-UAT-0147,2026-08-25,PLANNED,defect_count=0,CURRENT
EV-0147-CORR,MC-0147,CORRESPONDENCE,CORR-0147,2026-08-22,IN_PROGRESS,asserted_state=IN_PROGRESS,CURRENT
EV-0148-DOC-01,MC-0148,DOCUMENT,SYN-DOC-0148-01,2026-08-19,DOCUMENT_COMPLETE,MIGRATION_ENROLMENT,CURRENT
EV-0148-DOC-02,MC-0148,DOCUMENT,SYN-DOC-0148-02,2026-08-18,DOCUMENT_COMPLETE,AUTHORIZED_CONTACT_LIST,CURRENT
EV-0148-UAT,MC-0148,TEST_RESULT,SYN-UAT-0148,2026-08-25,PLANNED,defect_count=0,CURRENT
EV-0148-CORR,MC-0148,CORRESPONDENCE,CORR-0148,2026-08-25,IN_PROGRESS,asserted_state=IN_PROGRESS,CURRENT
EV-0149-DOC-01,MC-0149,DOCUMENT,SYN-DOC-0149-01,2026-08-19,DOCUMENT_COMPLETE,MIGRATION_ENROLMENT,CURRENT
EV-0149-DOC-02,MC-0149,DOCUMENT,SYN-DOC-0149-02,2026-08-18,DOCUMENT_COMPLETE,AUTHORIZED_CONTACT_LIST,CURRENT
EV-0149-UAT,MC-0149,TEST_RESULT,SYN-UAT-0149,2026-08-25,PLANNED,defect_count=0,CURRENT
EV-0149-CORR,MC-0149,CORRESPONDENCE,CORR-0149,2026-08-23,IN_PROGRESS,asserted_state=IN_PROGRESS,CURRENT
EV-0150-DOC-01,MC-0150,DOCUMENT,SYN-DOC-0150-01,2026-08-19,DOCUMENT_COMPLETE,MIGRATION_ENROLMENT,CURRENT
EV-0150-DOC-02,MC-0150,DOCUMENT,SYN-DOC-0150-02,2026-08-18,DOCUMENT_COMPLETE,AUTHORIZED_CONTACT_LIST,CURRENT
EV-0150-UAT,MC-0150,TEST_RESULT,SYN-UAT-0150,2026-08-25,PASSED,defect_count=0,CURRENT
EV-0150-CORR,MC-0150,CORRESPONDENCE,CORR-0150,2026-08-24,READY,asserted_state=READY,CURRENT
EV-0151-DOC-01,MC-0151,DOCUMENT,SYN-DOC-0151-01,2026-08-19,DOCUMENT_COMPLETE,MIGRATION_ENROLMENT,CURRENT
EV-0151-DOC-02,MC-0151,DOCUMENT,SYN-DOC-0151-02,2026-08-18,DOCUMENT_COMPLETE,AUTHORIZED_CONTACT_LIST,CURRENT
EV-0151-UAT,MC-0151,TEST_RESULT,SYN-UAT-0151,2026-08-25,PLANNED,defect_count=0,CURRENT
EV-0151-CORR,MC-0151,CORRESPONDENCE,CORR-0151,2026-08-20,IN_PROGRESS,asserted_state=IN_PROGRESS,CURRENT
EV-0152-DOC-01,MC-0152,DOCUMENT,SYN-DOC-0152-01,2026-08-19,DOCUMENT_COMPLETE,MIGRATION_ENROLMENT,CURRENT
EV-0152-DOC-02,MC-0152,DOCUMENT,SYN-DOC-0152-02,2026-08-18,DOCUMENT_COMPLETE,AUTHORIZED_CONTACT_LIST,CURRENT
EV-0152-UAT,MC-0152,TEST_RESULT,SYN-UAT-0152,2026-08-25,PLANNED,defect_count=0,CURRENT
EV-0152-CORR,MC-0152,CORRESPONDENCE,CORR-0152,2026-08-22,IN_PROGRESS,asserted_state=IN_PROGRESS,CURRENT
EV-0153-DOC-01,MC-0153,DOCUMENT,SYN-DOC-0153-01,2026-08-19,DOCUMENT_COMPLETE,MIGRATION_ENROLMENT,CURRENT
EV-0153-DOC-02,MC-0153,DOCUMENT,SYN-DOC-0153-02,2026-08-18,DOCUMENT_COMPLETE,AUTHORIZED_CONTACT_LIST,CURRENT
EV-0153-UAT,MC-0153,TEST_RESULT,SYN-UAT-0153,2026-08-25,PLANNED,defect_count=0,CURRENT
EV-0153-CORR,MC-0153,CORRESPONDENCE,CORR-0153,2026-08-27,IN_PROGRESS,asserted_state=IN_PROGRESS,CURRENT
EV-0154-DOC-01,MC-0154,DOCUMENT,SYN-DOC-0154-01,2026-08-19,DOCUMENT_COMPLETE,MIGRATION_ENROLMENT,CURRENT
EV-0154-DOC-02,MC-0154,DOCUMENT,SYN-DOC-0154-02,2026-08-18,DOCUMENT_COMPLETE,AUTHORIZED_CONTACT_LIST,CURRENT
EV-0154-UAT,MC-0154,TEST_RESULT,SYN-UAT-0154,2026-08-25,PLANNED,defect_count=0,CURRENT
EV-0154-CORR,MC-0154,CORRESPONDENCE,CORR-0154,2026-08-27,IN_PROGRESS,asserted_state=IN_PROGRESS,CURRENT
EV-0155-DOC-01,MC-0155,DOCUMENT,SYN-DOC-0155-01,2026-08-19,DOCUMENT_COMPLETE,MIGRATION_ENROLMENT,CURRENT
EV-0155-DOC-02,MC-0155,DOCUMENT,SYN-DOC-0155-02,2026-08-18,DOCUMENT_COMPLETE,AUTHORIZED_CONTACT_LIST,CURRENT
EV-0155-UAT,MC-0155,TEST_RESULT,SYN-UAT-0155,2026-08-25,PASSED,defect_count=0,CURRENT
EV-0155-CORR,MC-0155,CORRESPONDENCE,CORR-0155,2026-08-24,READY,asserted_state=READY,CURRENT
EV-0156-DOC-01,MC-0156,DOCUMENT,SYN-DOC-0156-01,2026-08-19,DOCUMENT_COMPLETE,MIGRATION_ENROLMENT,CURRENT
EV-0156-DOC-02,MC-0156,DOCUMENT,SYN-DOC-0156-02,2026-08-18,DOCUMENT_COMPLETE,AUTHORIZED_CONTACT_LIST,CURRENT
EV-0156-UAT,MC-0156,TEST_RESULT,SYN-UAT-0156,2026-08-25,PLANNED,defect_count=0,CURRENT
EV-0156-CORR,MC-0156,CORRESPONDENCE,CORR-0156,2026-08-24,IN_PROGRESS,asserted_state=IN_PROGRESS,CURRENT
EV-0157-DOC-01,MC-0157,DOCUMENT,SYN-DOC-0157-01,2026-08-19,DOCUMENT_COMPLETE,MIGRATION_ENROLMENT,CURRENT
EV-0157-DOC-02,MC-0157,DOCUMENT,SYN-DOC-0157-02,2026-08-18,DOCUMENT_COMPLETE,AUTHORIZED_CONTACT_LIST,CURRENT
EV-0157-UAT,MC-0157,TEST_RESULT,SYN-UAT-0157,2026-08-25,PLANNED,defect_count=0,CURRENT
EV-0157-CORR,MC-0157,CORRESPONDENCE,CORR-0157,2026-08-24,IN_PROGRESS,asserted_state=IN_PROGRESS,CURRENT
EV-0158-DOC-01,MC-0158,DOCUMENT,SYN-DOC-0158-01,2026-08-19,DOCUMENT_COMPLETE,MIGRATION_ENROLMENT,CURRENT
EV-0158-DOC-02,MC-0158,DOCUMENT,SYN-DOC-0158-02,2026-08-18,DOCUMENT_COMPLETE,AUTHORIZED_CONTACT_LIST,CURRENT
EV-0158-UAT,MC-0158,TEST_RESULT,SYN-UAT-0158,2026-08-25,PLANNED,defect_count=0,CURRENT
EV-0158-CORR,MC-0158,CORRESPONDENCE,CORR-0158,2026-08-19,IN_PROGRESS,asserted_state=IN_PROGRESS,CURRENT
EV-0159-DOC-01,MC-0159,DOCUMENT,SYN-DOC-0159-01,2026-08-19,DOCUMENT_COMPLETE,MIGRATION_ENROLMENT,CURRENT
EV-0159-DOC-02,MC-0159,DOCUMENT,SYN-DOC-0159-02,2026-08-18,DOCUMENT_COMPLETE,AUTHORIZED_CONTACT_LIST,CURRENT
EV-0159-UAT,MC-0159,TEST_RESULT,SYN-UAT-0159,2026-08-25,PLANNED,defect_count=0,CURRENT
EV-0159-CORR,MC-0159,CORRESPONDENCE,CORR-0159,2026-08-24,IN_PROGRESS,asserted_state=IN_PROGRESS,CURRENT
EV-0160-DOC-01,MC-0160,DOCUMENT,SYN-DOC-0160-01,2026-08-19,DOCUMENT_COMPLETE,MIGRATION_ENROLMENT,CURRENT
EV-0160-DOC-02,MC-0160,DOCUMENT,SYN-DOC-0160-02,2026-08-18,DOCUMENT_COMPLETE,AUTHORIZED_CONTACT_LIST,CURRENT
EV-0160-UAT,MC-0160,TEST_RESULT,SYN-UAT-0160,2026-08-25,PASSED,defect_count=0,CURRENT
EV-0160-CORR,MC-0160,CORRESPONDENCE,CORR-0160,2026-08-20,READY,asserted_state=READY,CURRENT
EV-0161-DOC-01,MC-0161,DOCUMENT,SYN-DOC-0161-01,2026-08-19,DOCUMENT_COMPLETE,MIGRATION_ENROLMENT,CURRENT
EV-0161-DOC-02,MC-0161,DOCUMENT,SYN-DOC-0161-02,2026-08-18,DOCUMENT_COMPLETE,AUTHORIZED_CONTACT_LIST,CURRENT
EV-0161-UAT,MC-0161,TEST_RESULT,SYN-UAT-0161,2026-08-25,PLANNED,defect_count=0,CURRENT
EV-0161-CORR,MC-0161,CORRESPONDENCE,CORR-0161,2026-08-23,IN_PROGRESS,asserted_state=IN_PROGRESS,CURRENT
EV-0162-DOC-01,MC-0162,DOCUMENT,SYN-DOC-0162-01,2026-08-19,DOCUMENT_COMPLETE,MIGRATION_ENROLMENT,CURRENT
EV-0162-DOC-02,MC-0162,DOCUMENT,SYN-DOC-0162-02,2026-08-18,DOCUMENT_COMPLETE,AUTHORIZED_CONTACT_LIST,CURRENT
EV-0162-UAT,MC-0162,TEST_RESULT,SYN-UAT-0162,2026-08-25,PLANNED,defect_count=0,CURRENT
EV-0162-CORR,MC-0162,CORRESPONDENCE,CORR-0162,2026-08-23,IN_PROGRESS,asserted_state=IN_PROGRESS,CURRENT
EV-0163-DOC-01,MC-0163,DOCUMENT,SYN-DOC-0163-01,2026-08-19,DOCUMENT_COMPLETE,MIGRATION_ENROLMENT,CURRENT
EV-0163-DOC-02,MC-0163,DOCUMENT,SYN-DOC-0163-02,2026-08-18,DOCUMENT_COMPLETE,AUTHORIZED_CONTACT_LIST,CURRENT
EV-0163-UAT,MC-0163,TEST_RESULT,SYN-UAT-0163,2026-08-25,PLANNED,defect_count=0,CURRENT
EV-0163-CORR,MC-0163,CORRESPONDENCE,CORR-0163,2026-08-25,IN_PROGRESS,asserted_state=IN_PROGRESS,CURRENT
EV-0164-DOC-01,MC-0164,DOCUMENT,SYN-DOC-0164-01,2026-08-19,DOCUMENT_COMPLETE,MIGRATION_ENROLMENT,CURRENT
EV-0164-DOC-02,MC-0164,DOCUMENT,SYN-DOC-0164-02,2026-08-18,DOCUMENT_COMPLETE,AUTHORIZED_CONTACT_LIST,CURRENT
EV-0164-UAT,MC-0164,TEST_RESULT,SYN-UAT-0164,2026-08-25,PLANNED,defect_count=0,CURRENT
EV-0164-CORR,MC-0164,CORRESPONDENCE,CORR-0164,2026-08-25,IN_PROGRESS,asserted_state=IN_PROGRESS,CURRENT
EV-0165-DOC-01,MC-0165,DOCUMENT,SYN-DOC-0165-01,2026-08-19,DOCUMENT_COMPLETE,MIGRATION_ENROLMENT,CURRENT
EV-0165-DOC-02,MC-0165,DOCUMENT,SYN-DOC-0165-02,2026-08-18,DOCUMENT_COMPLETE,AUTHORIZED_CONTACT_LIST,CURRENT
EV-0165-UAT,MC-0165,TEST_RESULT,SYN-UAT-0165,2026-08-25,PASSED,defect_count=0,CURRENT
EV-0165-CORR,MC-0165,CORRESPONDENCE,CORR-0165,2026-08-20,READY,asserted_state=READY,CURRENT
EV-0166-DOC-01,MC-0166,DOCUMENT,SYN-DOC-0166-01,2026-08-19,DOCUMENT_COMPLETE,MIGRATION_ENROLMENT,CURRENT
EV-0166-DOC-02,MC-0166,DOCUMENT,SYN-DOC-0166-02,2026-08-18,DOCUMENT_COMPLETE,AUTHORIZED_CONTACT_LIST,CURRENT
EV-0166-UAT,MC-0166,TEST_RESULT,SYN-UAT-0166,2026-08-25,PLANNED,defect_count=0,CURRENT
EV-0166-CORR,MC-0166,CORRESPONDENCE,CORR-0166,2026-08-24,IN_PROGRESS,asserted_state=IN_PROGRESS,CURRENT
EV-0167-DOC-01,MC-0167,DOCUMENT,SYN-DOC-0167-01,2026-08-19,DOCUMENT_COMPLETE,MIGRATION_ENROLMENT,CURRENT
EV-0167-DOC-02,MC-0167,DOCUMENT,SYN-DOC-0167-02,2026-08-18,DOCUMENT_COMPLETE,AUTHORIZED_CONTACT_LIST,CURRENT
EV-0167-UAT,MC-0167,TEST_RESULT,SYN-UAT-0167,2026-08-25,PLANNED,defect_count=0,CURRENT
EV-0167-CORR,MC-0167,CORRESPONDENCE,CORR-0167,2026-08-21,IN_PROGRESS,asserted_state=IN_PROGRESS,CURRENT
EV-0168-DOC-01,MC-0168,DOCUMENT,SYN-DOC-0168-01,2026-08-19,DOCUMENT_COMPLETE,MIGRATION_ENROLMENT,CURRENT
EV-0168-DOC-02,MC-0168,DOCUMENT,SYN-DOC-0168-02,2026-08-18,DOCUMENT_COMPLETE,AUTHORIZED_CONTACT_LIST,CURRENT
EV-0168-UAT,MC-0168,TEST_RESULT,SYN-UAT-0168,2026-08-25,PLANNED,defect_count=0,CURRENT
EV-0168-CORR,MC-0168,CORRESPONDENCE,CORR-0168,2026-08-27,IN_PROGRESS,asserted_state=IN_PROGRESS,CURRENT
EV-0169-DOC-01,MC-0169,DOCUMENT,SYN-DOC-0169-01,2026-08-19,DOCUMENT_COMPLETE,MIGRATION_ENROLMENT,CURRENT
EV-0169-DOC-02,MC-0169,DOCUMENT,SYN-DOC-0169-02,2026-08-18,DOCUMENT_COMPLETE,AUTHORIZED_CONTACT_LIST,CURRENT
EV-0169-UAT,MC-0169,TEST_RESULT,SYN-UAT-0169,2026-08-25,PLANNED,defect_count=0,CURRENT
EV-0169-CORR,MC-0169,CORRESPONDENCE,CORR-0169,2026-08-25,IN_PROGRESS,asserted_state=IN_PROGRESS,CURRENT
EV-0170-DOC-01,MC-0170,DOCUMENT,SYN-DOC-0170-01,2026-08-19,DOCUMENT_COMPLETE,MIGRATION_ENROLMENT,CURRENT
EV-0170-DOC-02,MC-0170,DOCUMENT,SYN-DOC-0170-02,2026-08-18,DOCUMENT_COMPLETE,AUTHORIZED_CONTACT_LIST,CURRENT
EV-0170-UAT,MC-0170,TEST_RESULT,SYN-UAT-0170,2026-08-25,PASSED,defect_count=0,CURRENT
EV-0170-CORR,MC-0170,CORRESPONDENCE,CORR-0170,2026-08-18,READY,asserted_state=READY,CURRENT
EV-0171-DOC-01,MC-0171,DOCUMENT,SYN-DOC-0171-01,2026-08-19,DOCUMENT_COMPLETE,MIGRATION_ENROLMENT,CURRENT
EV-0171-DOC-02,MC-0171,DOCUMENT,SYN-DOC-0171-02,2026-08-18,DOCUMENT_COMPLETE,AUTHORIZED_CONTACT_LIST,CURRENT
EV-0171-UAT,MC-0171,TEST_RESULT,SYN-UAT-0171,2026-08-25,PLANNED,defect_count=0,CURRENT
EV-0171-CORR,MC-0171,CORRESPONDENCE,CORR-0171,2026-08-27,IN_PROGRESS,asserted_state=IN_PROGRESS,CURRENT
EV-0172-DOC-01,MC-0172,DOCUMENT,SYN-DOC-0172-01,2026-08-19,DOCUMENT_COMPLETE,MIGRATION_ENROLMENT,CURRENT
EV-0172-DOC-02,MC-0172,DOCUMENT,SYN-DOC-0172-02,2026-08-18,DOCUMENT_COMPLETE,AUTHORIZED_CONTACT_LIST,CURRENT
EV-0172-UAT,MC-0172,TEST_RESULT,SYN-UAT-0172,2026-08-25,PLANNED,defect_count=0,CURRENT
EV-0172-CORR,MC-0172,CORRESPONDENCE,CORR-0172,2026-08-22,IN_PROGRESS,asserted_state=IN_PROGRESS,CURRENT
EV-0173-DOC-01,MC-0173,DOCUMENT,SYN-DOC-0173-01,2026-08-19,DOCUMENT_COMPLETE,MIGRATION_ENROLMENT,CURRENT
EV-0173-DOC-02,MC-0173,DOCUMENT,SYN-DOC-0173-02,2026-08-18,DOCUMENT_COMPLETE,AUTHORIZED_CONTACT_LIST,CURRENT
EV-0173-UAT,MC-0173,TEST_RESULT,SYN-UAT-0173,2026-08-25,PLANNED,defect_count=0,CURRENT
EV-0173-CORR,MC-0173,CORRESPONDENCE,CORR-0173,2026-08-18,IN_PROGRESS,asserted_state=IN_PROGRESS,CURRENT
EV-0174-DOC-01,MC-0174,DOCUMENT,SYN-DOC-0174-01,2026-08-19,DOCUMENT_COMPLETE,MIGRATION_ENROLMENT,CURRENT
EV-0174-DOC-02,MC-0174,DOCUMENT,SYN-DOC-0174-02,2026-08-18,DOCUMENT_COMPLETE,AUTHORIZED_CONTACT_LIST,CURRENT
EV-0174-UAT,MC-0174,TEST_RESULT,SYN-UAT-0174,2026-08-25,PLANNED,defect_count=0,CURRENT
EV-0174-CORR,MC-0174,CORRESPONDENCE,CORR-0174,2026-08-20,IN_PROGRESS,asserted_state=IN_PROGRESS,CURRENT
EV-0175-DOC-01,MC-0175,DOCUMENT,SYN-DOC-0175-01,2026-08-19,DOCUMENT_COMPLETE,MIGRATION_ENROLMENT,CURRENT
EV-0175-DOC-02,MC-0175,DOCUMENT,SYN-DOC-0175-02,2026-08-18,DOCUMENT_COMPLETE,AUTHORIZED_CONTACT_LIST,CURRENT
EV-0175-UAT,MC-0175,TEST_RESULT,SYN-UAT-0175,2026-08-25,PASSED,defect_count=0,CURRENT
EV-0175-CORR,MC-0175,CORRESPONDENCE,CORR-0175,2026-08-24,READY,asserted_state=READY,CURRENT
EV-0176-DOC-01,MC-0176,DOCUMENT,SYN-DOC-0176-01,2026-08-19,DOCUMENT_COMPLETE,MIGRATION_ENROLMENT,CURRENT
EV-0176-DOC-02,MC-0176,DOCUMENT,SYN-DOC-0176-02,2026-08-18,DOCUMENT_COMPLETE,AUTHORIZED_CONTACT_LIST,CURRENT
EV-0176-UAT,MC-0176,TEST_RESULT,SYN-UAT-0176,2026-08-25,PLANNED,defect_count=0,CURRENT
EV-0176-CORR,MC-0176,CORRESPONDENCE,CORR-0176,2026-08-25,IN_PROGRESS,asserted_state=IN_PROGRESS,CURRENT
EV-0177-DOC-01,MC-0177,DOCUMENT,SYN-DOC-0177-01,2026-08-19,DOCUMENT_COMPLETE,MIGRATION_ENROLMENT,CURRENT
EV-0177-DOC-02,MC-0177,DOCUMENT,SYN-DOC-0177-02,2026-08-18,DOCUMENT_COMPLETE,AUTHORIZED_CONTACT_LIST,CURRENT
EV-0177-UAT,MC-0177,TEST_RESULT,SYN-UAT-0177,2026-08-25,PLANNED,defect_count=0,CURRENT
EV-0177-CORR,MC-0177,CORRESPONDENCE,CORR-0177,2026-08-26,IN_PROGRESS,asserted_state=IN_PROGRESS,CURRENT
EV-0178-DOC-01,MC-0178,DOCUMENT,SYN-DOC-0178-01,2026-08-19,DOCUMENT_COMPLETE,MIGRATION_ENROLMENT,CURRENT
EV-0178-DOC-02,MC-0178,DOCUMENT,SYN-DOC-0178-02,2026-08-18,DOCUMENT_COMPLETE,AUTHORIZED_CONTACT_LIST,CURRENT
EV-0178-UAT,MC-0178,TEST_RESULT,SYN-UAT-0178,2026-08-25,PLANNED,defect_count=0,CURRENT
EV-0178-CORR,MC-0178,CORRESPONDENCE,CORR-0178,2026-08-24,IN_PROGRESS,asserted_state=IN_PROGRESS,CURRENT
EV-0179-DOC-01,MC-0179,DOCUMENT,SYN-DOC-0179-01,2026-08-19,DOCUMENT_COMPLETE,MIGRATION_ENROLMENT,CURRENT
EV-0179-DOC-02,MC-0179,DOCUMENT,SYN-DOC-0179-02,2026-08-18,DOCUMENT_COMPLETE,AUTHORIZED_CONTACT_LIST,CURRENT
EV-0179-UAT,MC-0179,TEST_RESULT,SYN-UAT-0179,2026-08-25,PLANNED,defect_count=0,CURRENT
EV-0179-CORR,MC-0179,CORRESPONDENCE,CORR-0179,2026-08-21,IN_PROGRESS,asserted_state=IN_PROGRESS,CURRENT
EV-0180-DOC-01,MC-0180,DOCUMENT,SYN-DOC-0180-01,2026-08-19,DOCUMENT_COMPLETE,MIGRATION_ENROLMENT,CURRENT
EV-0180-DOC-02,MC-0180,DOCUMENT,SYN-DOC-0180-02,2026-08-18,DOCUMENT_COMPLETE,AUTHORIZED_CONTACT_LIST,CURRENT
EV-0180-UAT,MC-0180,TEST_RESULT,SYN-UAT-0180,2026-08-25,PASSED,defect_count=0,CURRENT
EV-0180-CORR,MC-0180,CORRESPONDENCE,CORR-0180,2026-08-27,READY,asserted_state=READY,CURRENT
EV-0181-DOC-01,MC-0181,DOCUMENT,SYN-DOC-0181-01,2026-08-19,DOCUMENT_COMPLETE,MIGRATION_ENROLMENT,CURRENT
EV-0181-DOC-02,MC-0181,DOCUMENT,SYN-DOC-0181-02,2026-08-18,DOCUMENT_COMPLETE,AUTHORIZED_CONTACT_LIST,CURRENT
EV-0181-UAT,MC-0181,TEST_RESULT,SYN-UAT-0181,2026-08-25,PLANNED,defect_count=0,CURRENT
EV-0181-CORR,MC-0181,CORRESPONDENCE,CORR-0181,2026-08-18,IN_PROGRESS,asserted_state=IN_PROGRESS,CURRENT
EV-0182-DOC-01,MC-0182,DOCUMENT,SYN-DOC-0182-01,2026-08-19,DOCUMENT_COMPLETE,MIGRATION_ENROLMENT,CURRENT
EV-0182-DOC-02,MC-0182,DOCUMENT,SYN-DOC-0182-02,2026-08-18,DOCUMENT_COMPLETE,AUTHORIZED_CONTACT_LIST,CURRENT
EV-0182-UAT,MC-0182,TEST_RESULT,SYN-UAT-0182,2026-08-25,PLANNED,defect_count=0,CURRENT
EV-0182-CORR,MC-0182,CORRESPONDENCE,CORR-0182,2026-08-27,IN_PROGRESS,asserted_state=IN_PROGRESS,CURRENT
EV-0183-DOC-01,MC-0183,DOCUMENT,SYN-DOC-0183-01,2026-08-19,DOCUMENT_COMPLETE,MIGRATION_ENROLMENT,CURRENT
EV-0183-DOC-02,MC-0183,DOCUMENT,SYN-DOC-0183-02,2026-08-18,DOCUMENT_COMPLETE,AUTHORIZED_CONTACT_LIST,CURRENT
EV-0183-UAT,MC-0183,TEST_RESULT,SYN-UAT-0183,2026-08-25,PLANNED,defect_count=0,CURRENT
EV-0183-CORR,MC-0183,CORRESPONDENCE,CORR-0183,2026-08-19,IN_PROGRESS,asserted_state=IN_PROGRESS,CURRENT
EV-0184-DOC-01,MC-0184,DOCUMENT,SYN-DOC-0184-01,2026-08-19,DOCUMENT_COMPLETE,MIGRATION_ENROLMENT,CURRENT
EV-0184-DOC-02,MC-0184,DOCUMENT,SYN-DOC-0184-02,2026-08-18,DOCUMENT_COMPLETE,AUTHORIZED_CONTACT_LIST,CURRENT
EV-0184-UAT,MC-0184,TEST_RESULT,SYN-UAT-0184,2026-08-25,PLANNED,defect_count=0,CURRENT
EV-0184-CORR,MC-0184,CORRESPONDENCE,CORR-0184,2026-08-23,IN_PROGRESS,asserted_state=IN_PROGRESS,CURRENT
EV-0185-DOC-01,MC-0185,DOCUMENT,SYN-DOC-0185-01,2026-08-19,DOCUMENT_COMPLETE,MIGRATION_ENROLMENT,CURRENT
EV-0185-DOC-02,MC-0185,DOCUMENT,SYN-DOC-0185-02,2026-08-18,DOCUMENT_COMPLETE,AUTHORIZED_CONTACT_LIST,CURRENT
EV-0185-UAT,MC-0185,TEST_RESULT,SYN-UAT-0185,2026-08-25,PASSED,defect_count=0,CURRENT
EV-0185-CORR,MC-0185,CORRESPONDENCE,CORR-0185,2026-08-20,READY,asserted_state=READY,CURRENT
EV-0186-DOC-01,MC-0186,DOCUMENT,SYN-DOC-0186-01,2026-08-19,DOCUMENT_COMPLETE,MIGRATION_ENROLMENT,CURRENT
EV-0186-DOC-02,MC-0186,DOCUMENT,SYN-DOC-0186-02,2026-08-18,DOCUMENT_COMPLETE,AUTHORIZED_CONTACT_LIST,CURRENT
EV-0186-UAT,MC-0186,TEST_RESULT,SYN-UAT-0186,2026-08-25,PLANNED,defect_count=0,CURRENT
EV-0186-CORR,MC-0186,CORRESPONDENCE,CORR-0186,2026-08-23,IN_PROGRESS,asserted_state=IN_PROGRESS,CURRENT
EV-0187-DOC-01,MC-0187,DOCUMENT,SYN-DOC-0187-01,2026-08-19,DOCUMENT_COMPLETE,MIGRATION_ENROLMENT,CURRENT
EV-0187-DOC-02,MC-0187,DOCUMENT,SYN-DOC-0187-02,2026-08-18,DOCUMENT_COMPLETE,AUTHORIZED_CONTACT_LIST,CURRENT
EV-0187-UAT,MC-0187,TEST_RESULT,SYN-UAT-0187,2026-08-25,PLANNED,defect_count=0,CURRENT
EV-0187-CORR,MC-0187,CORRESPONDENCE,CORR-0187,2026-08-19,IN_PROGRESS,asserted_state=IN_PROGRESS,CURRENT
EV-0188-DOC-01,MC-0188,DOCUMENT,SYN-DOC-0188-01,2026-08-19,DOCUMENT_COMPLETE,MIGRATION_ENROLMENT,CURRENT
EV-0188-DOC-02,MC-0188,DOCUMENT,SYN-DOC-0188-02,2026-08-18,DOCUMENT_COMPLETE,AUTHORIZED_CONTACT_LIST,CURRENT
EV-0188-UAT,MC-0188,TEST_RESULT,SYN-UAT-0188,2026-08-25,PLANNED,defect_count=0,CURRENT
EV-0188-CORR,MC-0188,CORRESPONDENCE,CORR-0188,2026-08-25,IN_PROGRESS,asserted_state=IN_PROGRESS,CURRENT
EV-0189-DOC-01,MC-0189,DOCUMENT,SYN-DOC-0189-01,2026-08-19,DOCUMENT_COMPLETE,MIGRATION_ENROLMENT,CURRENT
EV-0189-DOC-02,MC-0189,DOCUMENT,SYN-DOC-0189-02,2026-08-18,DOCUMENT_COMPLETE,AUTHORIZED_CONTACT_LIST,CURRENT
EV-0189-UAT,MC-0189,TEST_RESULT,SYN-UAT-0189,2026-08-25,PLANNED,defect_count=0,CURRENT
EV-0189-CORR,MC-0189,CORRESPONDENCE,CORR-0189,2026-08-24,IN_PROGRESS,asserted_state=IN_PROGRESS,CURRENT
EV-0190-DOC-01,MC-0190,DOCUMENT,SYN-DOC-0190-01,2026-08-19,DOCUMENT_COMPLETE,MIGRATION_ENROLMENT,CURRENT
EV-0190-DOC-02,MC-0190,DOCUMENT,SYN-DOC-0190-02,2026-08-18,DOCUMENT_COMPLETE,AUTHORIZED_CONTACT_LIST,CURRENT
EV-0190-UAT,MC-0190,TEST_RESULT,SYN-UAT-0190,2026-08-25,PASSED,defect_count=0,CURRENT
EV-0190-CORR,MC-0190,CORRESPONDENCE,CORR-0190,2026-08-18,READY,asserted_state=READY,CURRENT
EV-0191-DOC-01,MC-0191,DOCUMENT,SYN-DOC-0191-01,2026-08-19,DOCUMENT_COMPLETE,MIGRATION_ENROLMENT,CURRENT
EV-0191-DOC-02,MC-0191,DOCUMENT,SYN-DOC-0191-02,2026-08-18,DOCUMENT_COMPLETE,AUTHORIZED_CONTACT_LIST,CURRENT
EV-0191-UAT,MC-0191,TEST_RESULT,SYN-UAT-0191,2026-08-25,PLANNED,defect_count=0,CURRENT
EV-0191-CORR,MC-0191,CORRESPONDENCE,CORR-0191,2026-08-23,IN_PROGRESS,asserted_state=IN_PROGRESS,CURRENT
EV-0192-DOC-01,MC-0192,DOCUMENT,SYN-DOC-0192-01,2026-08-19,DOCUMENT_COMPLETE,MIGRATION_ENROLMENT,CURRENT
EV-0192-DOC-02,MC-0192,DOCUMENT,SYN-DOC-0192-02,2026-08-18,DOCUMENT_COMPLETE,AUTHORIZED_CONTACT_LIST,CURRENT
EV-0192-UAT,MC-0192,TEST_RESULT,SYN-UAT-0192,2026-08-25,PLANNED,defect_count=0,CURRENT
EV-0192-CORR,MC-0192,CORRESPONDENCE,CORR-0192,2026-08-26,IN_PROGRESS,asserted_state=IN_PROGRESS,CURRENT
EV-0193-DOC-01,MC-0193,DOCUMENT,SYN-DOC-0193-01,2026-08-19,DOCUMENT_COMPLETE,MIGRATION_ENROLMENT,CURRENT
EV-0193-DOC-02,MC-0193,DOCUMENT,SYN-DOC-0193-02,2026-08-18,DOCUMENT_COMPLETE,AUTHORIZED_CONTACT_LIST,CURRENT
EV-0193-UAT,MC-0193,TEST_RESULT,SYN-UAT-0193,2026-08-25,PLANNED,defect_count=0,CURRENT
EV-0193-CORR,MC-0193,CORRESPONDENCE,CORR-0193,2026-08-19,IN_PROGRESS,asserted_state=IN_PROGRESS,CURRENT
EV-0194-DOC-01,MC-0194,DOCUMENT,SYN-DOC-0194-01,2026-08-19,DOCUMENT_COMPLETE,MIGRATION_ENROLMENT,CURRENT
EV-0194-DOC-02,MC-0194,DOCUMENT,SYN-DOC-0194-02,2026-08-18,DOCUMENT_COMPLETE,AUTHORIZED_CONTACT_LIST,CURRENT
EV-0194-UAT,MC-0194,TEST_RESULT,SYN-UAT-0194,2026-08-25,PLANNED,defect_count=0,CURRENT
EV-0194-CORR,MC-0194,CORRESPONDENCE,CORR-0194,2026-08-26,IN_PROGRESS,asserted_state=IN_PROGRESS,CURRENT
EV-0195-DOC-01,MC-0195,DOCUMENT,SYN-DOC-0195-01,2026-08-19,DOCUMENT_COMPLETE,MIGRATION_ENROLMENT,CURRENT
EV-0195-DOC-02,MC-0195,DOCUMENT,SYN-DOC-0195-02,2026-08-18,DOCUMENT_COMPLETE,AUTHORIZED_CONTACT_LIST,CURRENT
EV-0195-UAT,MC-0195,TEST_RESULT,SYN-UAT-0195,2026-08-25,PASSED,defect_count=0,CURRENT
EV-0195-CORR,MC-0195,CORRESPONDENCE,CORR-0195,2026-08-24,READY,asserted_state=READY,CURRENT
EV-0196-DOC-01,MC-0196,DOCUMENT,SYN-DOC-0196-01,2026-08-19,DOCUMENT_COMPLETE,MIGRATION_ENROLMENT,CURRENT
EV-0196-DOC-02,MC-0196,DOCUMENT,SYN-DOC-0196-02,2026-08-18,DOCUMENT_COMPLETE,AUTHORIZED_CONTACT_LIST,CURRENT
EV-0196-UAT,MC-0196,TEST_RESULT,SYN-UAT-0196,2026-08-25,PLANNED,defect_count=0,CURRENT
EV-0196-CORR,MC-0196,CORRESPONDENCE,CORR-0196,2026-08-24,IN_PROGRESS,asserted_state=IN_PROGRESS,CURRENT
EV-0197-DOC-01,MC-0197,DOCUMENT,SYN-DOC-0197-01,2026-08-19,DOCUMENT_COMPLETE,MIGRATION_ENROLMENT,CURRENT
EV-0197-DOC-02,MC-0197,DOCUMENT,SYN-DOC-0197-02,2026-08-18,DOCUMENT_COMPLETE,AUTHORIZED_CONTACT_LIST,CURRENT
EV-0197-UAT,MC-0197,TEST_RESULT,SYN-UAT-0197,2026-08-25,PLANNED,defect_count=0,CURRENT
EV-0197-CORR,MC-0197,CORRESPONDENCE,CORR-0197,2026-08-19,IN_PROGRESS,asserted_state=IN_PROGRESS,CURRENT
EV-0198-DOC-01,MC-0198,DOCUMENT,SYN-DOC-0198-01,2026-08-19,DOCUMENT_COMPLETE,MIGRATION_ENROLMENT,CURRENT
EV-0198-DOC-02,MC-0198,DOCUMENT,SYN-DOC-0198-02,2026-08-18,DOCUMENT_COMPLETE,AUTHORIZED_CONTACT_LIST,CURRENT
EV-0198-UAT,MC-0198,TEST_RESULT,SYN-UAT-0198,2026-08-25,PLANNED,defect_count=0,CURRENT
EV-0198-CORR,MC-0198,CORRESPONDENCE,CORR-0198,2026-08-20,IN_PROGRESS,asserted_state=IN_PROGRESS,CURRENT
EV-0199-DOC-01,MC-0199,DOCUMENT,SYN-DOC-0199-01,2026-08-19,DOCUMENT_COMPLETE,MIGRATION_ENROLMENT,CURRENT
EV-0199-DOC-02,MC-0199,DOCUMENT,SYN-DOC-0199-02,2026-08-18,DOCUMENT_COMPLETE,AUTHORIZED_CONTACT_LIST,CURRENT
EV-0199-UAT,MC-0199,TEST_RESULT,SYN-UAT-0199,2026-08-25,PLANNED,defect_count=0,CURRENT
EV-0199-CORR,MC-0199,CORRESPONDENCE,CORR-0199,2026-08-25,IN_PROGRESS,asserted_state=IN_PROGRESS,CURRENT
EV-0200-DOC-01,MC-0200,DOCUMENT,SYN-DOC-0200-01,2026-08-19,DOCUMENT_COMPLETE,MIGRATION_ENROLMENT,CURRENT
EV-0200-DOC-02,MC-0200,DOCUMENT,SYN-DOC-0200-02,2026-08-18,DOCUMENT_COMPLETE,AUTHORIZED_CONTACT_LIST,CURRENT
EV-0200-UAT,MC-0200,TEST_RESULT,SYN-UAT-0200,2026-08-25,PASSED,defect_count=0,CURRENT
EV-0200-CORR,MC-0200,CORRESPONDENCE,CORR-0200,2026-08-23,READY,asserted_state=READY,CURRENT
EV-0009-CORR-B,MC-0009,CORRESPONDENCE,CORR-0009-B,2026-08-26,NOT_READY,asserted_state=NOT_READY,CURRENT
