message_artifact_id,case_id,message_family,message_version,direction,file_path,parse_status,validation_status,business_status
MSG-0010,MC-0010,PAIN001,pain.001.001.09,OUTBOUND,messages/msg-0010.xml,ERROR,INVALID,ACCEPTED
MSG-0014,MC-0014,PAIN001,pain.001.001.09,OUTBOUND,messages/msg-0014.xml,PARSED,VALID,REJECTED
MSG-0020,MC-0020,PAIN001,pain.001.001.09,OUTBOUND,messages/msg-0020.xml,PARSED,VALID,ACCEPTED
MSG-0040,MC-0040,PAIN001,pain.001.001.09,OUTBOUND,messages/msg-0040.xml,PARSED,VALID,ACCEPTED
MSG-0060,MC-0060,PAIN001,pain.001.001.09,OUTBOUND,messages/msg-0060.xml,PARSED,VALID,ACCEPTED
MSG-0080,MC-0080,PAIN001,pain.001.001.09,OUTBOUND,messages/msg-0080.xml,PARSED,VALID,ACCEPTED
MSG-0100,MC-0100,PAIN001,pain.001.001.09,OUTBOUND,messages/msg-0100.xml,PARSED,VALID,ACCEPTED
MSG-0120,MC-0120,PAIN001,pain.001.001.09,OUTBOUND,messages/msg-0120.xml,PARSED,VALID,ACCEPTED
MSG-0140,MC-0140,PAIN001,pain.001.001.09,OUTBOUND,messages/msg-0140.xml,PARSED,VALID,ACCEPTED
MSG-0160,MC-0160,PAIN001,pain.001.001.09,OUTBOUND,messages/msg-0160.xml,PARSED,VALID,ACCEPTED
MSG-0180,MC-0180,PAIN001,pain.001.001.09,OUTBOUND,messages/msg-0180.xml,PARSED,VALID,ACCEPTED
MSG-0200,MC-0200,PAIN001,pain.001.001.09,OUTBOUND,messages/msg-0200.xml,PARSED,VALID,ACCEPTED
