case_id,client_id,wave,lifecycle_stage,reported_readiness,evidence_readiness,target_date,treasury_owner,it_owner,migration_owner,escalation_status
MC-0001,CL-0001,W3,BUILD_CONFIGURATION,false,false,2026-10-21,,Synthetic IT Owner 01,Synthetic Migration Owner 01,NONE
MC-0002,CL-0002,W2,TESTING,false,false,2026-11-10,Synthetic Treasury Owner 02,,Synthetic Migration Owner 02,NONE
MC-0003,CL-0003,W3,BUILD_CONFIGURATION,false,false,2026-10-20,Synthetic Treasury Owner 03,Synthetic IT Owner 03,Synthetic Migration Owner 03,NONE
MC-0004,CL-0004,W2,READINESS,true,false,2027-01-29,Synthetic Treasury Owner 04,Synthetic IT Owner 04,Synthetic Migration Owner 04,NONE
MC-0005,CL-0005,W3,READINESS,true,false,2026-12-05,Synthetic Treasury Owner 05,Synthetic IT Owner 05,Synthetic Migration Owner 05,NONE
MC-0006,CL-0006,W1,READINESS,true,false,2026-10-19,Synthetic Treasury Owner 06,Synthetic IT Owner 06,Synthetic Migration Owner 06,NONE
MC-0007,CL-0007,W3,DISCOVERY,false,false,2026-12-03,Synthetic Treasury Owner 07,Synthetic IT Owner 07,Synthetic Migration Owner 07,MONITOR
MC-0008,CL-0008,W1,READINESS,true,false,2026-10-28,Synthetic Treasury Owner 08,Synthetic IT Owner 08,Synthetic Migration Owner 08,NONE
MC-0009,CL-0009,W4,READINESS,true,false,2026-11-24,Synthetic Treasury Owner 09,Synthetic IT Owner 09,Synthetic Migration Owner 01,NONE
MC-0010,CL-0010,W2,READINESS,true,true,2027-03-02,Synthetic Treasury Owner 10,Synthetic IT Owner 10,Synthetic Migration Owner 02,NONE
MC-0011,CL-0011,W4,TESTING,false,false,2027-01-03,Synthetic Treasury Owner 11,Synthetic IT Owner 01,Synthetic Migration Owner 03,NONE
MC-0012,CL-0012,W3,BUILD_CONFIGURATION,false,false,2026-11-14,Synthetic Treasury Owner 12,Synthetic IT Owner 02,Synthetic Migration Owner 04,NONE
MC-0013,CL-0013,W3,TESTING,false,false,2026-12-19,Synthetic Treasury Owner 01,Synthetic IT Owner 03,Synthetic Migration Owner 05,NONE
MC-0014,CL-0014,W1,READINESS,true,false,2026-10-02,Synthetic Treasury Owner 02,Synthetic IT Owner 04,Synthetic Migration Owner 06,MONITOR
MC-0015,CL-0015,W1,READINESS,true,true,2026-10-09,Synthetic Treasury Owner 03,Synthetic IT Owner 05,Synthetic Migration Owner 07,NONE
MC-0016,CL-0016,W2,TESTING,false,false,2027-01-31,Synthetic Treasury Owner 04,Synthetic IT Owner 06,Synthetic Migration Owner 08,NONE
MC-0017,CL-0017,W4,BUILD_CONFIGURATION,false,false,2027-02-21,Synthetic Treasury Owner 05,Synthetic IT Owner 07,Synthetic Migration Owner 01,NONE
MC-0018,CL-0018,W2,BUILD_CONFIGURATION,false,false,2026-12-22,Synthetic Treasury Owner 06,Synthetic IT Owner 08,Synthetic Migration Owner 02,NONE
MC-0019,CL-0019,W2,BUILD_CONFIGURATION,false,false,2026-11-06,Synthetic Treasury Owner 07,Synthetic IT Owner 09,Synthetic Migration Owner 03,NONE
MC-0020,CL-0020,W2,READINESS,true,true,2027-02-19,Synthetic Treasury Owner 08,Synthetic IT Owner 10,Synthetic Migration Owner 04,NONE
MC-0021,CL-0021,W2,BUILD_CONFIGURATION,false,false,2027-02-24,Synthetic Treasury Owner 09,Synthetic IT Owner 01,Synthetic Migration Owner 05,MONITOR
MC-0022,CL-0022,W3,DOCUMENTATION,false,false,2026-10-03,Synthetic Treasury Owner 10,Synthetic IT Owner 02,Synthetic Migration Owner 06,NONE
MC-0023,CL-0023,W3,DOCUMENTATION,false,false,2026-12-10,Synthetic Treasury Owner 11,Synthetic IT Owner 03,Synthetic Migration Owner 07,NONE
MC-0024,CL-0024,W4,DISCOVERY,false,false,2027-01-16,Synthetic Treasury Owner 12,Synthetic IT Owner 04,Synthetic Migration Owner 08,NONE
MC-0025,CL-0025,W3,READINESS,true,true,2026-10-13,Synthetic Treasury Owner 01,Synthetic IT Owner 05,Synthetic Migration Owner 01,NONE
MC-0026,CL-0026,W2,DISCOVERY,false,false,2027-01-07,Synthetic Treasury Owner 02,Synthetic IT Owner 06,Synthetic Migration Owner 02,NONE
MC-0027,CL-0027,W2,BUILD_CONFIGURATION,false,false,2027-02-17,Synthetic Treasury Owner 03,Synthetic IT Owner 07,Synthetic Migration Owner 03,NONE
MC-0028,CL-0028,W4,TESTING,false,false,2027-01-13,Synthetic Treasury Owner 04,Synthetic IT Owner 08,Synthetic Migration Owner 04,MONITOR
MC-0029,CL-0029,W3,DISCOVERY,false,false,2027-01-22,Synthetic Treasury Owner 05,Synthetic IT Owner 09,Synthetic Migration Owner 05,NONE
MC-0030,CL-0030,W1,READINESS,true,true,2027-02-20,Synthetic Treasury Owner 06,Synthetic IT Owner 10,Synthetic Migration Owner 06,NONE
MC-0031,CL-0031,W4,TESTING,false,false,2027-02-25,Synthetic Treasury Owner 07,Synthetic IT Owner 01,Synthetic Migration Owner 07,NONE
MC-0032,CL-0032,W2,DOCUMENTATION,false,false,2027-01-26,Synthetic Treasury Owner 08,Synthetic IT Owner 02,Synthetic Migration Owner 08,NONE
MC-0033,CL-0033,W3,BUILD_CONFIGURATION,false,false,2026-10-05,Synthetic Treasury Owner 09,Synthetic IT Owner 03,Synthetic Migration Owner 01,NONE
MC-0034,CL-0034,W2,TESTING,false,false,2026-10-28,Synthetic Treasury Owner 10,Synthetic IT Owner 04,Synthetic Migration Owner 02,NONE
MC-0035,CL-0035,W4,READINESS,true,true,2027-01-17,Synthetic Treasury Owner 11,Synthetic IT Owner 05,Synthetic Migration Owner 03,MONITOR
MC-0036,CL-0036,W4,BUILD_CONFIGURATION,false,false,2027-01-23,Synthetic Treasury Owner 12,Synthetic IT Owner 06,Synthetic Migration Owner 04,NONE
MC-0037,CL-0037,W1,BUILD_CONFIGURATION,false,false,2027-02-23,Synthetic Treasury Owner 01,Synthetic IT Owner 07,Synthetic Migration Owner 05,NONE
MC-0038,CL-0038,W3,TESTING,false,false,2027-01-23,Synthetic Treasury Owner 02,Synthetic IT Owner 08,Synthetic Migration Owner 06,NONE
MC-0039,CL-0039,W3,TESTING,false,false,2027-01-03,Synthetic Treasury Owner 03,Synthetic IT Owner 09,Synthetic Migration Owner 07,NONE
MC-0040,CL-0040,W2,READINESS,true,true,2026-12-25,Synthetic Treasury Owner 04,Synthetic IT Owner 10,Synthetic Migration Owner 08,NONE
MC-0041,CL-0041,W1,DISCOVERY,false,false,2026-12-23,Synthetic Treasury Owner 05,Synthetic IT Owner 01,Synthetic Migration Owner 01,NONE
MC-0042,CL-0042,W3,TESTING,false,false,2026-11-10,Synthetic Treasury Owner 06,Synthetic IT Owner 02,Synthetic Migration Owner 02,MONITOR
MC-0043,CL-0043,W2,TESTING,false,false,2026-11-04,Synthetic Treasury Owner 07,Synthetic IT Owner 03,Synthetic Migration Owner 03,NONE
MC-0044,CL-0044,W2,DOCUMENTATION,false,false,2026-12-11,Synthetic Treasury Owner 08,Synthetic IT Owner 04,Synthetic Migration Owner 04,NONE
MC-0045,CL-0045,W2,READINESS,true,true,2027-02-16,Synthetic Treasury Owner 09,Synthetic IT Owner 05,Synthetic Migration Owner 05,NONE
MC-0046,CL-0046,W4,BUILD_CONFIGURATION,false,false,2027-02-22,Synthetic Treasury Owner 10,Synthetic IT Owner 06,Synthetic Migration Owner 06,NONE
MC-0047,CL-0047,W3,DOCUMENTATION,false,false,2027-01-16,Synthetic Treasury Owner 11,Synthetic IT Owner 07,Synthetic Migration Owner 07,NONE
MC-0048,CL-0048,W1,DOCUMENTATION,false,false,2026-11-13,Synthetic Treasury Owner 12,Synthetic IT Owner 08,Synthetic Migration Owner 08,NONE
MC-0049,CL-0049,W4,TESTING,false,false,2027-02-10,Synthetic Treasury Owner 01,Synthetic IT Owner 09,Synthetic Migration Owner 01,MONITOR
MC-0050,CL-0050,W4,READINESS,true,true,2027-02-13,Synthetic Treasury Owner 02,Synthetic IT Owner 10,Synthetic Migration Owner 02,NONE
MC-0051,CL-0051,W3,BUILD_CONFIGURATION,false,false,2027-01-23,Synthetic Treasury Owner 03,Synthetic IT Owner 01,Synthetic Migration Owner 03,NONE
MC-0052,CL-0052,W1,DOCUMENTATION,false,false,2026-12-25,Synthetic Treasury Owner 04,Synthetic IT Owner 02,Synthetic Migration Owner 04,NONE
MC-0053,CL-0053,W3,DISCOVERY,false,false,2027-02-23,Synthetic Treasury Owner 05,Synthetic IT Owner 03,Synthetic Migration Owner 05,NONE
MC-0054,CL-0054,W1,DOCUMENTATION,false,false,2026-11-22,Synthetic Treasury Owner 06,Synthetic IT Owner 04,Synthetic Migration Owner 06,NONE
MC-0055,CL-0055,W3,READINESS,true,true,2027-02-17,Synthetic Treasury Owner 07,Synthetic IT Owner 05,Synthetic Migration Owner 07,NONE
MC-0056,CL-0056,W1,TESTING,false,false,2027-02-11,Synthetic Treasury Owner 08,Synthetic IT Owner 06,Synthetic Migration Owner 08,MONITOR
MC-0057,CL-0057,W3,DISCOVERY,false,false,2026-11-22,Synthetic Treasury Owner 09,Synthetic IT Owner 07,Synthetic Migration Owner 01,NONE
MC-0058,CL-0058,W3,TESTING,false,false,2027-02-02,Synthetic Treasury Owner 10,Synthetic IT Owner 08,Synthetic Migration Owner 02,NONE
MC-0059,CL-0059,W1,DOCUMENTATION,false,false,2027-01-29,Synthetic Treasury Owner 11,Synthetic IT Owner 09,Synthetic Migration Owner 03,NONE
MC-0060,CL-0060,W4,READINESS,true,true,2026-12-21,Synthetic Treasury Owner 12,Synthetic IT Owner 10,Synthetic Migration Owner 04,NONE
MC-0061,CL-0061,W1,TESTING,false,false,2026-10-06,Synthetic Treasury Owner 01,Synthetic IT Owner 01,Synthetic Migration Owner 05,NONE
MC-0062,CL-0062,W3,TESTING,false,false,2027-02-04,Synthetic Treasury Owner 02,Synthetic IT Owner 02,Synthetic Migration Owner 06,NONE
MC-0063,CL-0063,W3,TESTING,false,false,2026-10-25,Synthetic Treasury Owner 03,Synthetic IT Owner 03,Synthetic Migration Owner 07,MONITOR
MC-0064,CL-0064,W1,BUILD_CONFIGURATION,false,false,2026-11-09,Synthetic Treasury Owner 04,Synthetic IT Owner 04,Synthetic Migration Owner 08,NONE
MC-0065,CL-0065,W1,READINESS,true,true,2026-10-09,Synthetic Treasury Owner 05,Synthetic IT Owner 05,Synthetic Migration Owner 01,NONE
MC-0066,CL-0066,W2,BUILD_CONFIGURATION,false,false,2027-02-19,Synthetic Treasury Owner 06,Synthetic IT Owner 06,Synthetic Migration Owner 02,NONE
MC-0067,CL-0067,W3,DOCUMENTATION,false,false,2027-03-01,Synthetic Treasury Owner 07,Synthetic IT Owner 07,Synthetic Migration Owner 03,NONE
MC-0068,CL-0068,W1,DOCUMENTATION,false,false,2026-11-23,Synthetic Treasury Owner 08,Synthetic IT Owner 08,Synthetic Migration Owner 04,NONE
MC-0069,CL-0069,W1,DOCUMENTATION,false,false,2026-11-01,Synthetic Treasury Owner 09,Synthetic IT Owner 09,Synthetic Migration Owner 05,NONE
MC-0070,CL-0070,W4,READINESS,true,true,2027-01-17,Synthetic Treasury Owner 10,Synthetic IT Owner 10,Synthetic Migration Owner 06,MONITOR
MC-0071,CL-0071,W2,TESTING,false,false,2026-11-25,Synthetic Treasury Owner 11,Synthetic IT Owner 01,Synthetic Migration Owner 07,NONE
MC-0072,CL-0072,W3,DOCUMENTATION,false,false,2027-01-26,Synthetic Treasury Owner 12,Synthetic IT Owner 02,Synthetic Migration Owner 08,NONE
MC-0073,CL-0073,W4,BUILD_CONFIGURATION,false,false,2026-12-09,Synthetic Treasury Owner 01,Synthetic IT Owner 03,Synthetic Migration Owner 01,NONE
MC-0074,CL-0074,W4,BUILD_CONFIGURATION,false,false,2026-12-24,Synthetic Treasury Owner 02,Synthetic IT Owner 04,Synthetic Migration Owner 02,NONE
MC-0075,CL-0075,W2,READINESS,true,true,2027-02-07,Synthetic Treasury Owner 03,Synthetic IT Owner 05,Synthetic Migration Owner 03,NONE
MC-0076,CL-0076,W2,BUILD_CONFIGURATION,false,false,2027-03-06,Synthetic Treasury Owner 04,Synthetic IT Owner 06,Synthetic Migration Owner 04,NONE
MC-0077,CL-0077,W4,DISCOVERY,false,false,2026-10-22,Synthetic Treasury Owner 05,Synthetic IT Owner 07,Synthetic Migration Owner 05,MONITOR
MC-0078,CL-0078,W3,BUILD_CONFIGURATION,false,false,2026-10-26,Synthetic Treasury Owner 06,Synthetic IT Owner 08,Synthetic Migration Owner 06,NONE
MC-0079,CL-0079,W1,BUILD_CONFIGURATION,false,false,2027-02-09,Synthetic Treasury Owner 07,Synthetic IT Owner 09,Synthetic Migration Owner 07,NONE
MC-0080,CL-0080,W2,READINESS,true,true,2027-02-13,Synthetic Treasury Owner 08,Synthetic IT Owner 10,Synthetic Migration Owner 08,NONE
MC-0081,CL-0081,W1,BUILD_CONFIGURATION,false,false,2027-01-16,Synthetic Treasury Owner 09,Synthetic IT Owner 01,Synthetic Migration Owner 01,NONE
MC-0082,CL-0082,W2,DISCOVERY,false,false,2026-12-09,Synthetic Treasury Owner 10,Synthetic IT Owner 02,Synthetic Migration Owner 02,NONE
MC-0083,CL-0083,W3,DOCUMENTATION,false,false,2026-10-16,Synthetic Treasury Owner 11,Synthetic IT Owner 03,Synthetic Migration Owner 03,NONE
MC-0084,CL-0084,W4,BUILD_CONFIGURATION,false,false,2027-01-24,Synthetic Treasury Owner 12,Synthetic IT Owner 04,Synthetic Migration Owner 04,MONITOR
MC-0085,CL-0085,W1,READINESS,true,true,2027-02-23,Synthetic Treasury Owner 01,Synthetic IT Owner 05,Synthetic Migration Owner 05,NONE
MC-0086,CL-0086,W4,DISCOVERY,false,false,2027-02-25,Synthetic Treasury Owner 02,Synthetic IT Owner 06,Synthetic Migration Owner 06,NONE
MC-0087,CL-0087,W2,TESTING,false,false,2026-11-10,Synthetic Treasury Owner 03,Synthetic IT Owner 07,Synthetic Migration Owner 07,NONE
MC-0088,CL-0088,W1,DOCUMENTATION,false,false,2026-12-24,Synthetic Treasury Owner 04,Synthetic IT Owner 08,Synthetic Migration Owner 08,NONE
MC-0089,CL-0089,W2,DOCUMENTATION,false,false,2027-02-26,Synthetic Treasury Owner 05,Synthetic IT Owner 09,Synthetic Migration Owner 01,NONE
MC-0090,CL-0090,W1,READINESS,true,true,2026-11-15,Synthetic Treasury Owner 06,Synthetic IT Owner 10,Synthetic Migration Owner 02,NONE
MC-0091,CL-0091,W3,TESTING,false,false,2026-12-10,Synthetic Treasury Owner 07,Synthetic IT Owner 01,Synthetic Migration Owner 03,MONITOR
MC-0092,CL-0092,W4,DISCOVERY,false,false,2027-02-26,Synthetic Treasury Owner 08,Synthetic IT Owner 02,Synthetic Migration Owner 04,NONE
MC-0093,CL-0093,W2,DOCUMENTATION,false,false,2026-10-26,Synthetic Treasury Owner 09,Synthetic IT Owner 03,Synthetic Migration Owner 05,NONE
MC-0094,CL-0094,W2,DISCOVERY,false,false,2026-12-04,Synthetic Treasury Owner 10,Synthetic IT Owner 04,Synthetic Migration Owner 06,NONE
MC-0095,CL-0095,W2,READINESS,true,true,2027-01-03,Synthetic Treasury Owner 11,Synthetic IT Owner 05,Synthetic Migration Owner 07,NONE
MC-0096,CL-0096,W3,TESTING,false,false,2027-01-13,Synthetic Treasury Owner 12,Synthetic IT Owner 06,Synthetic Migration Owner 08,NONE
MC-0097,CL-0097,W1,BUILD_CONFIGURATION,false,false,2026-10-30,Synthetic Treasury Owner 01,Synthetic IT Owner 07,Synthetic Migration Owner 01,NONE
MC-0098,CL-0098,W2,BUILD_CONFIGURATION,false,false,2027-02-07,Synthetic Treasury Owner 02,Synthetic IT Owner 08,Synthetic Migration Owner 02,MONITOR
MC-0099,CL-0099,W2,DOCUMENTATION,false,false,2027-02-21,Synthetic Treasury Owner 03,Synthetic IT Owner 09,Synthetic Migration Owner 03,NONE
MC-0100,CL-0100,W4,READINESS,true,true,2026-11-07,Synthetic Treasury Owner 04,Synthetic IT Owner 10,Synthetic Migration Owner 04,NONE
MC-0101,CL-0101,W4,DOCUMENTATION,false,false,2027-02-23,Synthetic Treasury Owner 05,Synthetic IT Owner 01,Synthetic Migration Owner 05,NONE
MC-0102,CL-0102,W3,TESTING,false,false,2027-01-12,Synthetic Treasury Owner 06,Synthetic IT Owner 02,Synthetic Migration Owner 06,NONE
MC-0103,CL-0103,W3,BUILD_CONFIGURATION,false,false,2027-03-02,Synthetic Treasury Owner 07,Synthetic IT Owner 03,Synthetic Migration Owner 07,NONE
MC-0104,CL-0104,W3,DOCUMENTATION,false,false,2026-11-05,Synthetic Treasury Owner 08,Synthetic IT Owner 04,Synthetic Migration Owner 08,NONE
MC-0105,CL-0105,W4,READINESS,true,true,2026-10-13,Synthetic Treasury Owner 09,Synthetic IT Owner 05,Synthetic Migration Owner 01,MONITOR
MC-0106,CL-0106,W3,DOCUMENTATION,false,false,2027-02-20,Synthetic Treasury Owner 10,Synthetic IT Owner 06,Synthetic Migration Owner 02,NONE
MC-0107,CL-0107,W1,TESTING,false,false,2026-12-15,Synthetic Treasury Owner 11,Synthetic IT Owner 07,Synthetic Migration Owner 03,NONE
MC-0108,CL-0108,W2,DISCOVERY,false,false,2026-11-03,Synthetic Treasury Owner 12,Synthetic IT Owner 08,Synthetic Migration Owner 04,NONE
MC-0109,CL-0109,W1,DOCUMENTATION,false,false,2026-10-11,Synthetic Treasury Owner 01,Synthetic IT Owner 09,Synthetic Migration Owner 05,NONE
MC-0110,CL-0110,W1,READINESS,true,true,2027-01-12,Synthetic Treasury Owner 02,Synthetic IT Owner 10,Synthetic Migration Owner 06,NONE
MC-0111,CL-0111,W2,BUILD_CONFIGURATION,false,false,2027-01-07,Synthetic Treasury Owner 03,Synthetic IT Owner 01,Synthetic Migration Owner 07,NONE
MC-0112,CL-0112,W2,DOCUMENTATION,false,false,2027-01-08,Synthetic Treasury Owner 04,Synthetic IT Owner 02,Synthetic Migration Owner 08,MONITOR
MC-0113,CL-0113,W4,DISCOVERY,false,false,2026-12-27,Synthetic Treasury Owner 05,Synthetic IT Owner 03,Synthetic Migration Owner 01,NONE
MC-0114,CL-0114,W1,DISCOVERY,false,false,2027-02-01,Synthetic Treasury Owner 06,Synthetic IT Owner 04,Synthetic Migration Owner 02,NONE
MC-0115,CL-0115,W1,READINESS,true,true,2027-02-12,Synthetic Treasury Owner 07,Synthetic IT Owner 05,Synthetic Migration Owner 03,NONE
MC-0116,CL-0116,W2,TESTING,false,false,2026-11-24,Synthetic Treasury Owner 08,Synthetic IT Owner 06,Synthetic Migration Owner 04,NONE
MC-0117,CL-0117,W3,DISCOVERY,false,false,2026-10-09,Synthetic Treasury Owner 09,Synthetic IT Owner 07,Synthetic Migration Owner 05,NONE
MC-0118,CL-0118,W2,BUILD_CONFIGURATION,false,false,2026-11-07,Synthetic Treasury Owner 10,Synthetic IT Owner 08,Synthetic Migration Owner 06,NONE
MC-0119,CL-0119,W1,DISCOVERY,false,false,2027-01-02,Synthetic Treasury Owner 11,Synthetic IT Owner 09,Synthetic Migration Owner 07,MONITOR
MC-0120,CL-0120,W3,READINESS,true,true,2027-03-01,Synthetic Treasury Owner 12,Synthetic IT Owner 10,Synthetic Migration Owner 08,NONE
MC-0121,CL-0121,W3,DOCUMENTATION,false,false,2026-12-01,Synthetic Treasury Owner 01,Synthetic IT Owner 01,Synthetic Migration Owner 01,NONE
MC-0122,CL-0122,W4,TESTING,false,false,2026-11-27,Synthetic Treasury Owner 02,Synthetic IT Owner 02,Synthetic Migration Owner 02,NONE
MC-0123,CL-0123,W3,DISCOVERY,false,false,2026-12-17,Synthetic Treasury Owner 03,Synthetic IT Owner 03,Synthetic Migration Owner 03,NONE
MC-0124,CL-0124,W1,DOCUMENTATION,false,false,2026-11-26,Synthetic Treasury Owner 04,Synthetic IT Owner 04,Synthetic Migration Owner 04,NONE
MC-0125,CL-0125,W2,READINESS,true,true,2027-01-26,Synthetic Treasury Owner 05,Synthetic IT Owner 05,Synthetic Migration Owner 05,NONE
MC-0126,CL-0126,W3,BUILD_CONFIGURATION,false,false,2026-12-11,Synthetic Treasury Owner 06,Synthetic IT Owner 06,Synthetic Migration Owner 06,MONITOR
MC-0127,CL-0127,W1,DOCUMENTATION,false,false,2026-10-21,Synthetic Treasury Owner 07,Synthetic IT Owner 07,Synthetic Migration Owner 07,NONE
MC-0128,CL-0128,W4,DOCUMENTATION,false,false,2026-10-28,Synthetic Treasury Owner 08,Synthetic IT Owner 08,Synthetic Migration Owner 08,NONE
MC-0129,CL-0129,W1,TESTING,false,false,2027-02-03,Synthetic Treasury Owner 09,Synthetic IT Owner 09,Synthetic Migration Owner 01,NONE
MC-0130,CL-0130,W1,READINESS,true,true,2026-12-01,Synthetic Treasury Owner 10,Synthetic IT Owner 10,Synthetic Migration Owner 02,NONE
MC-0131,CL-0131,W1,TESTING,false,false,2026-11-28,Synthetic Treasury Owner 11,Synthetic IT Owner 01,Synthetic Migration Owner 03,NONE
MC-0132,CL-0132,W4,BUILD_CONFIGURATION,false,false,2027-02-16,Synthetic Treasury Owner 12,Synthetic IT Owner 02,Synthetic Migration Owner 04,NONE
MC-0133,CL-0133,W2,DISCOVERY,false,false,2027-01-05,Synthetic Treasury Owner 01,Synthetic IT Owner 03,Synthetic Migration Owner 05,MONITOR
MC-0134,CL-0134,W3,DOCUMENTATION,false,false,2026-11-22,Synthetic Treasury Owner 02,Synthetic IT Owner 04,Synthetic Migration Owner 06,NONE
MC-0135,CL-0135,W1,READINESS,true,true,2027-02-16,Synthetic Treasury Owner 03,Synthetic IT Owner 05,Synthetic Migration Owner 07,NONE
MC-0136,CL-0136,W2,DOCUMENTATION,false,false,2026-11-20,Synthetic Treasury Owner 04,Synthetic IT Owner 06,Synthetic Migration Owner 08,NONE
MC-0137,CL-0137,W2,BUILD_CONFIGURATION,false,false,2026-11-28,Synthetic Treasury Owner 05,Synthetic IT Owner 07,Synthetic Migration Owner 01,NONE
MC-0138,CL-0138,W1,BUILD_CONFIGURATION,false,false,2027-01-08,Synthetic Treasury Owner 06,Synthetic IT Owner 08,Synthetic Migration Owner 02,NONE
MC-0139,CL-0139,W4,DOCUMENTATION,false,false,2026-10-20,Synthetic Treasury Owner 07,Synthetic IT Owner 09,Synthetic Migration Owner 03,NONE
MC-0140,CL-0140,W2,READINESS,true,true,2026-11-13,Synthetic Treasury Owner 08,Synthetic IT Owner 10,Synthetic Migration Owner 04,MONITOR
MC-0141,CL-0141,W2,DOCUMENTATION,false,false,2026-12-17,Synthetic Treasury Owner 09,Synthetic IT Owner 01,Synthetic Migration Owner 05,NONE
MC-0142,CL-0142,W4,DISCOVERY,false,false,2027-01-29,Synthetic Treasury Owner 10,Synthetic IT Owner 02,Synthetic Migration Owner 06,NONE
MC-0143,CL-0143,W2,DISCOVERY,false,false,2026-12-10,Synthetic Treasury Owner 11,Synthetic IT Owner 03,Synthetic Migration Owner 07,NONE
MC-0144,CL-0144,W2,DISCOVERY,false,false,2026-12-18,Synthetic Treasury Owner 12,Synthetic IT Owner 04,Synthetic Migration Owner 08,NONE
MC-0145,CL-0145,W3,READINESS,true,true,2027-01-17,Synthetic Treasury Owner 01,Synthetic IT Owner 05,Synthetic Migration Owner 01,NONE
MC-0146,CL-0146,W1,TESTING,false,false,2026-12-11,Synthetic Treasury Owner 02,Synthetic IT Owner 06,Synthetic Migration Owner 02,NONE
MC-0147,CL-0147,W2,DISCOVERY,false,false,2026-11-09,Synthetic Treasury Owner 03,Synthetic IT Owner 07,Synthetic Migration Owner 03,MONITOR
MC-0148,CL-0148,W2,BUILD_CONFIGURATION,false,false,2026-11-21,Synthetic Treasury Owner 04,Synthetic IT Owner 08,Synthetic Migration Owner 04,NONE
MC-0149,CL-0149,W1,DOCUMENTATION,false,false,2027-02-16,Synthetic Treasury Owner 05,Synthetic IT Owner 09,Synthetic Migration Owner 05,NONE
MC-0150,CL-0150,W3,READINESS,true,true,2026-12-04,Synthetic Treasury Owner 06,Synthetic IT Owner 10,Synthetic Migration Owner 06,NONE
MC-0151,CL-0151,W1,DISCOVERY,false,false,2026-12-08,Synthetic Treasury Owner 07,Synthetic IT Owner 01,Synthetic Migration Owner 07,NONE
MC-0152,CL-0152,W1,TESTING,false,false,2026-11-28,Synthetic Treasury Owner 08,Synthetic IT Owner 02,Synthetic Migration Owner 08,NONE
MC-0153,CL-0153,W3,TESTING,false,false,2026-10-28,Synthetic Treasury Owner 09,Synthetic IT Owner 03,Synthetic Migration Owner 01,NONE
MC-0154,CL-0154,W4,TESTING,false,false,2026-11-15,Synthetic Treasury Owner 10,Synthetic IT Owner 04,Synthetic Migration Owner 02,MONITOR
MC-0155,CL-0155,W2,READINESS,true,true,2026-10-12,Synthetic Treasury Owner 11,Synthetic IT Owner 05,Synthetic Migration Owner 03,NONE
MC-0156,CL-0156,W1,DOCUMENTATION,false,false,2026-12-24,Synthetic Treasury Owner 12,Synthetic IT Owner 06,Synthetic Migration Owner 04,NONE
MC-0157,CL-0157,W3,DISCOVERY,false,false,2026-10-30,Synthetic Treasury Owner 01,Synthetic IT Owner 07,Synthetic Migration Owner 05,NONE
MC-0158,CL-0158,W2,BUILD_CONFIGURATION,false,false,2027-02-14,Synthetic Treasury Owner 02,Synthetic IT Owner 08,Synthetic Migration Owner 06,NONE
MC-0159,CL-0159,W4,DOCUMENTATION,false,false,2026-10-18,Synthetic Treasury Owner 03,Synthetic IT Owner 09,Synthetic Migration Owner 07,NONE
MC-0160,CL-0160,W3,READINESS,true,true,2027-03-02,Synthetic Treasury Owner 04,Synthetic IT Owner 10,Synthetic Migration Owner 08,NONE
MC-0161,CL-0161,W4,BUILD_CONFIGURATION,false,false,2027-02-08,Synthetic Treasury Owner 05,Synthetic IT Owner 01,Synthetic Migration Owner 01,MONITOR
MC-0162,CL-0162,W3,DOCUMENTATION,false,false,2026-10-28,Synthetic Treasury Owner 06,Synthetic IT Owner 02,Synthetic Migration Owner 02,NONE
MC-0163,CL-0163,W2,BUILD_CONFIGURATION,false,false,2026-12-29,Synthetic Treasury Owner 07,Synthetic IT Owner 03,Synthetic Migration Owner 03,NONE
MC-0164,CL-0164,W4,TESTING,false,false,2027-02-15,Synthetic Treasury Owner 08,Synthetic IT Owner 04,Synthetic Migration Owner 04,NONE
MC-0165,CL-0165,W1,READINESS,true,true,2026-12-05,Synthetic Treasury Owner 09,Synthetic IT Owner 05,Synthetic Migration Owner 05,NONE
MC-0166,CL-0166,W1,BUILD_CONFIGURATION,false,false,2026-11-12,Synthetic Treasury Owner 10,Synthetic IT Owner 06,Synthetic Migration Owner 06,NONE
MC-0167,CL-0167,W3,BUILD_CONFIGURATION,false,false,2026-10-10,Synthetic Treasury Owner 11,Synthetic IT Owner 07,Synthetic Migration Owner 07,NONE
MC-0168,CL-0168,W4,BUILD_CONFIGURATION,false,false,2026-12-01,Synthetic Treasury Owner 12,Synthetic IT Owner 08,Synthetic Migration Owner 08,MONITOR
MC-0169,CL-0169,W3,TESTING,false,false,2027-01-08,Synthetic Treasury Owner 01,Synthetic IT Owner 09,Synthetic Migration Owner 01,NONE
MC-0170,CL-0170,W3,READINESS,true,true,2027-02-06,Synthetic Treasury Owner 02,Synthetic IT Owner 10,Synthetic Migration Owner 02,NONE
MC-0171,CL-0171,W2,TESTING,false,false,2026-10-09,Synthetic Treasury Owner 03,Synthetic IT Owner 01,Synthetic Migration Owner 03,NONE
MC-0172,CL-0172,W2,BUILD_CONFIGURATION,false,false,2027-01-06,Synthetic Treasury Owner 04,Synthetic IT Owner 02,Synthetic Migration Owner 04,NONE
MC-0173,CL-0173,W4,DISCOVERY,false,false,2026-12-26,Synthetic Treasury Owner 05,Synthetic IT Owner 03,Synthetic Migration Owner 05,NONE
MC-0174,CL-0174,W1,TESTING,false,false,2026-12-21,Synthetic Treasury Owner 06,Synthetic IT Owner 04,Synthetic Migration Owner 06,NONE
MC-0175,CL-0175,W3,READINESS,true,true,2026-10-13,Synthetic Treasury Owner 07,Synthetic IT Owner 05,Synthetic Migration Owner 07,MONITOR
MC-0176,CL-0176,W2,BUILD_CONFIGURATION,false,false,2026-12-29,Synthetic Treasury Owner 08,Synthetic IT Owner 06,Synthetic Migration Owner 08,NONE
MC-0177,CL-0177,W1,DOCUMENTATION,false,false,2026-11-02,Synthetic Treasury Owner 09,Synthetic IT Owner 07,Synthetic Migration Owner 01,NONE
MC-0178,CL-0178,W4,DISCOVERY,false,false,2027-01-05,Synthetic Treasury Owner 10,Synthetic IT Owner 08,Synthetic Migration Owner 02,NONE
MC-0179,CL-0179,W4,DOCUMENTATION,false,false,2027-02-11,Synthetic Treasury Owner 11,Synthetic IT Owner 09,Synthetic Migration Owner 03,NONE
MC-0180,CL-0180,W4,READINESS,true,true,2027-02-22,Synthetic Treasury Owner 12,Synthetic IT Owner 10,Synthetic Migration Owner 04,NONE
MC-0181,CL-0181,W2,DOCUMENTATION,false,false,2026-12-15,Synthetic Treasury Owner 01,Synthetic IT Owner 01,Synthetic Migration Owner 05,NONE
MC-0182,CL-0182,W1,TESTING,false,false,2026-12-24,Synthetic Treasury Owner 02,Synthetic IT Owner 02,Synthetic Migration Owner 06,MONITOR
MC-0183,CL-0183,W3,DISCOVERY,false,false,2027-02-24,Synthetic Treasury Owner 03,Synthetic IT Owner 03,Synthetic Migration Owner 07,NONE
MC-0184,CL-0184,W4,TESTING,false,false,2027-02-14,Synthetic Treasury Owner 04,Synthetic IT Owner 04,Synthetic Migration Owner 08,NONE
MC-0185,CL-0185,W3,READINESS,true,true,2026-12-30,Synthetic Treasury Owner 05,Synthetic IT Owner 05,Synthetic Migration Owner 01,NONE
MC-0186,CL-0186,W4,BUILD_CONFIGURATION,false,false,2026-12-22,Synthetic Treasury Owner 06,Synthetic IT Owner 06,Synthetic Migration Owner 02,NONE
MC-0187,CL-0187,W3,TESTING,false,false,2027-02-17,Synthetic Treasury Owner 07,Synthetic IT Owner 07,Synthetic Migration Owner 03,NONE
MC-0188,CL-0188,W3,DOCUMENTATION,false,false,2026-10-23,Synthetic Treasury Owner 08,Synthetic IT Owner 08,Synthetic Migration Owner 04,NONE
MC-0189,CL-0189,W3,DISCOVERY,false,false,2027-01-23,Synthetic Treasury Owner 09,Synthetic IT Owner 09,Synthetic Migration Owner 05,MONITOR
MC-0190,CL-0190,W4,READINESS,true,true,2027-01-07,Synthetic Treasury Owner 10,Synthetic IT Owner 10,Synthetic Migration Owner 06,NONE
MC-0191,CL-0191,W1,TESTING,false,false,2027-02-05,Synthetic Treasury Owner 11,Synthetic IT Owner 01,Synthetic Migration Owner 07,NONE
MC-0192,CL-0192,W2,TESTING,false,false,2026-10-15,Synthetic Treasury Owner 12,Synthetic IT Owner 02,Synthetic Migration Owner 08,NONE
MC-0193,CL-0193,W4,TESTING,false,false,2026-10-06,Synthetic Treasury Owner 01,Synthetic IT Owner 03,Synthetic Migration Owner 01,NONE
MC-0194,CL-0194,W3,DOCUMENTATION,false,false,2026-10-23,Synthetic Treasury Owner 02,Synthetic IT Owner 04,Synthetic Migration Owner 02,NONE
MC-0195,CL-0195,W2,READINESS,true,true,2027-02-21,Synthetic Treasury Owner 03,Synthetic IT Owner 05,Synthetic Migration Owner 03,NONE
MC-0196,CL-0196,W2,TESTING,false,false,2027-01-13,Synthetic Treasury Owner 04,Synthetic IT Owner 06,Synthetic Migration Owner 04,MONITOR
MC-0197,CL-0197,W4,BUILD_CONFIGURATION,false,false,2026-11-08,Synthetic Treasury Owner 05,Synthetic IT Owner 07,Synthetic Migration Owner 05,NONE
MC-0198,CL-0198,W2,TESTING,false,false,2027-02-14,Synthetic Treasury Owner 06,Synthetic IT Owner 08,Synthetic Migration Owner 06,NONE
MC-0199,CL-0199,W3,DOCUMENTATION,false,false,2027-02-17,Synthetic Treasury Owner 07,Synthetic IT Owner 09,Synthetic Migration Owner 07,NONE
MC-0200,CL-0200,W1,READINESS,true,true,2026-11-04,Synthetic Treasury Owner 08,Synthetic IT Owner 10,Synthetic Migration Owner 08,NONE
