milestone_id,case_id,milestone_type,planned_date,actual_date,status
MS-0001-DOCUMENTATION,MC-0001,DOCUMENTATION,2026-07-29,2026-08-03,COMPLETED
MS-0001-UAT,MC-0001,UAT,2026-09-09,,PLANNED
MS-0001-CUTOVER,MC-0001,CUTOVER,2026-10-21,,PLANNED
MS-0002-DOCUMENTATION,MC-0002,DOCUMENTATION,2026-07-29,2026-08-03,COMPLETED
MS-0002-UAT,MC-0002,UAT,2026-09-09,,PLANNED
MS-0002-CUTOVER,MC-0002,CUTOVER,2026-11-10,,PLANNED
MS-0003-DOCUMENTATION,MC-0003,DOCUMENTATION,2026-07-29,2026-08-03,COMPLETED
MS-0003-UAT,MC-0003,UAT,2026-08-18,,IN_PROGRESS
MS-0003-CUTOVER,MC-0003,CUTOVER,2026-10-20,,PLANNED
MS-0004-DOCUMENTATION,MC-0004,DOCUMENTATION,2026-07-29,2026-08-03,COMPLETED
MS-0004-UAT,MC-0004,UAT,2026-08-16,2026-08-25,COMPLETED
MS-0004-CUTOVER,MC-0004,CUTOVER,2027-01-29,,PLANNED
MS-0005-DOCUMENTATION,MC-0005,DOCUMENTATION,2026-07-29,2026-08-03,COMPLETED
MS-0005-UAT,MC-0005,UAT,2026-08-16,2026-08-25,COMPLETED
MS-0005-CUTOVER,MC-0005,CUTOVER,2026-12-05,,PLANNED
MS-0006-DOCUMENTATION,MC-0006,DOCUMENTATION,2026-07-29,2026-08-03,COMPLETED
MS-0006-UAT,MC-0006,UAT,2026-08-16,2026-08-25,COMPLETED
MS-0006-CUTOVER,MC-0006,CUTOVER,2026-10-19,,PLANNED
MS-0007-DOCUMENTATION,MC-0007,DOCUMENTATION,2026-07-29,2026-08-03,COMPLETED
MS-0007-UAT,MC-0007,UAT,2026-09-09,,PLANNED
MS-0007-CUTOVER,MC-0007,CUTOVER,2026-12-03,,PLANNED
MS-0008-DOCUMENTATION,MC-0008,DOCUMENTATION,2026-07-29,2026-08-03,COMPLETED
MS-0008-UAT,MC-0008,UAT,2026-08-16,2026-08-25,COMPLETED
MS-0008-CUTOVER,MC-0008,CUTOVER,2026-10-28,,PLANNED
MS-0009-DOCUMENTATION,MC-0009,DOCUMENTATION,2026-07-29,2026-08-03,COMPLETED
MS-0009-UAT,MC-0009,UAT,2026-08-16,2026-08-25,COMPLETED
MS-0009-CUTOVER,MC-0009,CUTOVER,2026-11-24,,PLANNED
MS-0010-DOCUMENTATION,MC-0010,DOCUMENTATION,2026-07-29,2026-08-03,COMPLETED
MS-0010-UAT,MC-0010,UAT,2026-08-16,2026-08-25,COMPLETED
MS-0010-CUTOVER,MC-0010,CUTOVER,2027-03-02,,PLANNED
MS-0011-DOCUMENTATION,MC-0011,DOCUMENTATION,2026-07-29,2026-08-03,COMPLETED
MS-0011-UAT,MC-0011,UAT,2026-09-09,,PLANNED
MS-0011-CUTOVER,MC-0011,CUTOVER,2027-01-03,,PLANNED
MS-0012-DOCUMENTATION,MC-0012,DOCUMENTATION,2026-07-29,2026-08-03,COMPLETED
MS-0012-UAT,MC-0012,UAT,2026-09-09,,PLANNED
MS-0012-CUTOVER,MC-0012,CUTOVER,2026-11-14,,PLANNED
MS-0013-DOCUMENTATION,MC-0013,DOCUMENTATION,2026-07-29,2026-08-03,COMPLETED
MS-0013-UAT,MC-0013,UAT,2026-09-09,,PLANNED
MS-0013-CUTOVER,MC-0013,CUTOVER,2026-12-19,,PLANNED
MS-0014-DOCUMENTATION,MC-0014,DOCUMENTATION,2026-07-29,2026-08-03,COMPLETED
MS-0014-UAT,MC-0014,UAT,2026-08-16,2026-08-25,COMPLETED
MS-0014-CUTOVER,MC-0014,CUTOVER,2026-10-02,,PLANNED
MS-0015-DOCUMENTATION,MC-0015,DOCUMENTATION,2026-07-29,2026-08-03,COMPLETED
MS-0015-UAT,MC-0015,UAT,2026-08-16,2026-08-25,COMPLETED
MS-0015-CUTOVER,MC-0015,CUTOVER,2026-10-09,,PLANNED
MS-0016-DOCUMENTATION,MC-0016,DOCUMENTATION,2026-07-29,2026-08-03,COMPLETED
MS-0016-UAT,MC-0016,UAT,2026-09-09,,PLANNED
MS-0016-CUTOVER,MC-0016,CUTOVER,2027-01-31,,PLANNED
MS-0017-DOCUMENTATION,MC-0017,DOCUMENTATION,2026-07-29,2026-08-03,COMPLETED
MS-0017-UAT,MC-0017,UAT,2026-09-09,,PLANNED
MS-0017-CUTOVER,MC-0017,CUTOVER,2027-02-21,,PLANNED
MS-0018-DOCUMENTATION,MC-0018,DOCUMENTATION,2026-07-29,2026-08-03,COMPLETED
MS-0018-UAT,MC-0018,UAT,2026-09-09,,PLANNED
MS-0018-CUTOVER,MC-0018,CUTOVER,2026-12-22,,PLANNED
MS-0019-DOCUMENTATION,MC-0019,DOCUMENTATION,2026-07-29,2026-08-03,COMPLETED
MS-0019-UAT,MC-0019,UAT,2026-09-09,,PLANNED
MS-0019-CUTOVER,MC-0019,CUTOVER,2026-11-06,,PLANNED
MS-0020-DOCUMENTATION,MC-0020,DOCUMENTATION,2026-07-29,2026-08-03,COMPLETED
MS-0020-UAT,MC-0020,UAT,2026-08-16,2026-08-25,COMPLETED
MS-0020-CUTOVER,MC-0020,CUTOVER,2027-02-19,,PLANNED
MS-0021-DOCUMENTATION,MC-0021,DOCUMENTATION,2026-07-29,2026-08-03,COMPLETED
MS-0021-UAT,MC-0021,UAT,2026-09-09,,PLANNED
MS-0021-CUTOVER,MC-0021,CUTOVER,2027-02-24,,PLANNED
MS-0022-DOCUMENTATION,MC-0022,DOCUMENTATION,2026-07-29,2026-08-03,COMPLETED
MS-0022-UAT,MC-0022,UAT,2026-09-09,,PLANNED
MS-0022-CUTOVER,MC-0022,CUTOVER,2026-10-03,,PLANNED
MS-0023-DOCUMENTATION,MC-0023,DOCUMENTATION,2026-07-29,2026-08-03,COMPLETED
MS-0023-UAT,MC-0023,UAT,2026-09-09,,PLANNED
MS-0023-CUTOVER,MC-0023,CUTOVER,2026-12-10,,PLANNED
MS-0024-DOCUMENTATION,MC-0024,DOCUMENTATION,2026-07-29,2026-08-03,COMPLETED
MS-0024-UAT,MC-0024,UAT,2026-09-09,,PLANNED
MS-0024-CUTOVER,MC-0024,CUTOVER,2027-01-16,,PLANNED
MS-0025-DOCUMENTATION,MC-0025,DOCUMENTATION,2026-07-29,2026-08-03,COMPLETED
MS-0025-UAT,MC-0025,UAT,2026-08-16,2026-08-25,COMPLETED
MS-0025-CUTOVER,MC-0025,CUTOVER,2026-10-13,,PLANNED
MS-0026-DOCUMENTATION,MC-0026,DOCUMENTATION,2026-07-29,2026-08-03,COMPLETED
MS-0026-UAT,MC-0026,UAT,2026-09-09,,PLANNED
MS-0026-CUTOVER,MC-0026,CUTOVER,2027-01-07,,PLANNED
MS-0027-DOCUMENTATION,MC-0027,DOCUMENTATION,2026-07-29,2026-08-03,COMPLETED
MS-0027-UAT,MC-0027,UAT,2026-09-09,,PLANNED
MS-0027-CUTOVER,MC-0027,CUTOVER,2027-02-17,,PLANNED
MS-0028-DOCUMENTATION,MC-0028,DOCUMENTATION,2026-07-29,2026-08-03,COMPLETED
MS-0028-UAT,MC-0028,UAT,2026-09-09,,PLANNED
MS-0028-CUTOVER,MC-0028,CUTOVER,2027-01-13,,PLANNED
MS-0029-DOCUMENTATION,MC-0029,DOCUMENTATION,2026-07-29,2026-08-03,COMPLETED
MS-0029-UAT,MC-0029,UAT,2026-09-09,,PLANNED
MS-0029-CUTOVER,MC-0029,CUTOVER,2027-01-22,,PLANNED
MS-0030-DOCUMENTATION,MC-0030,DOCUMENTATION,2026-07-29,2026-08-03,COMPLETED
MS-0030-UAT,MC-0030,UAT,2026-08-16,2026-08-25,COMPLETED
MS-0030-CUTOVER,MC-0030,CUTOVER,2027-02-20,,PLANNED
MS-0031-DOCUMENTATION,MC-0031,DOCUMENTATION,2026-07-29,2026-08-03,COMPLETED
MS-0031-UAT,MC-0031,UAT,2026-09-09,,PLANNED
MS-0031-CUTOVER,MC-0031,CUTOVER,2027-02-25,,PLANNED
MS-0032-DOCUMENTATION,MC-0032,DOCUMENTATION,2026-07-29,2026-08-03,COMPLETED
MS-0032-UAT,MC-0032,UAT,2026-09-09,,PLANNED
MS-0032-CUTOVER,MC-0032,CUTOVER,2027-01-26,,PLANNED
MS-0033-DOCUMENTATION,MC-0033,DOCUMENTATION,2026-07-29,2026-08-03,COMPLETED
MS-0033-UAT,MC-0033,UAT,2026-09-09,,PLANNED
MS-0033-CUTOVER,MC-0033,CUTOVER,2026-10-05,,PLANNED
MS-0034-DOCUMENTATION,MC-0034,DOCUMENTATION,2026-07-29,2026-08-03,COMPLETED
MS-0034-UAT,MC-0034,UAT,2026-09-09,,PLANNED
MS-0034-CUTOVER,MC-0034,CUTOVER,2026-10-28,,PLANNED
MS-0035-DOCUMENTATION,MC-0035,DOCUMENTATION,2026-07-29,2026-08-03,COMPLETED
MS-0035-UAT,MC-0035,UAT,2026-08-16,2026-08-25,COMPLETED
MS-0035-CUTOVER,MC-0035,CUTOVER,2027-01-17,,PLANNED
MS-0036-DOCUMENTATION,MC-0036,DOCUMENTATION,2026-07-29,2026-08-03,COMPLETED
MS-0036-UAT,MC-0036,UAT,2026-09-09,,PLANNED
MS-0036-CUTOVER,MC-0036,CUTOVER,2027-01-23,,PLANNED
MS-0037-DOCUMENTATION,MC-0037,DOCUMENTATION,2026-07-29,2026-08-03,COMPLETED
MS-0037-UAT,MC-0037,UAT,2026-09-09,,PLANNED
MS-0037-CUTOVER,MC-0037,CUTOVER,2027-02-23,,PLANNED
MS-0038-DOCUMENTATION,MC-0038,DOCUMENTATION,2026-07-29,2026-08-03,COMPLETED
MS-0038-UAT,MC-0038,UAT,2026-09-09,,PLANNED
MS-0038-CUTOVER,MC-0038,CUTOVER,2027-01-23,,PLANNED
MS-0039-DOCUMENTATION,MC-0039,DOCUMENTATION,2026-07-29,2026-08-03,COMPLETED
MS-0039-UAT,MC-0039,UAT,2026-09-09,,PLANNED
MS-0039-CUTOVER,MC-0039,CUTOVER,2027-01-03,,PLANNED
MS-0040-DOCUMENTATION,MC-0040,DOCUMENTATION,2026-07-29,2026-08-03,COMPLETED
MS-0040-UAT,MC-0040,UAT,2026-08-16,2026-08-25,COMPLETED
MS-0040-CUTOVER,MC-0040,CUTOVER,2026-12-25,,PLANNED
MS-0041-DOCUMENTATION,MC-0041,DOCUMENTATION,2026-07-29,2026-08-03,COMPLETED
MS-0041-UAT,MC-0041,UAT,2026-09-09,,PLANNED
MS-0041-CUTOVER,MC-0041,CUTOVER,2026-12-23,,PLANNED
MS-0042-DOCUMENTATION,MC-0042,DOCUMENTATION,2026-07-29,2026-08-03,COMPLETED
MS-0042-UAT,MC-0042,UAT,2026-09-09,,PLANNED
MS-0042-CUTOVER,MC-0042,CUTOVER,2026-11-10,,PLANNED
MS-0043-DOCUMENTATION,MC-0043,DOCUMENTATION,2026-07-29,2026-08-03,COMPLETED
MS-0043-UAT,MC-0043,UAT,2026-09-09,,PLANNED
MS-0043-CUTOVER,MC-0043,CUTOVER,2026-11-04,,PLANNED
MS-0044-DOCUMENTATION,MC-0044,DOCUMENTATION,2026-07-29,2026-08-03,COMPLETED
MS-0044-UAT,MC-0044,UAT,2026-09-09,,PLANNED
MS-0044-CUTOVER,MC-0044,CUTOVER,2026-12-11,,PLANNED
MS-0045-DOCUMENTATION,MC-0045,DOCUMENTATION,2026-07-29,2026-08-03,COMPLETED
MS-0045-UAT,MC-0045,UAT,2026-08-16,2026-08-25,COMPLETED
MS-0045-CUTOVER,MC-0045,CUTOVER,2027-02-16,,PLANNED
MS-0046-DOCUMENTATION,MC-0046,DOCUMENTATION,2026-07-29,2026-08-03,COMPLETED
MS-0046-UAT,MC-0046,UAT,2026-09-09,,PLANNED
MS-0046-CUTOVER,MC-0046,CUTOVER,2027-02-22,,PLANNED
MS-0047-DOCUMENTATION,MC-0047,DOCUMENTATION,2026-07-29,2026-08-03,COMPLETED
MS-0047-UAT,MC-0047,UAT,2026-09-09,,PLANNED
MS-0047-CUTOVER,MC-0047,CUTOVER,2027-01-16,,PLANNED
MS-0048-DOCUMENTATION,MC-0048,DOCUMENTATION,2026-07-29,2026-08-03,COMPLETED
MS-0048-UAT,MC-0048,UAT,2026-09-09,,PLANNED
MS-0048-CUTOVER,MC-0048,CUTOVER,2026-11-13,,PLANNED
MS-0049-DOCUMENTATION,MC-0049,DOCUMENTATION,2026-07-29,2026-08-03,COMPLETED
MS-0049-UAT,MC-0049,UAT,2026-09-09,,PLANNED
MS-0049-CUTOVER,MC-0049,CUTOVER,2027-02-10,,PLANNED
MS-0050-DOCUMENTATION,MC-0050,DOCUMENTATION,2026-07-29,2026-08-03,COMPLETED
MS-0050-UAT,MC-0050,UAT,2026-08-16,2026-08-25,COMPLETED
MS-0050-CUTOVER,MC-0050,CUTOVER,2027-02-13,,PLANNED
MS-0051-DOCUMENTATION,MC-0051,DOCUMENTATION,2026-07-29,2026-08-03,COMPLETED
MS-0051-UAT,MC-0051,UAT,2026-09-09,,PLANNED
MS-0051-CUTOVER,MC-0051,CUTOVER,2027-01-23,,PLANNED
MS-0052-DOCUMENTATION,MC-0052,DOCUMENTATION,2026-07-29,2026-08-03,COMPLETED
MS-0052-UAT,MC-0052,UAT,2026-09-09,,PLANNED
MS-0052-CUTOVER,MC-0052,CUTOVER,2026-12-25,,PLANNED
MS-0053-DOCUMENTATION,MC-0053,DOCUMENTATION,2026-07-29,2026-08-03,COMPLETED
MS-0053-UAT,MC-0053,UAT,2026-09-09,,PLANNED
MS-0053-CUTOVER,MC-0053,CUTOVER,2027-02-23,,PLANNED
MS-0054-DOCUMENTATION,MC-0054,DOCUMENTATION,2026-07-29,2026-08-03,COMPLETED
MS-0054-UAT,MC-0054,UAT,2026-09-09,,PLANNED
MS-0054-CUTOVER,MC-0054,CUTOVER,2026-11-22,,PLANNED
MS-0055-DOCUMENTATION,MC-0055,DOCUMENTATION,2026-07-29,2026-08-03,COMPLETED
MS-0055-UAT,MC-0055,UAT,2026-08-16,2026-08-25,COMPLETED
MS-0055-CUTOVER,MC-0055,CUTOVER,2027-02-17,,PLANNED
MS-0056-DOCUMENTATION,MC-0056,DOCUMENTATION,2026-07-29,2026-08-03,COMPLETED
MS-0056-UAT,MC-0056,UAT,2026-09-09,,PLANNED
MS-0056-CUTOVER,MC-0056,CUTOVER,2027-02-11,,PLANNED
MS-0057-DOCUMENTATION,MC-0057,DOCUMENTATION,2026-07-29,2026-08-03,COMPLETED
MS-0057-UAT,MC-0057,UAT,2026-09-09,,PLANNED
MS-0057-CUTOVER,MC-0057,CUTOVER,2026-11-22,,PLANNED
MS-0058-DOCUMENTATION,MC-0058,DOCUMENTATION,2026-07-29,2026-08-03,COMPLETED
MS-0058-UAT,MC-0058,UAT,2026-09-09,,PLANNED
MS-0058-CUTOVER,MC-0058,CUTOVER,2027-02-02,,PLANNED
MS-0059-DOCUMENTATION,MC-0059,DOCUMENTATION,2026-07-29,2026-08-03,COMPLETED
MS-0059-UAT,MC-0059,UAT,2026-09-09,,PLANNED
MS-0059-CUTOVER,MC-0059,CUTOVER,2027-01-29,,PLANNED
MS-0060-DOCUMENTATION,MC-0060,DOCUMENTATION,2026-07-29,2026-08-03,COMPLETED
MS-0060-UAT,MC-0060,UAT,2026-08-16,2026-08-25,COMPLETED
MS-0060-CUTOVER,MC-0060,CUTOVER,2026-12-21,,PLANNED
MS-0061-DOCUMENTATION,MC-0061,DOCUMENTATION,2026-07-29,2026-08-03,COMPLETED
MS-0061-UAT,MC-0061,UAT,2026-09-09,,PLANNED
MS-0061-CUTOVER,MC-0061,CUTOVER,2026-10-06,,PLANNED
MS-0062-DOCUMENTATION,MC-0062,DOCUMENTATION,2026-07-29,2026-08-03,COMPLETED
MS-0062-UAT,MC-0062,UAT,2026-09-09,,PLANNED
MS-0062-CUTOVER,MC-0062,CUTOVER,2027-02-04,,PLANNED
MS-0063-DOCUMENTATION,MC-0063,DOCUMENTATION,2026-07-29,2026-08-03,COMPLETED
MS-0063-UAT,MC-0063,UAT,2026-09-09,,PLANNED
MS-0063-CUTOVER,MC-0063,CUTOVER,2026-10-25,,PLANNED
MS-0064-DOCUMENTATION,MC-0064,DOCUMENTATION,2026-07-29,2026-08-03,COMPLETED
MS-0064-UAT,MC-0064,UAT,2026-09-09,,PLANNED
MS-0064-CUTOVER,MC-0064,CUTOVER,2026-11-09,,PLANNED
MS-0065-DOCUMENTATION,MC-0065,DOCUMENTATION,2026-07-29,2026-08-03,COMPLETED
MS-0065-UAT,MC-0065,UAT,2026-08-16,2026-08-25,COMPLETED
MS-0065-CUTOVER,MC-0065,CUTOVER,2026-10-09,,PLANNED
MS-0066-DOCUMENTATION,MC-0066,DOCUMENTATION,2026-07-29,2026-08-03,COMPLETED
MS-0066-UAT,MC-0066,UAT,2026-09-09,,PLANNED
MS-0066-CUTOVER,MC-0066,CUTOVER,2027-02-19,,PLANNED
MS-0067-DOCUMENTATION,MC-0067,DOCUMENTATION,2026-07-29,2026-08-03,COMPLETED
MS-0067-UAT,MC-0067,UAT,2026-09-09,,PLANNED
MS-0067-CUTOVER,MC-0067,CUTOVER,2027-03-01,,PLANNED
MS-0068-DOCUMENTATION,MC-0068,DOCUMENTATION,2026-07-29,2026-08-03,COMPLETED
MS-0068-UAT,MC-0068,UAT,2026-09-09,,PLANNED
MS-0068-CUTOVER,MC-0068,CUTOVER,2026-11-23,,PLANNED
MS-0069-DOCUMENTATION,MC-0069,DOCUMENTATION,2026-07-29,2026-08-03,COMPLETED
MS-0069-UAT,MC-0069,UAT,2026-09-09,,PLANNED
MS-0069-CUTOVER,MC-0069,CUTOVER,2026-11-01,,PLANNED
MS-0070-DOCUMENTATION,MC-0070,DOCUMENTATION,2026-07-29,2026-08-03,COMPLETED
MS-0070-UAT,MC-0070,UAT,2026-08-16,2026-08-25,COMPLETED
MS-0070-CUTOVER,MC-0070,CUTOVER,2027-01-17,,PLANNED
MS-0071-DOCUMENTATION,MC-0071,DOCUMENTATION,2026-07-29,2026-08-03,COMPLETED
MS-0071-UAT,MC-0071,UAT,2026-09-09,,PLANNED
MS-0071-CUTOVER,MC-0071,CUTOVER,2026-11-25,,PLANNED
MS-0072-DOCUMENTATION,MC-0072,DOCUMENTATION,2026-07-29,2026-08-03,COMPLETED
MS-0072-UAT,MC-0072,UAT,2026-09-09,,PLANNED
MS-0072-CUTOVER,MC-0072,CUTOVER,2027-01-26,,PLANNED
MS-0073-DOCUMENTATION,MC-0073,DOCUMENTATION,2026-07-29,2026-08-03,COMPLETED
MS-0073-UAT,MC-0073,UAT,2026-09-09,,PLANNED
MS-0073-CUTOVER,MC-0073,CUTOVER,2026-12-09,,PLANNED
MS-0074-DOCUMENTATION,MC-0074,DOCUMENTATION,2026-07-29,2026-08-03,COMPLETED
MS-0074-UAT,MC-0074,UAT,2026-09-09,,PLANNED
MS-0074-CUTOVER,MC-0074,CUTOVER,2026-12-24,,PLANNED
MS-0075-DOCUMENTATION,MC-0075,DOCUMENTATION,2026-07-29,2026-08-03,COMPLETED
MS-0075-UAT,MC-0075,UAT,2026-08-16,2026-08-25,COMPLETED
MS-0075-CUTOVER,MC-0075,CUTOVER,2027-02-07,,PLANNED
MS-0076-DOCUMENTATION,MC-0076,DOCUMENTATION,2026-07-29,2026-08-03,COMPLETED
MS-0076-UAT,MC-0076,UAT,2026-09-09,,PLANNED
MS-0076-CUTOVER,MC-0076,CUTOVER,2027-03-06,,PLANNED
MS-0077-DOCUMENTATION,MC-0077,DOCUMENTATION,2026-07-29,2026-08-03,COMPLETED
MS-0077-UAT,MC-0077,UAT,2026-09-09,,PLANNED
MS-0077-CUTOVER,MC-0077,CUTOVER,2026-10-22,,PLANNED
MS-0078-DOCUMENTATION,MC-0078,DOCUMENTATION,2026-07-29,2026-08-03,COMPLETED
MS-0078-UAT,MC-0078,UAT,2026-09-09,,PLANNED
MS-0078-CUTOVER,MC-0078,CUTOVER,2026-10-26,,PLANNED
MS-0079-DOCUMENTATION,MC-0079,DOCUMENTATION,2026-07-29,2026-08-03,COMPLETED
MS-0079-UAT,MC-0079,UAT,2026-09-09,,PLANNED
MS-0079-CUTOVER,MC-0079,CUTOVER,2027-02-09,,PLANNED
MS-0080-DOCUMENTATION,MC-0080,DOCUMENTATION,2026-07-29,2026-08-03,COMPLETED
MS-0080-UAT,MC-0080,UAT,2026-08-16,2026-08-25,COMPLETED
MS-0080-CUTOVER,MC-0080,CUTOVER,2027-02-13,,PLANNED
MS-0081-DOCUMENTATION,MC-0081,DOCUMENTATION,2026-07-29,2026-08-03,COMPLETED
MS-0081-UAT,MC-0081,UAT,2026-09-09,,PLANNED
MS-0081-CUTOVER,MC-0081,CUTOVER,2027-01-16,,PLANNED
MS-0082-DOCUMENTATION,MC-0082,DOCUMENTATION,2026-07-29,2026-08-03,COMPLETED
MS-0082-UAT,MC-0082,UAT,2026-09-09,,PLANNED
MS-0082-CUTOVER,MC-0082,CUTOVER,2026-12-09,,PLANNED
MS-0083-DOCUMENTATION,MC-0083,DOCUMENTATION,2026-07-29,2026-08-03,COMPLETED
MS-0083-UAT,MC-0083,UAT,2026-09-09,,PLANNED
MS-0083-CUTOVER,MC-0083,CUTOVER,2026-10-16,,PLANNED
MS-0084-DOCUMENTATION,MC-0084,DOCUMENTATION,2026-07-29,2026-08-03,COMPLETED
MS-0084-UAT,MC-0084,UAT,2026-09-09,,PLANNED
MS-0084-CUTOVER,MC-0084,CUTOVER,2027-01-24,,PLANNED
MS-0085-DOCUMENTATION,MC-0085,DOCUMENTATION,2026-07-29,2026-08-03,COMPLETED
MS-0085-UAT,MC-0085,UAT,2026-08-16,2026-08-25,COMPLETED
MS-0085-CUTOVER,MC-0085,CUTOVER,2027-02-23,,PLANNED
MS-0086-DOCUMENTATION,MC-0086,DOCUMENTATION,2026-07-29,2026-08-03,COMPLETED
MS-0086-UAT,MC-0086,UAT,2026-09-09,,PLANNED
MS-0086-CUTOVER,MC-0086,CUTOVER,2027-02-25,,PLANNED
MS-0087-DOCUMENTATION,MC-0087,DOCUMENTATION,2026-07-29,2026-08-03,COMPLETED
MS-0087-UAT,MC-0087,UAT,2026-09-09,,PLANNED
MS-0087-CUTOVER,MC-0087,CUTOVER,2026-11-10,,PLANNED
MS-0088-DOCUMENTATION,MC-0088,DOCUMENTATION,2026-07-29,2026-08-03,COMPLETED
MS-0088-UAT,MC-0088,UAT,2026-09-09,,PLANNED
MS-0088-CUTOVER,MC-0088,CUTOVER,2026-12-24,,PLANNED
MS-0089-DOCUMENTATION,MC-0089,DOCUMENTATION,2026-07-29,2026-08-03,COMPLETED
MS-0089-UAT,MC-0089,UAT,2026-09-09,,PLANNED
MS-0089-CUTOVER,MC-0089,CUTOVER,2027-02-26,,PLANNED
MS-0090-DOCUMENTATION,MC-0090,DOCUMENTATION,2026-07-29,2026-08-03,COMPLETED
MS-0090-UAT,MC-0090,UAT,2026-08-16,2026-08-25,COMPLETED
MS-0090-CUTOVER,MC-0090,CUTOVER,2026-11-15,,PLANNED
MS-0091-DOCUMENTATION,MC-0091,DOCUMENTATION,2026-07-29,2026-08-03,COMPLETED
MS-0091-UAT,MC-0091,UAT,2026-09-09,,PLANNED
MS-0091-CUTOVER,MC-0091,CUTOVER,2026-12-10,,PLANNED
MS-0092-DOCUMENTATION,MC-0092,DOCUMENTATION,2026-07-29,2026-08-03,COMPLETED
MS-0092-UAT,MC-0092,UAT,2026-09-09,,PLANNED
MS-0092-CUTOVER,MC-0092,CUTOVER,2027-02-26,,PLANNED
MS-0093-DOCUMENTATION,MC-0093,DOCUMENTATION,2026-07-29,2026-08-03,COMPLETED
MS-0093-UAT,MC-0093,UAT,2026-09-09,,PLANNED
MS-0093-CUTOVER,MC-0093,CUTOVER,2026-10-26,,PLANNED
MS-0094-DOCUMENTATION,MC-0094,DOCUMENTATION,2026-07-29,2026-08-03,COMPLETED
MS-0094-UAT,MC-0094,UAT,2026-09-09,,PLANNED
MS-0094-CUTOVER,MC-0094,CUTOVER,2026-12-04,,PLANNED
MS-0095-DOCUMENTATION,MC-0095,DOCUMENTATION,2026-07-29,2026-08-03,COMPLETED
MS-0095-UAT,MC-0095,UAT,2026-08-16,2026-08-25,COMPLETED
MS-0095-CUTOVER,MC-0095,CUTOVER,2027-01-03,,PLANNED
MS-0096-DOCUMENTATION,MC-0096,DOCUMENTATION,2026-07-29,2026-08-03,COMPLETED
MS-0096-UAT,MC-0096,UAT,2026-09-09,,PLANNED
MS-0096-CUTOVER,MC-0096,CUTOVER,2027-01-13,,PLANNED
MS-0097-DOCUMENTATION,MC-0097,DOCUMENTATION,2026-07-29,2026-08-03,COMPLETED
MS-0097-UAT,MC-0097,UAT,2026-09-09,,PLANNED
MS-0097-CUTOVER,MC-0097,CUTOVER,2026-10-30,,PLANNED
MS-0098-DOCUMENTATION,MC-0098,DOCUMENTATION,2026-07-29,2026-08-03,COMPLETED
MS-0098-UAT,MC-0098,UAT,2026-09-09,,PLANNED
MS-0098-CUTOVER,MC-0098,CUTOVER,2027-02-07,,PLANNED
MS-0099-DOCUMENTATION,MC-0099,DOCUMENTATION,2026-07-29,2026-08-03,COMPLETED
MS-0099-UAT,MC-0099,UAT,2026-09-09,,PLANNED
MS-0099-CUTOVER,MC-0099,CUTOVER,2027-02-21,,PLANNED
MS-0100-DOCUMENTATION,MC-0100,DOCUMENTATION,2026-07-29,2026-08-03,COMPLETED
MS-0100-UAT,MC-0100,UAT,2026-08-16,2026-08-25,COMPLETED
MS-0100-CUTOVER,MC-0100,CUTOVER,2026-11-07,,PLANNED
MS-0101-DOCUMENTATION,MC-0101,DOCUMENTATION,2026-07-29,2026-08-03,COMPLETED
MS-0101-UAT,MC-0101,UAT,2026-09-09,,PLANNED
MS-0101-CUTOVER,MC-0101,CUTOVER,2027-02-23,,PLANNED
MS-0102-DOCUMENTATION,MC-0102,DOCUMENTATION,2026-07-29,2026-08-03,COMPLETED
MS-0102-UAT,MC-0102,UAT,2026-09-09,,PLANNED
MS-0102-CUTOVER,MC-0102,CUTOVER,2027-01-12,,PLANNED
MS-0103-DOCUMENTATION,MC-0103,DOCUMENTATION,2026-07-29,2026-08-03,COMPLETED
MS-0103-UAT,MC-0103,UAT,2026-09-09,,PLANNED
MS-0103-CUTOVER,MC-0103,CUTOVER,2027-03-02,,PLANNED
MS-0104-DOCUMENTATION,MC-0104,DOCUMENTATION,2026-07-29,2026-08-03,COMPLETED
MS-0104-UAT,MC-0104,UAT,2026-09-09,,PLANNED
MS-0104-CUTOVER,MC-0104,CUTOVER,2026-11-05,,PLANNED
MS-0105-DOCUMENTATION,MC-0105,DOCUMENTATION,2026-07-29,2026-08-03,COMPLETED
MS-0105-UAT,MC-0105,UAT,2026-08-16,2026-08-25,COMPLETED
MS-0105-CUTOVER,MC-0105,CUTOVER,2026-10-13,,PLANNED
MS-0106-DOCUMENTATION,MC-0106,DOCUMENTATION,2026-07-29,2026-08-03,COMPLETED
MS-0106-UAT,MC-0106,UAT,2026-09-09,,PLANNED
MS-0106-CUTOVER,MC-0106,CUTOVER,2027-02-20,,PLANNED
MS-0107-DOCUMENTATION,MC-0107,DOCUMENTATION,2026-07-29,2026-08-03,COMPLETED
MS-0107-UAT,MC-0107,UAT,2026-09-09,,PLANNED
MS-0107-CUTOVER,MC-0107,CUTOVER,2026-12-15,,PLANNED
MS-0108-DOCUMENTATION,MC-0108,DOCUMENTATION,2026-07-29,2026-08-03,COMPLETED
MS-0108-UAT,MC-0108,UAT,2026-09-09,,PLANNED
MS-0108-CUTOVER,MC-0108,CUTOVER,2026-11-03,,PLANNED
MS-0109-DOCUMENTATION,MC-0109,DOCUMENTATION,2026-07-29,2026-08-03,COMPLETED
MS-0109-UAT,MC-0109,UAT,2026-09-09,,PLANNED
MS-0109-CUTOVER,MC-0109,CUTOVER,2026-10-11,,PLANNED
MS-0110-DOCUMENTATION,MC-0110,DOCUMENTATION,2026-07-29,2026-08-03,COMPLETED
MS-0110-UAT,MC-0110,UAT,2026-08-16,2026-08-25,COMPLETED
MS-0110-CUTOVER,MC-0110,CUTOVER,2027-01-12,,PLANNED
MS-0111-DOCUMENTATION,MC-0111,DOCUMENTATION,2026-07-29,2026-08-03,COMPLETED
MS-0111-UAT,MC-0111,UAT,2026-09-09,,PLANNED
MS-0111-CUTOVER,MC-0111,CUTOVER,2027-01-07,,PLANNED
MS-0112-DOCUMENTATION,MC-0112,DOCUMENTATION,2026-07-29,2026-08-03,COMPLETED
MS-0112-UAT,MC-0112,UAT,2026-09-09,,PLANNED
MS-0112-CUTOVER,MC-0112,CUTOVER,2027-01-08,,PLANNED
MS-0113-DOCUMENTATION,MC-0113,DOCUMENTATION,2026-07-29,2026-08-03,COMPLETED
MS-0113-UAT,MC-0113,UAT,2026-09-09,,PLANNED
MS-0113-CUTOVER,MC-0113,CUTOVER,2026-12-27,,PLANNED
MS-0114-DOCUMENTATION,MC-0114,DOCUMENTATION,2026-07-29,2026-08-03,COMPLETED
MS-0114-UAT,MC-0114,UAT,2026-09-09,,PLANNED
MS-0114-CUTOVER,MC-0114,CUTOVER,2027-02-01,,PLANNED
MS-0115-DOCUMENTATION,MC-0115,DOCUMENTATION,2026-07-29,2026-08-03,COMPLETED
MS-0115-UAT,MC-0115,UAT,2026-08-16,2026-08-25,COMPLETED
MS-0115-CUTOVER,MC-0115,CUTOVER,2027-02-12,,PLANNED
MS-0116-DOCUMENTATION,MC-0116,DOCUMENTATION,2026-07-29,2026-08-03,COMPLETED
MS-0116-UAT,MC-0116,UAT,2026-09-09,,PLANNED
MS-0116-CUTOVER,MC-0116,CUTOVER,2026-11-24,,PLANNED
MS-0117-DOCUMENTATION,MC-0117,DOCUMENTATION,2026-07-29,2026-08-03,COMPLETED
MS-0117-UAT,MC-0117,UAT,2026-09-09,,PLANNED
MS-0117-CUTOVER,MC-0117,CUTOVER,2026-10-09,,PLANNED
MS-0118-DOCUMENTATION,MC-0118,DOCUMENTATION,2026-07-29,2026-08-03,COMPLETED
MS-0118-UAT,MC-0118,UAT,2026-09-09,,PLANNED
MS-0118-CUTOVER,MC-0118,CUTOVER,2026-11-07,,PLANNED
MS-0119-DOCUMENTATION,MC-0119,DOCUMENTATION,2026-07-29,2026-08-03,COMPLETED
MS-0119-UAT,MC-0119,UAT,2026-09-09,,PLANNED
MS-0119-CUTOVER,MC-0119,CUTOVER,2027-01-02,,PLANNED
MS-0120-DOCUMENTATION,MC-0120,DOCUMENTATION,2026-07-29,2026-08-03,COMPLETED
MS-0120-UAT,MC-0120,UAT,2026-08-16,2026-08-25,COMPLETED
MS-0120-CUTOVER,MC-0120,CUTOVER,2027-03-01,,PLANNED
MS-0121-DOCUMENTATION,MC-0121,DOCUMENTATION,2026-07-29,2026-08-03,COMPLETED
MS-0121-UAT,MC-0121,UAT,2026-09-09,,PLANNED
MS-0121-CUTOVER,MC-0121,CUTOVER,2026-12-01,,PLANNED
MS-0122-DOCUMENTATION,MC-0122,DOCUMENTATION,2026-07-29,2026-08-03,COMPLETED
MS-0122-UAT,MC-0122,UAT,2026-09-09,,PLANNED
MS-0122-CUTOVER,MC-0122,CUTOVER,2026-11-27,,PLANNED
MS-0123-DOCUMENTATION,MC-0123,DOCUMENTATION,2026-07-29,2026-08-03,COMPLETED
MS-0123-UAT,MC-0123,UAT,2026-09-09,,PLANNED
MS-0123-CUTOVER,MC-0123,CUTOVER,2026-12-17,,PLANNED
MS-0124-DOCUMENTATION,MC-0124,DOCUMENTATION,2026-07-29,2026-08-03,COMPLETED
MS-0124-UAT,MC-0124,UAT,2026-09-09,,PLANNED
MS-0124-CUTOVER,MC-0124,CUTOVER,2026-11-26,,PLANNED
MS-0125-DOCUMENTATION,MC-0125,DOCUMENTATION,2026-07-29,2026-08-03,COMPLETED
MS-0125-UAT,MC-0125,UAT,2026-08-16,2026-08-25,COMPLETED
MS-0125-CUTOVER,MC-0125,CUTOVER,2027-01-26,,PLANNED
MS-0126-DOCUMENTATION,MC-0126,DOCUMENTATION,2026-07-29,2026-08-03,COMPLETED
MS-0126-UAT,MC-0126,UAT,2026-09-09,,PLANNED
MS-0126-CUTOVER,MC-0126,CUTOVER,2026-12-11,,PLANNED
MS-0127-DOCUMENTATION,MC-0127,DOCUMENTATION,2026-07-29,2026-08-03,COMPLETED
MS-0127-UAT,MC-0127,UAT,2026-09-09,,PLANNED
MS-0127-CUTOVER,MC-0127,CUTOVER,2026-10-21,,PLANNED
MS-0128-DOCUMENTATION,MC-0128,DOCUMENTATION,2026-07-29,2026-08-03,COMPLETED
MS-0128-UAT,MC-0128,UAT,2026-09-09,,PLANNED
MS-0128-CUTOVER,MC-0128,CUTOVER,2026-10-28,,PLANNED
MS-0129-DOCUMENTATION,MC-0129,DOCUMENTATION,2026-07-29,2026-08-03,COMPLETED
MS-0129-UAT,MC-0129,UAT,2026-09-09,,PLANNED
MS-0129-CUTOVER,MC-0129,CUTOVER,2027-02-03,,PLANNED
MS-0130-DOCUMENTATION,MC-0130,DOCUMENTATION,2026-07-29,2026-08-03,COMPLETED
MS-0130-UAT,MC-0130,UAT,2026-08-16,2026-08-25,COMPLETED
MS-0130-CUTOVER,MC-0130,CUTOVER,2026-12-01,,PLANNED
MS-0131-DOCUMENTATION,MC-0131,DOCUMENTATION,2026-07-29,2026-08-03,COMPLETED
MS-0131-UAT,MC-0131,UAT,2026-09-09,,PLANNED
MS-0131-CUTOVER,MC-0131,CUTOVER,2026-11-28,,PLANNED
MS-0132-DOCUMENTATION,MC-0132,DOCUMENTATION,2026-07-29,2026-08-03,COMPLETED
MS-0132-UAT,MC-0132,UAT,2026-09-09,,PLANNED
MS-0132-CUTOVER,MC-0132,CUTOVER,2027-02-16,,PLANNED
MS-0133-DOCUMENTATION,MC-0133,DOCUMENTATION,2026-07-29,2026-08-03,COMPLETED
MS-0133-UAT,MC-0133,UAT,2026-09-09,,PLANNED
MS-0133-CUTOVER,MC-0133,CUTOVER,2027-01-05,,PLANNED
MS-0134-DOCUMENTATION,MC-0134,DOCUMENTATION,2026-07-29,2026-08-03,COMPLETED
MS-0134-UAT,MC-0134,UAT,2026-09-09,,PLANNED
MS-0134-CUTOVER,MC-0134,CUTOVER,2026-11-22,,PLANNED
MS-0135-DOCUMENTATION,MC-0135,DOCUMENTATION,2026-07-29,2026-08-03,COMPLETED
MS-0135-UAT,MC-0135,UAT,2026-08-16,2026-08-25,COMPLETED
MS-0135-CUTOVER,MC-0135,CUTOVER,2027-02-16,,PLANNED
MS-0136-DOCUMENTATION,MC-0136,DOCUMENTATION,2026-07-29,2026-08-03,COMPLETED
MS-0136-UAT,MC-0136,UAT,2026-09-09,,PLANNED
MS-0136-CUTOVER,MC-0136,CUTOVER,2026-11-20,,PLANNED
MS-0137-DOCUMENTATION,MC-0137,DOCUMENTATION,2026-07-29,2026-08-03,COMPLETED
MS-0137-UAT,MC-0137,UAT,2026-09-09,,PLANNED
MS-0137-CUTOVER,MC-0137,CUTOVER,2026-11-28,,PLANNED
MS-0138-DOCUMENTATION,MC-0138,DOCUMENTATION,2026-07-29,2026-08-03,COMPLETED
MS-0138-UAT,MC-0138,UAT,2026-09-09,,PLANNED
MS-0138-CUTOVER,MC-0138,CUTOVER,2027-01-08,,PLANNED
MS-0139-DOCUMENTATION,MC-0139,DOCUMENTATION,2026-07-29,2026-08-03,COMPLETED
MS-0139-UAT,MC-0139,UAT,2026-09-09,,PLANNED
MS-0139-CUTOVER,MC-0139,CUTOVER,2026-10-20,,PLANNED
MS-0140-DOCUMENTATION,MC-0140,DOCUMENTATION,2026-07-29,2026-08-03,COMPLETED
MS-0140-UAT,MC-0140,UAT,2026-08-16,2026-08-25,COMPLETED
MS-0140-CUTOVER,MC-0140,CUTOVER,2026-11-13,,PLANNED
MS-0141-DOCUMENTATION,MC-0141,DOCUMENTATION,2026-07-29,2026-08-03,COMPLETED
MS-0141-UAT,MC-0141,UAT,2026-09-09,,PLANNED
MS-0141-CUTOVER,MC-0141,CUTOVER,2026-12-17,,PLANNED
MS-0142-DOCUMENTATION,MC-0142,DOCUMENTATION,2026-07-29,2026-08-03,COMPLETED
MS-0142-UAT,MC-0142,UAT,2026-09-09,,PLANNED
MS-0142-CUTOVER,MC-0142,CUTOVER,2027-01-29,,PLANNED
MS-0143-DOCUMENTATION,MC-0143,DOCUMENTATION,2026-07-29,2026-08-03,COMPLETED
MS-0143-UAT,MC-0143,UAT,2026-09-09,,PLANNED
MS-0143-CUTOVER,MC-0143,CUTOVER,2026-12-10,,PLANNED
MS-0144-DOCUMENTATION,MC-0144,DOCUMENTATION,2026-07-29,2026-08-03,COMPLETED
MS-0144-UAT,MC-0144,UAT,2026-09-09,,PLANNED
MS-0144-CUTOVER,MC-0144,CUTOVER,2026-12-18,,PLANNED
MS-0145-DOCUMENTATION,MC-0145,DOCUMENTATION,2026-07-29,2026-08-03,COMPLETED
MS-0145-UAT,MC-0145,UAT,2026-08-16,2026-08-25,COMPLETED
MS-0145-CUTOVER,MC-0145,CUTOVER,2027-01-17,,PLANNED
MS-0146-DOCUMENTATION,MC-0146,DOCUMENTATION,2026-07-29,2026-08-03,COMPLETED
MS-0146-UAT,MC-0146,UAT,2026-09-09,,PLANNED
MS-0146-CUTOVER,MC-0146,CUTOVER,2026-12-11,,PLANNED
MS-0147-DOCUMENTATION,MC-0147,DOCUMENTATION,2026-07-29,2026-08-03,COMPLETED
MS-0147-UAT,MC-0147,UAT,2026-09-09,,PLANNED
MS-0147-CUTOVER,MC-0147,CUTOVER,2026-11-09,,PLANNED
MS-0148-DOCUMENTATION,MC-0148,DOCUMENTATION,2026-07-29,2026-08-03,COMPLETED
MS-0148-UAT,MC-0148,UAT,2026-09-09,,PLANNED
MS-0148-CUTOVER,MC-0148,CUTOVER,2026-11-21,,PLANNED
MS-0149-DOCUMENTATION,MC-0149,DOCUMENTATION,2026-07-29,2026-08-03,COMPLETED
MS-0149-UAT,MC-0149,UAT,2026-09-09,,PLANNED
MS-0149-CUTOVER,MC-0149,CUTOVER,2027-02-16,,PLANNED
MS-0150-DOCUMENTATION,MC-0150,DOCUMENTATION,2026-07-29,2026-08-03,COMPLETED
MS-0150-UAT,MC-0150,UAT,2026-08-16,2026-08-25,COMPLETED
MS-0150-CUTOVER,MC-0150,CUTOVER,2026-12-04,,PLANNED
MS-0151-DOCUMENTATION,MC-0151,DOCUMENTATION,2026-07-29,2026-08-03,COMPLETED
MS-0151-UAT,MC-0151,UAT,2026-09-09,,PLANNED
MS-0151-CUTOVER,MC-0151,CUTOVER,2026-12-08,,PLANNED
MS-0152-DOCUMENTATION,MC-0152,DOCUMENTATION,2026-07-29,2026-08-03,COMPLETED
MS-0152-UAT,MC-0152,UAT,2026-09-09,,PLANNED
MS-0152-CUTOVER,MC-0152,CUTOVER,2026-11-28,,PLANNED
MS-0153-DOCUMENTATION,MC-0153,DOCUMENTATION,2026-07-29,2026-08-03,COMPLETED
MS-0153-UAT,MC-0153,UAT,2026-09-09,,PLANNED
MS-0153-CUTOVER,MC-0153,CUTOVER,2026-10-28,,PLANNED
MS-0154-DOCUMENTATION,MC-0154,DOCUMENTATION,2026-07-29,2026-08-03,COMPLETED
MS-0154-UAT,MC-0154,UAT,2026-09-09,,PLANNED
MS-0154-CUTOVER,MC-0154,CUTOVER,2026-11-15,,PLANNED
MS-0155-DOCUMENTATION,MC-0155,DOCUMENTATION,2026-07-29,2026-08-03,COMPLETED
MS-0155-UAT,MC-0155,UAT,2026-08-16,2026-08-25,COMPLETED
MS-0155-CUTOVER,MC-0155,CUTOVER,2026-10-12,,PLANNED
MS-0156-DOCUMENTATION,MC-0156,DOCUMENTATION,2026-07-29,2026-08-03,COMPLETED
MS-0156-UAT,MC-0156,UAT,2026-09-09,,PLANNED
MS-0156-CUTOVER,MC-0156,CUTOVER,2026-12-24,,PLANNED
MS-0157-DOCUMENTATION,MC-0157,DOCUMENTATION,2026-07-29,2026-08-03,COMPLETED
MS-0157-UAT,MC-0157,UAT,2026-09-09,,PLANNED
MS-0157-CUTOVER,MC-0157,CUTOVER,2026-10-30,,PLANNED
MS-0158-DOCUMENTATION,MC-0158,DOCUMENTATION,2026-07-29,2026-08-03,COMPLETED
MS-0158-UAT,MC-0158,UAT,2026-09-09,,PLANNED
MS-0158-CUTOVER,MC-0158,CUTOVER,2027-02-14,,PLANNED
MS-0159-DOCUMENTATION,MC-0159,DOCUMENTATION,2026-07-29,2026-08-03,COMPLETED
MS-0159-UAT,MC-0159,UAT,2026-09-09,,PLANNED
MS-0159-CUTOVER,MC-0159,CUTOVER,2026-10-18,,PLANNED
MS-0160-DOCUMENTATION,MC-0160,DOCUMENTATION,2026-07-29,2026-08-03,COMPLETED
MS-0160-UAT,MC-0160,UAT,2026-08-16,2026-08-25,COMPLETED
MS-0160-CUTOVER,MC-0160,CUTOVER,2027-03-02,,PLANNED
MS-0161-DOCUMENTATION,MC-0161,DOCUMENTATION,2026-07-29,2026-08-03,COMPLETED
MS-0161-UAT,MC-0161,UAT,2026-09-09,,PLANNED
MS-0161-CUTOVER,MC-0161,CUTOVER,2027-02-08,,PLANNED
MS-0162-DOCUMENTATION,MC-0162,DOCUMENTATION,2026-07-29,2026-08-03,COMPLETED
MS-0162-UAT,MC-0162,UAT,2026-09-09,,PLANNED
MS-0162-CUTOVER,MC-0162,CUTOVER,2026-10-28,,PLANNED
MS-0163-DOCUMENTATION,MC-0163,DOCUMENTATION,2026-07-29,2026-08-03,COMPLETED
MS-0163-UAT,MC-0163,UAT,2026-09-09,,PLANNED
MS-0163-CUTOVER,MC-0163,CUTOVER,2026-12-29,,PLANNED
MS-0164-DOCUMENTATION,MC-0164,DOCUMENTATION,2026-07-29,2026-08-03,COMPLETED
MS-0164-UAT,MC-0164,UAT,2026-09-09,,PLANNED
MS-0164-CUTOVER,MC-0164,CUTOVER,2027-02-15,,PLANNED
MS-0165-DOCUMENTATION,MC-0165,DOCUMENTATION,2026-07-29,2026-08-03,COMPLETED
MS-0165-UAT,MC-0165,UAT,2026-08-16,2026-08-25,COMPLETED
MS-0165-CUTOVER,MC-0165,CUTOVER,2026-12-05,,PLANNED
MS-0166-DOCUMENTATION,MC-0166,DOCUMENTATION,2026-07-29,2026-08-03,COMPLETED
MS-0166-UAT,MC-0166,UAT,2026-09-09,,PLANNED
MS-0166-CUTOVER,MC-0166,CUTOVER,2026-11-12,,PLANNED
MS-0167-DOCUMENTATION,MC-0167,DOCUMENTATION,2026-07-29,2026-08-03,COMPLETED
MS-0167-UAT,MC-0167,UAT,2026-09-09,,PLANNED
MS-0167-CUTOVER,MC-0167,CUTOVER,2026-10-10,,PLANNED
MS-0168-DOCUMENTATION,MC-0168,DOCUMENTATION,2026-07-29,2026-08-03,COMPLETED
MS-0168-UAT,MC-0168,UAT,2026-09-09,,PLANNED
MS-0168-CUTOVER,MC-0168,CUTOVER,2026-12-01,,PLANNED
MS-0169-DOCUMENTATION,MC-0169,DOCUMENTATION,2026-07-29,2026-08-03,COMPLETED
MS-0169-UAT,MC-0169,UAT,2026-09-09,,PLANNED
MS-0169-CUTOVER,MC-0169,CUTOVER,2027-01-08,,PLANNED
MS-0170-DOCUMENTATION,MC-0170,DOCUMENTATION,2026-07-29,2026-08-03,COMPLETED
MS-0170-UAT,MC-0170,UAT,2026-08-16,2026-08-25,COMPLETED
MS-0170-CUTOVER,MC-0170,CUTOVER,2027-02-06,,PLANNED
MS-0171-DOCUMENTATION,MC-0171,DOCUMENTATION,2026-07-29,2026-08-03,COMPLETED
MS-0171-UAT,MC-0171,UAT,2026-09-09,,PLANNED
MS-0171-CUTOVER,MC-0171,CUTOVER,2026-10-09,,PLANNED
MS-0172-DOCUMENTATION,MC-0172,DOCUMENTATION,2026-07-29,2026-08-03,COMPLETED
MS-0172-UAT,MC-0172,UAT,2026-09-09,,PLANNED
MS-0172-CUTOVER,MC-0172,CUTOVER,2027-01-06,,PLANNED
MS-0173-DOCUMENTATION,MC-0173,DOCUMENTATION,2026-07-29,2026-08-03,COMPLETED
MS-0173-UAT,MC-0173,UAT,2026-09-09,,PLANNED
MS-0173-CUTOVER,MC-0173,CUTOVER,2026-12-26,,PLANNED
MS-0174-DOCUMENTATION,MC-0174,DOCUMENTATION,2026-07-29,2026-08-03,COMPLETED
MS-0174-UAT,MC-0174,UAT,2026-09-09,,PLANNED
MS-0174-CUTOVER,MC-0174,CUTOVER,2026-12-21,,PLANNED
MS-0175-DOCUMENTATION,MC-0175,DOCUMENTATION,2026-07-29,2026-08-03,COMPLETED
MS-0175-UAT,MC-0175,UAT,2026-08-16,2026-08-25,COMPLETED
MS-0175-CUTOVER,MC-0175,CUTOVER,2026-10-13,,PLANNED
MS-0176-DOCUMENTATION,MC-0176,DOCUMENTATION,2026-07-29,2026-08-03,COMPLETED
MS-0176-UAT,MC-0176,UAT,2026-09-09,,PLANNED
MS-0176-CUTOVER,MC-0176,CUTOVER,2026-12-29,,PLANNED
MS-0177-DOCUMENTATION,MC-0177,DOCUMENTATION,2026-07-29,2026-08-03,COMPLETED
MS-0177-UAT,MC-0177,UAT,2026-09-09,,PLANNED
MS-0177-CUTOVER,MC-0177,CUTOVER,2026-11-02,,PLANNED
MS-0178-DOCUMENTATION,MC-0178,DOCUMENTATION,2026-07-29,2026-08-03,COMPLETED
MS-0178-UAT,MC-0178,UAT,2026-09-09,,PLANNED
MS-0178-CUTOVER,MC-0178,CUTOVER,2027-01-05,,PLANNED
MS-0179-DOCUMENTATION,MC-0179,DOCUMENTATION,2026-07-29,2026-08-03,COMPLETED
MS-0179-UAT,MC-0179,UAT,2026-09-09,,PLANNED
MS-0179-CUTOVER,MC-0179,CUTOVER,2027-02-11,,PLANNED
MS-0180-DOCUMENTATION,MC-0180,DOCUMENTATION,2026-07-29,2026-08-03,COMPLETED
MS-0180-UAT,MC-0180,UAT,2026-08-16,2026-08-25,COMPLETED
MS-0180-CUTOVER,MC-0180,CUTOVER,2027-02-22,,PLANNED
MS-0181-DOCUMENTATION,MC-0181,DOCUMENTATION,2026-07-29,2026-08-03,COMPLETED
MS-0181-UAT,MC-0181,UAT,2026-09-09,,PLANNED
MS-0181-CUTOVER,MC-0181,CUTOVER,2026-12-15,,PLANNED
MS-0182-DOCUMENTATION,MC-0182,DOCUMENTATION,2026-07-29,2026-08-03,COMPLETED
MS-0182-UAT,MC-0182,UAT,2026-09-09,,PLANNED
MS-0182-CUTOVER,MC-0182,CUTOVER,2026-12-24,,PLANNED
MS-0183-DOCUMENTATION,MC-0183,DOCUMENTATION,2026-07-29,2026-08-03,COMPLETED
MS-0183-UAT,MC-0183,UAT,2026-09-09,,PLANNED
MS-0183-CUTOVER,MC-0183,CUTOVER,2027-02-24,,PLANNED
MS-0184-DOCUMENTATION,MC-0184,DOCUMENTATION,2026-07-29,2026-08-03,COMPLETED
MS-0184-UAT,MC-0184,UAT,2026-09-09,,PLANNED
MS-0184-CUTOVER,MC-0184,CUTOVER,2027-02-14,,PLANNED
MS-0185-DOCUMENTATION,MC-0185,DOCUMENTATION,2026-07-29,2026-08-03,COMPLETED
MS-0185-UAT,MC-0185,UAT,2026-08-16,2026-08-25,COMPLETED
MS-0185-CUTOVER,MC-0185,CUTOVER,2026-12-30,,PLANNED
MS-0186-DOCUMENTATION,MC-0186,DOCUMENTATION,2026-07-29,2026-08-03,COMPLETED
MS-0186-UAT,MC-0186,UAT,2026-09-09,,PLANNED
MS-0186-CUTOVER,MC-0186,CUTOVER,2026-12-22,,PLANNED
MS-0187-DOCUMENTATION,MC-0187,DOCUMENTATION,2026-07-29,2026-08-03,COMPLETED
MS-0187-UAT,MC-0187,UAT,2026-09-09,,PLANNED
MS-0187-CUTOVER,MC-0187,CUTOVER,2027-02-17,,PLANNED
MS-0188-DOCUMENTATION,MC-0188,DOCUMENTATION,2026-07-29,2026-08-03,COMPLETED
MS-0188-UAT,MC-0188,UAT,2026-09-09,,PLANNED
MS-0188-CUTOVER,MC-0188,CUTOVER,2026-10-23,,PLANNED
MS-0189-DOCUMENTATION,MC-0189,DOCUMENTATION,2026-07-29,2026-08-03,COMPLETED
MS-0189-UAT,MC-0189,UAT,2026-09-09,,PLANNED
MS-0189-CUTOVER,MC-0189,CUTOVER,2027-01-23,,PLANNED
MS-0190-DOCUMENTATION,MC-0190,DOCUMENTATION,2026-07-29,2026-08-03,COMPLETED
MS-0190-UAT,MC-0190,UAT,2026-08-16,2026-08-25,COMPLETED
MS-0190-CUTOVER,MC-0190,CUTOVER,2027-01-07,,PLANNED
MS-0191-DOCUMENTATION,MC-0191,DOCUMENTATION,2026-07-29,2026-08-03,COMPLETED
MS-0191-UAT,MC-0191,UAT,2026-09-09,,PLANNED
MS-0191-CUTOVER,MC-0191,CUTOVER,2027-02-05,,PLANNED
MS-0192-DOCUMENTATION,MC-0192,DOCUMENTATION,2026-07-29,2026-08-03,COMPLETED
MS-0192-UAT,MC-0192,UAT,2026-09-09,,PLANNED
MS-0192-CUTOVER,MC-0192,CUTOVER,2026-10-15,,PLANNED
MS-0193-DOCUMENTATION,MC-0193,DOCUMENTATION,2026-07-29,2026-08-03,COMPLETED
MS-0193-UAT,MC-0193,UAT,2026-09-09,,PLANNED
MS-0193-CUTOVER,MC-0193,CUTOVER,2026-10-06,,PLANNED
MS-0194-DOCUMENTATION,MC-0194,DOCUMENTATION,2026-07-29,2026-08-03,COMPLETED
MS-0194-UAT,MC-0194,UAT,2026-09-09,,PLANNED
MS-0194-CUTOVER,MC-0194,CUTOVER,2026-10-23,,PLANNED
MS-0195-DOCUMENTATION,MC-0195,DOCUMENTATION,2026-07-29,2026-08-03,COMPLETED
MS-0195-UAT,MC-0195,UAT,2026-08-16,2026-08-25,COMPLETED
MS-0195-CUTOVER,MC-0195,CUTOVER,2027-02-21,,PLANNED
MS-0196-DOCUMENTATION,MC-0196,DOCUMENTATION,2026-07-29,2026-08-03,COMPLETED
MS-0196-UAT,MC-0196,UAT,2026-09-09,,PLANNED
MS-0196-CUTOVER,MC-0196,CUTOVER,2027-01-13,,PLANNED
MS-0197-DOCUMENTATION,MC-0197,DOCUMENTATION,2026-07-29,2026-08-03,COMPLETED
MS-0197-UAT,MC-0197,UAT,2026-09-09,,PLANNED
MS-0197-CUTOVER,MC-0197,CUTOVER,2026-11-08,,PLANNED
MS-0198-DOCUMENTATION,MC-0198,DOCUMENTATION,2026-07-29,2026-08-03,COMPLETED
MS-0198-UAT,MC-0198,UAT,2026-09-09,,PLANNED
MS-0198-CUTOVER,MC-0198,CUTOVER,2027-02-14,,PLANNED
MS-0199-DOCUMENTATION,MC-0199,DOCUMENTATION,2026-07-29,2026-08-03,COMPLETED
MS-0199-UAT,MC-0199,UAT,2026-09-09,,PLANNED
MS-0199-CUTOVER,MC-0199,CUTOVER,2027-02-17,,PLANNED
MS-0200-DOCUMENTATION,MC-0200,DOCUMENTATION,2026-07-29,2026-08-03,COMPLETED
MS-0200-UAT,MC-0200,UAT,2026-08-16,2026-08-25,COMPLETED
MS-0200-CUTOVER,MC-0200,CUTOVER,2026-11-04,,PLANNED
