payment_profile_id,client_id,source_format,target_format,channel,payment_purpose,creditor_country,transaction_currency,volume_band
PP-0001-01,CL-0001,PAIN.001.001.03,PAIN.001.001.09,SFTP_BATCH,PAYROLL,HK,NZD,HIGH
PP-0002-01,CL-0002,PAIN.001.001.03,PAIN.001.001.09,FILE_UPLOAD,INTERCOMPANY,AU,NZD,HIGH
PP-0003-01,CL-0003,PAIN.001.001.03,PAIN.001.001.09,HOST_TO_HOST,VENDOR_PAYMENT,MY,MYR,MEDIUM
PP-0003-02,CL-0003,MT101,PAIN.001.001.09,SFTP_BATCH,TAX_PAYMENT,TH,USD,LOW
PP-0004-01,CL-0004,PAIN.001.001.03,PAIN.001.001.09,SFTP_BATCH,INTERCOMPANY,TH,HKD,MEDIUM
PP-0004-02,CL-0004,PROPRIETARY_CSV,PAIN.001.001.09,HOST_TO_HOST,TAX_PAYMENT,ID,USD,LOW
PP-0005-01,CL-0005,PAIN.001.001.03,PAIN.001.001.09,SFTP_BATCH,TAX_PAYMENT,ID,PHP,LOW
PP-0005-02,CL-0005,PROPRIETARY_CSV,PAIN.001.001.09,SFTP_BATCH,TAX_PAYMENT,PH,USD,LOW
PP-0006-01,CL-0006,MT101,PAIN.001.001.09,HOST_TO_HOST,TAX_PAYMENT,PH,NZD,MEDIUM
PP-0006-02,CL-0006,PROPRIETARY_CSV,PAIN.001.001.09,FILE_UPLOAD,INTERCOMPANY,KR,USD,HIGH
PP-0007-01,CL-0007,MT101,PAIN.001.001.09,FILE_UPLOAD,PAYROLL,KR,IDR,LOW
PP-0007-02,CL-0007,PROPRIETARY_CSV,PAIN.001.001.09,SFTP_BATCH,INTERCOMPANY,NZ,USD,MEDIUM
PP-0008-01,CL-0008,MT101,PAIN.001.001.09,FILE_UPLOAD,PAYROLL,NZ,HKD,MEDIUM
PP-0009-01,CL-0009,MT101,PAIN.001.001.09,HOST_TO_HOST,VENDOR_PAYMENT,SG,KRW,LOW
PP-0009-02,CL-0009,PAIN.001.001.03,PAIN.001.001.09,HOST_TO_HOST,PAYROLL,JP,USD,LOW
PP-0010-01,CL-0010,MT101,PAIN.001.001.09,HOST_TO_HOST,VENDOR_PAYMENT,JP,NZD,LOW
PP-0011-01,CL-0011,MT101,PAIN.001.001.09,HOST_TO_HOST,TAX_PAYMENT,HK,IDR,MEDIUM
PP-0012-01,CL-0012,MT101,PAIN.001.001.09,FILE_UPLOAD,PAYROLL,AU,AUD,MEDIUM
PP-0012-02,CL-0012,PAIN.001.001.03,PAIN.001.001.09,FILE_UPLOAD,INTERCOMPANY,MY,USD,HIGH
PP-0013-01,CL-0013,MT101,PAIN.001.001.09,FILE_UPLOAD,INTERCOMPANY,MY,EUR,HIGH
PP-0014-01,CL-0014,PROPRIETARY_CSV,PAIN.001.001.09,FILE_UPLOAD,PAYROLL,TH,KRW,LOW
PP-0014-02,CL-0014,PAIN.001.001.03,PAIN.001.001.09,HOST_TO_HOST,INTERCOMPANY,ID,USD,HIGH
PP-0015-01,CL-0015,PAIN.001.001.03,PAIN.001.001.09,SFTP_BATCH,INTERCOMPANY,ID,NZD,LOW
PP-0015-02,CL-0015,PAIN.001.001.03,PAIN.001.001.09,HOST_TO_HOST,VENDOR_PAYMENT,PH,USD,LOW
PP-0016-01,CL-0016,PROPRIETARY_CSV,PAIN.001.001.09,FILE_UPLOAD,INTERCOMPANY,PH,AUD,HIGH
PP-0017-01,CL-0017,MT101,PAIN.001.001.09,FILE_UPLOAD,VENDOR_PAYMENT,KR,KRW,MEDIUM
PP-0018-01,CL-0018,PROPRIETARY_CSV,PAIN.001.001.09,HOST_TO_HOST,TAX_PAYMENT,NZ,IDR,HIGH
PP-0019-01,CL-0019,PAIN.001.001.03,PAIN.001.001.09,SFTP_BATCH,VENDOR_PAYMENT,SG,NZD,MEDIUM
PP-0019-02,CL-0019,PAIN.001.001.03,PAIN.001.001.09,HOST_TO_HOST,INTERCOMPANY,JP,USD,MEDIUM
PP-0020-01,CL-0020,PAIN.001.001.03,PAIN.001.001.09,SFTP_BATCH,TAX_PAYMENT,JP,SGD,HIGH
PP-0020-02,CL-0020,MT101,PAIN.001.001.09,SFTP_BATCH,VENDOR_PAYMENT,HK,USD,HIGH
PP-0021-01,CL-0021,PAIN.001.001.03,PAIN.001.001.09,FILE_UPLOAD,VENDOR_PAYMENT,HK,MYR,MEDIUM
PP-0021-02,CL-0021,MT101,PAIN.001.001.09,HOST_TO_HOST,VENDOR_PAYMENT,AU,USD,HIGH
PP-0022-01,CL-0022,MT101,PAIN.001.001.09,SFTP_BATCH,INTERCOMPANY,AU,KRW,HIGH
PP-0023-01,CL-0023,PROPRIETARY_CSV,PAIN.001.001.09,HOST_TO_HOST,INTERCOMPANY,MY,AUD,MEDIUM
PP-0024-01,CL-0024,PROPRIETARY_CSV,PAIN.001.001.09,HOST_TO_HOST,PAYROLL,TH,AUD,LOW
PP-0025-01,CL-0025,MT101,PAIN.001.001.09,SFTP_BATCH,TAX_PAYMENT,ID,IDR,LOW
PP-0025-02,CL-0025,PAIN.001.001.03,PAIN.001.001.09,SFTP_BATCH,INTERCOMPANY,PH,USD,MEDIUM
PP-0026-01,CL-0026,MT101,PAIN.001.001.09,FILE_UPLOAD,INTERCOMPANY,PH,JPY,MEDIUM
PP-0027-01,CL-0027,MT101,PAIN.001.001.09,FILE_UPLOAD,TAX_PAYMENT,KR,MYR,HIGH
PP-0027-02,CL-0027,PROPRIETARY_CSV,PAIN.001.001.09,FILE_UPLOAD,TAX_PAYMENT,NZ,USD,MEDIUM
PP-0028-01,CL-0028,PROPRIETARY_CSV,PAIN.001.001.09,HOST_TO_HOST,TAX_PAYMENT,NZ,KRW,LOW
PP-0028-02,CL-0028,PAIN.001.001.03,PAIN.001.001.09,SFTP_BATCH,PAYROLL,SG,USD,HIGH
PP-0029-01,CL-0029,MT101,PAIN.001.001.09,FILE_UPLOAD,INTERCOMPANY,SG,NZD,MEDIUM
PP-0030-01,CL-0030,PROPRIETARY_CSV,PAIN.001.001.09,HOST_TO_HOST,PAYROLL,JP,NZD,MEDIUM
PP-0030-02,CL-0030,PROPRIETARY_CSV,PAIN.001.001.09,HOST_TO_HOST,PAYROLL,HK,USD,MEDIUM
PP-0031-01,CL-0031,MT101,PAIN.001.001.09,HOST_TO_HOST,VENDOR_PAYMENT,HK,JPY,LOW
PP-0032-01,CL-0032,MT101,PAIN.001.001.09,FILE_UPLOAD,INTERCOMPANY,AU,MYR,HIGH
PP-0032-02,CL-0032,PROPRIETARY_CSV,PAIN.001.001.09,SFTP_BATCH,VENDOR_PAYMENT,MY,USD,LOW
PP-0033-01,CL-0033,MT101,PAIN.001.001.09,SFTP_BATCH,VENDOR_PAYMENT,MY,THB,MEDIUM
PP-0034-01,CL-0034,PAIN.001.001.03,PAIN.001.001.09,HOST_TO_HOST,TAX_PAYMENT,TH,NZD,MEDIUM
PP-0035-01,CL-0035,PAIN.001.001.03,PAIN.001.001.09,SFTP_BATCH,VENDOR_PAYMENT,ID,KRW,HIGH
PP-0036-01,CL-0036,MT101,PAIN.001.001.09,FILE_UPLOAD,INTERCOMPANY,PH,NZD,LOW
PP-0037-01,CL-0037,MT101,PAIN.001.001.09,SFTP_BATCH,INTERCOMPANY,KR,AUD,HIGH
PP-0037-02,CL-0037,PROPRIETARY_CSV,PAIN.001.001.09,HOST_TO_HOST,INTERCOMPANY,NZ,USD,LOW
PP-0038-01,CL-0038,MT101,PAIN.001.001.09,FILE_UPLOAD,INTERCOMPANY,NZ,AUD,LOW
PP-0038-02,CL-0038,MT101,PAIN.001.001.09,SFTP_BATCH,INTERCOMPANY,SG,USD,HIGH
PP-0039-01,CL-0039,MT101,PAIN.001.001.09,SFTP_BATCH,TAX_PAYMENT,SG,KRW,LOW
PP-0040-01,CL-0040,PROPRIETARY_CSV,PAIN.001.001.09,SFTP_BATCH,PAYROLL,JP,NZD,HIGH
PP-0041-01,CL-0041,PROPRIETARY_CSV,PAIN.001.001.09,FILE_UPLOAD,PAYROLL,HK,THB,LOW
PP-0041-02,CL-0041,PAIN.001.001.03,PAIN.001.001.09,SFTP_BATCH,VENDOR_PAYMENT,AU,USD,HIGH
PP-0042-01,CL-0042,PAIN.001.001.03,PAIN.001.001.09,FILE_UPLOAD,INTERCOMPANY,AU,MYR,MEDIUM
PP-0042-02,CL-0042,PROPRIETARY_CSV,PAIN.001.001.09,FILE_UPLOAD,INTERCOMPANY,MY,USD,HIGH
PP-0043-01,CL-0043,PAIN.001.001.03,PAIN.001.001.09,SFTP_BATCH,PAYROLL,MY,AUD,HIGH
PP-0043-02,CL-0043,PROPRIETARY_CSV,PAIN.001.001.09,HOST_TO_HOST,INTERCOMPANY,TH,USD,MEDIUM
PP-0044-01,CL-0044,PAIN.001.001.03,PAIN.001.001.09,FILE_UPLOAD,TAX_PAYMENT,TH,NZD,HIGH
PP-0045-01,CL-0045,PROPRIETARY_CSV,PAIN.001.001.09,HOST_TO_HOST,TAX_PAYMENT,ID,IDR,LOW
PP-0046-01,CL-0046,MT101,PAIN.001.001.09,SFTP_BATCH,PAYROLL,PH,JPY,MEDIUM
PP-0047-01,CL-0047,PAIN.001.001.03,PAIN.001.001.09,FILE_UPLOAD,TAX_PAYMENT,KR,JPY,HIGH
PP-0047-02,CL-0047,PAIN.001.001.03,PAIN.001.001.09,FILE_UPLOAD,VENDOR_PAYMENT,NZ,USD,MEDIUM
PP-0048-01,CL-0048,PAIN.001.001.03,PAIN.001.001.09,SFTP_BATCH,PAYROLL,NZ,HKD,LOW
PP-0048-02,CL-0048,PAIN.001.001.03,PAIN.001.001.09,SFTP_BATCH,INTERCOMPANY,SG,USD,LOW
PP-0049-01,CL-0049,PROPRIETARY_CSV,PAIN.001.001.09,HOST_TO_HOST,VENDOR_PAYMENT,SG,NZD,LOW
PP-0049-02,CL-0049,PAIN.001.001.03,PAIN.001.001.09,FILE_UPLOAD,INTERCOMPANY,JP,USD,HIGH
PP-0050-01,CL-0050,PAIN.001.001.03,PAIN.001.001.09,FILE_UPLOAD,INTERCOMPANY,JP,NZD,LOW
PP-0051-01,CL-0051,PROPRIETARY_CSV,PAIN.001.001.09,HOST_TO_HOST,PAYROLL,HK,THB,MEDIUM
PP-0051-02,CL-0051,PAIN.001.001.03,PAIN.001.001.09,FILE_UPLOAD,VENDOR_PAYMENT,AU,USD,MEDIUM
PP-0052-01,CL-0052,PROPRIETARY_CSV,PAIN.001.001.09,FILE_UPLOAD,INTERCOMPANY,AU,KRW,MEDIUM
PP-0053-01,CL-0053,MT101,PAIN.001.001.09,HOST_TO_HOST,INTERCOMPANY,MY,JPY,HIGH
PP-0054-01,CL-0054,PROPRIETARY_CSV,PAIN.001.001.09,HOST_TO_HOST,TAX_PAYMENT,TH,HKD,LOW
PP-0055-01,CL-0055,PAIN.001.001.03,PAIN.001.001.09,FILE_UPLOAD,INTERCOMPANY,ID,IDR,LOW
PP-0055-02,CL-0055,PAIN.001.001.03,PAIN.001.001.09,HOST_TO_HOST,TAX_PAYMENT,PH,USD,MEDIUM
PP-0056-01,CL-0056,MT101,PAIN.001.001.09,FILE_UPLOAD,VENDOR_PAYMENT,PH,IDR,LOW
PP-0056-02,CL-0056,PROPRIETARY_CSV,PAIN.001.001.09,FILE_UPLOAD,INTERCOMPANY,KR,USD,HIGH
PP-0057-01,CL-0057,PROPRIETARY_CSV,PAIN.001.001.09,SFTP_BATCH,PAYROLL,KR,AUD,HIGH
PP-0058-01,CL-0058,PAIN.001.001.03,PAIN.001.001.09,FILE_UPLOAD,INTERCOMPANY,NZ,THB,LOW
PP-0059-01,CL-0059,MT101,PAIN.001.001.09,FILE_UPLOAD,VENDOR_PAYMENT,SG,THB,LOW
PP-0059-02,CL-0059,MT101,PAIN.001.001.09,FILE_UPLOAD,INTERCOMPANY,JP,USD,HIGH
PP-0060-01,CL-0060,MT101,PAIN.001.001.09,SFTP_BATCH,INTERCOMPANY,JP,HKD,MEDIUM
PP-0061-01,CL-0061,PAIN.001.001.03,PAIN.001.001.09,FILE_UPLOAD,VENDOR_PAYMENT,HK,PHP,LOW
PP-0061-02,CL-0061,PROPRIETARY_CSV,PAIN.001.001.09,FILE_UPLOAD,VENDOR_PAYMENT,AU,USD,MEDIUM
PP-0062-01,CL-0062,PAIN.001.001.03,PAIN.001.001.09,HOST_TO_HOST,TAX_PAYMENT,AU,IDR,HIGH
PP-0062-02,CL-0062,MT101,PAIN.001.001.09,FILE_UPLOAD,PAYROLL,MY,USD,HIGH
PP-0063-01,CL-0063,PAIN.001.001.03,PAIN.001.001.09,HOST_TO_HOST,INTERCOMPANY,MY,KRW,MEDIUM
PP-0064-01,CL-0064,PROPRIETARY_CSV,PAIN.001.001.09,HOST_TO_HOST,TAX_PAYMENT,TH,AUD,MEDIUM
PP-0064-02,CL-0064,MT101,PAIN.001.001.09,FILE_UPLOAD,INTERCOMPANY,ID,USD,LOW
PP-0065-01,CL-0065,MT101,PAIN.001.001.09,HOST_TO_HOST,INTERCOMPANY,ID,HKD,LOW
PP-0065-02,CL-0065,PROPRIETARY_CSV,PAIN.001.001.09,SFTP_BATCH,INTERCOMPANY,PH,USD,HIGH
PP-0066-01,CL-0066,PROPRIETARY_CSV,PAIN.001.001.09,FILE_UPLOAD,VENDOR_PAYMENT,PH,HKD,MEDIUM
PP-0067-01,CL-0067,MT101,PAIN.001.001.09,HOST_TO_HOST,TAX_PAYMENT,KR,IDR,LOW
PP-0067-02,CL-0067,PROPRIETARY_CSV,PAIN.001.001.09,HOST_TO_HOST,INTERCOMPANY,NZ,USD,HIGH
PP-0068-01,CL-0068,PROPRIETARY_CSV,PAIN.001.001.09,FILE_UPLOAD,TAX_PAYMENT,NZ,PHP,MEDIUM
PP-0069-01,CL-0069,MT101,PAIN.001.001.09,FILE_UPLOAD,INTERCOMPANY,SG,SGD,LOW
PP-0070-01,CL-0070,PROPRIETARY_CSV,PAIN.001.001.09,FILE_UPLOAD,PAYROLL,JP,IDR,LOW
PP-0070-02,CL-0070,MT101,PAIN.001.001.09,HOST_TO_HOST,VENDOR_PAYMENT,HK,USD,MEDIUM
PP-0071-01,CL-0071,PROPRIETARY_CSV,PAIN.001.001.09,FILE_UPLOAD,INTERCOMPANY,HK,JPY,HIGH
PP-0071-02,CL-0071,PROPRIETARY_CSV,PAIN.001.001.09,HOST_TO_HOST,TAX_PAYMENT,AU,USD,LOW
PP-0072-01,CL-0072,MT101,PAIN.001.001.09,HOST_TO_HOST,VENDOR_PAYMENT,AU,SGD,MEDIUM
PP-0073-01,CL-0073,PROPRIETARY_CSV,PAIN.001.001.09,SFTP_BATCH,VENDOR_PAYMENT,MY,PHP,LOW
PP-0074-01,CL-0074,PROPRIETARY_CSV,PAIN.001.001.09,FILE_UPLOAD,VENDOR_PAYMENT,TH,IDR,LOW
PP-0075-01,CL-0075,PROPRIETARY_CSV,PAIN.001.001.09,SFTP_BATCH,PAYROLL,ID,THB,MEDIUM
PP-0075-02,CL-0075,MT101,PAIN.001.001.09,HOST_TO_HOST,TAX_PAYMENT,PH,USD,HIGH
PP-0076-01,CL-0076,PAIN.001.001.03,PAIN.001.001.09,SFTP_BATCH,INTERCOMPANY,PH,THB,MEDIUM
PP-0076-02,CL-0076,MT101,PAIN.001.001.09,FILE_UPLOAD,TAX_PAYMENT,KR,USD,LOW
PP-0077-01,CL-0077,PROPRIETARY_CSV,PAIN.001.001.09,HOST_TO_HOST,PAYROLL,KR,MYR,HIGH
PP-0077-02,CL-0077,MT101,PAIN.001.001.09,HOST_TO_HOST,VENDOR_PAYMENT,NZ,USD,LOW
PP-0078-01,CL-0078,MT101,PAIN.001.001.09,SFTP_BATCH,VENDOR_PAYMENT,NZ,THB,LOW
PP-0079-01,CL-0079,PROPRIETARY_CSV,PAIN.001.001.09,HOST_TO_HOST,PAYROLL,SG,NZD,MEDIUM
PP-0079-02,CL-0079,MT101,PAIN.001.001.09,FILE_UPLOAD,PAYROLL,JP,USD,HIGH
PP-0080-01,CL-0080,PROPRIETARY_CSV,PAIN.001.001.09,FILE_UPLOAD,TAX_PAYMENT,JP,AUD,HIGH
PP-0081-01,CL-0081,PAIN.001.001.03,PAIN.001.001.09,HOST_TO_HOST,VENDOR_PAYMENT,HK,PHP,LOW
PP-0081-02,CL-0081,PAIN.001.001.03,PAIN.001.001.09,SFTP_BATCH,TAX_PAYMENT,AU,USD,LOW
PP-0082-01,CL-0082,PROPRIETARY_CSV,PAIN.001.001.09,HOST_TO_HOST,INTERCOMPANY,AU,HKD,MEDIUM
PP-0082-02,CL-0082,PROPRIETARY_CSV,PAIN.001.001.09,HOST_TO_HOST,VENDOR_PAYMENT,MY,USD,MEDIUM
PP-0083-01,CL-0083,PROPRIETARY_CSV,PAIN.001.001.09,FILE_UPLOAD,TAX_PAYMENT,MY,KRW,HIGH
PP-0083-02,CL-0083,PAIN.001.001.03,PAIN.001.001.09,HOST_TO_HOST,PAYROLL,TH,USD,HIGH
PP-0084-01,CL-0084,MT101,PAIN.001.001.09,FILE_UPLOAD,PAYROLL,TH,JPY,MEDIUM
PP-0084-02,CL-0084,PROPRIETARY_CSV,PAIN.001.001.09,HOST_TO_HOST,TAX_PAYMENT,ID,USD,LOW
PP-0085-01,CL-0085,MT101,PAIN.001.001.09,HOST_TO_HOST,VENDOR_PAYMENT,ID,KRW,MEDIUM
PP-0085-02,CL-0085,MT101,PAIN.001.001.09,SFTP_BATCH,PAYROLL,PH,USD,HIGH
PP-0086-01,CL-0086,MT101,PAIN.001.001.09,SFTP_BATCH,VENDOR_PAYMENT,PH,MYR,HIGH
PP-0087-01,CL-0087,PROPRIETARY_CSV,PAIN.001.001.09,HOST_TO_HOST,VENDOR_PAYMENT,KR,MYR,HIGH
PP-0087-02,CL-0087,MT101,PAIN.001.001.09,SFTP_BATCH,PAYROLL,NZ,USD,LOW
PP-0088-01,CL-0088,PROPRIETARY_CSV,PAIN.001.001.09,HOST_TO_HOST,VENDOR_PAYMENT,NZ,AUD,LOW
PP-0089-01,CL-0089,PROPRIETARY_CSV,PAIN.001.001.09,SFTP_BATCH,TAX_PAYMENT,SG,THB,MEDIUM
PP-0090-01,CL-0090,PAIN.001.001.03,PAIN.001.001.09,FILE_UPLOAD,TAX_PAYMENT,JP,JPY,MEDIUM
PP-0091-01,CL-0091,PROPRIETARY_CSV,PAIN.001.001.09,FILE_UPLOAD,TAX_PAYMENT,HK,PHP,MEDIUM
PP-0091-02,CL-0091,PROPRIETARY_CSV,PAIN.001.001.09,SFTP_BATCH,TAX_PAYMENT,AU,USD,HIGH
PP-0092-01,CL-0092,MT101,PAIN.001.001.09,FILE_UPLOAD,PAYROLL,AU,NZD,LOW
PP-0092-02,CL-0092,MT101,PAIN.001.001.09,FILE_UPLOAD,VENDOR_PAYMENT,MY,USD,MEDIUM
PP-0093-01,CL-0093,MT101,PAIN.001.001.09,HOST_TO_HOST,TAX_PAYMENT,MY,SGD,LOW
PP-0094-01,CL-0094,PROPRIETARY_CSV,PAIN.001.001.09,HOST_TO_HOST,VENDOR_PAYMENT,TH,HKD,HIGH
PP-0095-01,CL-0095,MT101,PAIN.001.001.09,HOST_TO_HOST,TAX_PAYMENT,ID,AUD,MEDIUM
PP-0096-01,CL-0096,PAIN.001.001.03,PAIN.001.001.09,HOST_TO_HOST,TAX_PAYMENT,PH,MYR,MEDIUM
PP-0096-02,CL-0096,PROPRIETARY_CSV,PAIN.001.001.09,HOST_TO_HOST,INTERCOMPANY,KR,USD,LOW
PP-0097-01,CL-0097,MT101,PAIN.001.001.09,SFTP_BATCH,INTERCOMPANY,KR,NZD,LOW
PP-0098-01,CL-0098,MT101,PAIN.001.001.09,HOST_TO_HOST,VENDOR_PAYMENT,NZ,HKD,LOW
PP-0098-02,CL-0098,MT101,PAIN.001.001.09,SFTP_BATCH,PAYROLL,SG,USD,HIGH
PP-0099-01,CL-0099,PAIN.001.001.03,PAIN.001.001.09,HOST_TO_HOST,PAYROLL,SG,SGD,LOW
PP-0099-02,CL-0099,PROPRIETARY_CSV,PAIN.001.001.09,FILE_UPLOAD,INTERCOMPANY,JP,USD,MEDIUM
PP-0100-01,CL-0100,PROPRIETARY_CSV,PAIN.001.001.09,HOST_TO_HOST,TAX_PAYMENT,JP,SGD,LOW
PP-0101-01,CL-0101,MT101,PAIN.001.001.09,FILE_UPLOAD,TAX_PAYMENT,HK,MYR,HIGH
PP-0101-02,CL-0101,PAIN.001.001.03,PAIN.001.001.09,HOST_TO_HOST,VENDOR_PAYMENT,AU,USD,HIGH
PP-0102-01,CL-0102,PROPRIETARY_CSV,PAIN.001.001.09,SFTP_BATCH,PAYROLL,AU,AUD,LOW
PP-0102-02,CL-0102,MT101,PAIN.001.001.09,HOST_TO_HOST,INTERCOMPANY,MY,USD,MEDIUM
PP-0103-01,CL-0103,PAIN.001.001.03,PAIN.001.001.09,FILE_UPLOAD,VENDOR_PAYMENT,MY,HKD,HIGH
PP-0104-01,CL-0104,PROPRIETARY_CSV,PAIN.001.001.09,SFTP_BATCH,PAYROLL,TH,HKD,MEDIUM
PP-0105-01,CL-0105,PAIN.001.001.03,PAIN.001.001.09,FILE_UPLOAD,VENDOR_PAYMENT,ID,HKD,HIGH
PP-0106-01,CL-0106,PAIN.001.001.03,PAIN.001.001.09,HOST_TO_HOST,PAYROLL,PH,THB,HIGH
PP-0106-02,CL-0106,MT101,PAIN.001.001.09,HOST_TO_HOST,PAYROLL,KR,USD,LOW
PP-0107-01,CL-0107,MT101,PAIN.001.001.09,HOST_TO_HOST,VENDOR_PAYMENT,KR,MYR,MEDIUM
PP-0107-02,CL-0107,MT101,PAIN.001.001.09,FILE_UPLOAD,INTERCOMPANY,NZ,USD,LOW
PP-0108-01,CL-0108,PROPRIETARY_CSV,PAIN.001.001.09,SFTP_BATCH,PAYROLL,NZ,HKD,HIGH
PP-0109-01,CL-0109,PAIN.001.001.03,PAIN.001.001.09,HOST_TO_HOST,TAX_PAYMENT,SG,KRW,LOW
PP-0109-02,CL-0109,MT101,PAIN.001.001.09,FILE_UPLOAD,PAYROLL,JP,USD,MEDIUM
PP-0110-01,CL-0110,MT101,PAIN.001.001.09,HOST_TO_HOST,PAYROLL,JP,NZD,HIGH
PP-0110-02,CL-0110,PROPRIETARY_CSV,PAIN.001.001.09,FILE_UPLOAD,VENDOR_PAYMENT,HK,USD,MEDIUM
PP-0111-01,CL-0111,PROPRIETARY_CSV,PAIN.001.001.09,SFTP_BATCH,VENDOR_PAYMENT,HK,KRW,HIGH
PP-0111-02,CL-0111,PAIN.001.001.03,PAIN.001.001.09,SFTP_BATCH,INTERCOMPANY,AU,USD,MEDIUM
PP-0112-01,CL-0112,PAIN.001.001.03,PAIN.001.001.09,SFTP_BATCH,PAYROLL,AU,JPY,MEDIUM
PP-0112-02,CL-0112,PAIN.001.001.03,PAIN.001.001.09,FILE_UPLOAD,INTERCOMPANY,MY,USD,LOW
PP-0113-01,CL-0113,PROPRIETARY_CSV,PAIN.001.001.09,SFTP_BATCH,PAYROLL,MY,PHP,MEDIUM
PP-0114-01,CL-0114,MT101,PAIN.001.001.09,HOST_TO_HOST,TAX_PAYMENT,TH,AUD,HIGH
PP-0115-01,CL-0115,PROPRIETARY_CSV,PAIN.001.001.09,SFTP_BATCH,TAX_PAYMENT,ID,PHP,LOW
PP-0115-02,CL-0115,PAIN.001.001.03,PAIN.001.001.09,FILE_UPLOAD,TAX_PAYMENT,PH,USD,LOW
PP-0116-01,CL-0116,PROPRIETARY_CSV,PAIN.001.001.09,HOST_TO_HOST,TAX_PAYMENT,PH,KRW,HIGH
PP-0116-02,CL-0116,MT101,PAIN.001.001.09,SFTP_BATCH,INTERCOMPANY,KR,USD,MEDIUM
PP-0117-01,CL-0117,MT101,PAIN.001.001.09,HOST_TO_HOST,VENDOR_PAYMENT,KR,AUD,HIGH
PP-0117-02,CL-0117,PAIN.001.001.03,PAIN.001.001.09,FILE_UPLOAD,PAYROLL,NZ,USD,HIGH
PP-0118-01,CL-0118,PAIN.001.001.03,PAIN.001.001.09,HOST_TO_HOST,INTERCOMPANY,NZ,KRW,HIGH
PP-0119-01,CL-0119,MT101,PAIN.001.001.09,HOST_TO_HOST,PAYROLL,SG,SGD,LOW
PP-0119-02,CL-0119,MT101,PAIN.001.001.09,SFTP_BATCH,INTERCOMPANY,JP,USD,LOW
PP-0120-01,CL-0120,PAIN.001.001.03,PAIN.001.001.09,HOST_TO_HOST,PAYROLL,JP,KRW,LOW
PP-0120-02,CL-0120,MT101,PAIN.001.001.09,FILE_UPLOAD,TAX_PAYMENT,HK,USD,LOW
PP-0121-01,CL-0121,PAIN.001.001.03,PAIN.001.001.09,FILE_UPLOAD,VENDOR_PAYMENT,HK,HKD,HIGH
PP-0122-01,CL-0122,PAIN.001.001.03,PAIN.001.001.09,FILE_UPLOAD,TAX_PAYMENT,AU,MYR,HIGH
PP-0123-01,CL-0123,PROPRIETARY_CSV,PAIN.001.001.09,SFTP_BATCH,VENDOR_PAYMENT,MY,JPY,LOW
PP-0123-02,CL-0123,PAIN.001.001.03,PAIN.001.001.09,SFTP_BATCH,INTERCOMPANY,TH,USD,HIGH
PP-0124-01,CL-0124,PAIN.001.001.03,PAIN.001.001.09,SFTP_BATCH,TAX_PAYMENT,TH,IDR,LOW
PP-0125-01,CL-0125,PAIN.001.001.03,PAIN.001.001.09,FILE_UPLOAD,TAX_PAYMENT,ID,JPY,HIGH
PP-0126-01,CL-0126,PROPRIETARY_CSV,PAIN.001.001.09,FILE_UPLOAD,INTERCOMPANY,PH,PHP,LOW
PP-0127-01,CL-0127,PAIN.001.001.03,PAIN.001.001.09,SFTP_BATCH,TAX_PAYMENT,KR,NZD,HIGH
PP-0127-02,CL-0127,PAIN.001.001.03,PAIN.001.001.09,FILE_UPLOAD,TAX_PAYMENT,NZ,USD,MEDIUM
PP-0128-01,CL-0128,MT101,PAIN.001.001.09,HOST_TO_HOST,TAX_PAYMENT,NZ,PHP,LOW
PP-0129-01,CL-0129,PROPRIETARY_CSV,PAIN.001.001.09,FILE_UPLOAD,PAYROLL,SG,MYR,LOW
PP-0129-02,CL-0129,PROPRIETARY_CSV,PAIN.001.001.09,HOST_TO_HOST,TAX_PAYMENT,JP,USD,LOW
PP-0130-01,CL-0130,PROPRIETARY_CSV,PAIN.001.001.09,HOST_TO_HOST,VENDOR_PAYMENT,JP,IDR,MEDIUM
PP-0131-01,CL-0131,PAIN.001.001.03,PAIN.001.001.09,HOST_TO_HOST,PAYROLL,HK,AUD,MEDIUM
PP-0132-01,CL-0132,PAIN.001.001.03,PAIN.001.001.09,HOST_TO_HOST,VENDOR_PAYMENT,AU,KRW,MEDIUM
PP-0133-01,CL-0133,PAIN.001.001.03,PAIN.001.001.09,FILE_UPLOAD,TAX_PAYMENT,MY,THB,HIGH
PP-0134-01,CL-0134,MT101,PAIN.001.001.09,SFTP_BATCH,VENDOR_PAYMENT,TH,AUD,HIGH
PP-0134-02,CL-0134,PAIN.001.001.03,PAIN.001.001.09,HOST_TO_HOST,VENDOR_PAYMENT,ID,USD,MEDIUM
PP-0135-01,CL-0135,PROPRIETARY_CSV,PAIN.001.001.09,SFTP_BATCH,INTERCOMPANY,ID,SGD,MEDIUM
PP-0136-01,CL-0136,MT101,PAIN.001.001.09,HOST_TO_HOST,TAX_PAYMENT,PH,HKD,HIGH
PP-0137-01,CL-0137,PROPRIETARY_CSV,PAIN.001.001.09,HOST_TO_HOST,VENDOR_PAYMENT,KR,KRW,LOW
PP-0137-02,CL-0137,PROPRIETARY_CSV,PAIN.001.001.09,FILE_UPLOAD,TAX_PAYMENT,NZ,USD,MEDIUM
PP-0138-01,CL-0138,MT101,PAIN.001.001.09,HOST_TO_HOST,INTERCOMPANY,NZ,JPY,MEDIUM
PP-0139-01,CL-0139,PAIN.001.001.03,PAIN.001.001.09,FILE_UPLOAD,VENDOR_PAYMENT,SG,MYR,LOW
PP-0140-01,CL-0140,PAIN.001.001.03,PAIN.001.001.09,HOST_TO_HOST,VENDOR_PAYMENT,JP,AUD,HIGH
PP-0141-01,CL-0141,PAIN.001.001.03,PAIN.001.001.09,FILE_UPLOAD,PAYROLL,HK,PHP,LOW
PP-0142-01,CL-0142,PAIN.001.001.03,PAIN.001.001.09,SFTP_BATCH,TAX_PAYMENT,AU,AUD,LOW
PP-0142-02,CL-0142,PROPRIETARY_CSV,PAIN.001.001.09,HOST_TO_HOST,INTERCOMPANY,MY,USD,HIGH
PP-0143-01,CL-0143,MT101,PAIN.001.001.09,FILE_UPLOAD,PAYROLL,MY,MYR,HIGH
PP-0143-02,CL-0143,PROPRIETARY_CSV,PAIN.001.001.09,FILE_UPLOAD,VENDOR_PAYMENT,TH,USD,HIGH
PP-0144-01,CL-0144,PAIN.001.001.03,PAIN.001.001.09,HOST_TO_HOST,INTERCOMPANY,TH,AUD,LOW
PP-0144-02,CL-0144,MT101,PAIN.001.001.09,FILE_UPLOAD,TAX_PAYMENT,ID,USD,LOW
PP-0145-01,CL-0145,PAIN.001.001.03,PAIN.001.001.09,HOST_TO_HOST,VENDOR_PAYMENT,ID,IDR,HIGH
PP-0146-01,CL-0146,PAIN.001.001.03,PAIN.001.001.09,FILE_UPLOAD,TAX_PAYMENT,PH,THB,LOW
PP-0146-02,CL-0146,PROPRIETARY_CSV,PAIN.001.001.09,FILE_UPLOAD,VENDOR_PAYMENT,KR,USD,MEDIUM
PP-0147-01,CL-0147,PROPRIETARY_CSV,PAIN.001.001.09,HOST_TO_HOST,PAYROLL,KR,PHP,LOW
PP-0148-01,CL-0148,PAIN.001.001.03,PAIN.001.001.09,SFTP_BATCH,PAYROLL,NZ,THB,HIGH
PP-0149-01,CL-0149,PROPRIETARY_CSV,PAIN.001.001.09,FILE_UPLOAD,INTERCOMPANY,SG,HKD,MEDIUM
PP-0150-01,CL-0150,PROPRIETARY_CSV,PAIN.001.001.09,HOST_TO_HOST,PAYROLL,JP,PHP,MEDIUM
PP-0151-01,CL-0151,PAIN.001.001.03,PAIN.001.001.09,FILE_UPLOAD,PAYROLL,HK,IDR,LOW
PP-0152-01,CL-0152,PROPRIETARY_CSV,PAIN.001.001.09,SFTP_BATCH,VENDOR_PAYMENT,AU,MYR,HIGH
PP-0152-02,CL-0152,MT101,PAIN.001.001.09,SFTP_BATCH,INTERCOMPANY,MY,USD,MEDIUM
PP-0153-01,CL-0153,MT101,PAIN.001.001.09,FILE_UPLOAD,VENDOR_PAYMENT,MY,IDR,HIGH
PP-0154-01,CL-0154,PROPRIETARY_CSV,PAIN.001.001.09,HOST_TO_HOST,PAYROLL,TH,PHP,MEDIUM
PP-0155-01,CL-0155,MT101,PAIN.001.001.09,SFTP_BATCH,INTERCOMPANY,ID,MYR,LOW
PP-0156-01,CL-0156,PAIN.001.001.03,PAIN.001.001.09,HOST_TO_HOST,TAX_PAYMENT,PH,HKD,MEDIUM
PP-0156-02,CL-0156,MT101,PAIN.001.001.09,HOST_TO_HOST,INTERCOMPANY,KR,USD,LOW
PP-0157-01,CL-0157,MT101,PAIN.001.001.09,SFTP_BATCH,PAYROLL,KR,KRW,LOW
PP-0157-02,CL-0157,PROPRIETARY_CSV,PAIN.001.001.09,SFTP_BATCH,INTERCOMPANY,NZ,USD,HIGH
PP-0158-01,CL-0158,PAIN.001.001.03,PAIN.001.001.09,SFTP_BATCH,TAX_PAYMENT,NZ,PHP,LOW
PP-0159-01,CL-0159,MT101,PAIN.001.001.09,HOST_TO_HOST,PAYROLL,SG,AUD,HIGH
PP-0160-01,CL-0160,PAIN.001.001.03,PAIN.001.001.09,FILE_UPLOAD,VENDOR_PAYMENT,JP,NZD,HIGH
PP-0160-02,CL-0160,PROPRIETARY_CSV,PAIN.001.001.09,SFTP_BATCH,VENDOR_PAYMENT,HK,USD,LOW
PP-0161-01,CL-0161,PROPRIETARY_CSV,PAIN.001.001.09,HOST_TO_HOST,PAYROLL,HK,SGD,MEDIUM
PP-0162-01,CL-0162,PROPRIETARY_CSV,PAIN.001.001.09,FILE_UPLOAD,PAYROLL,AU,THB,MEDIUM
PP-0163-01,CL-0163,PROPRIETARY_CSV,PAIN.001.001.09,SFTP_BATCH,VENDOR_PAYMENT,MY,AUD,MEDIUM
PP-0163-02,CL-0163,MT101,PAIN.001.001.09,FILE_UPLOAD,INTERCOMPANY,TH,USD,HIGH
PP-0164-01,CL-0164,PAIN.001.001.03,PAIN.001.001.09,FILE_UPLOAD,INTERCOMPANY,TH,MYR,MEDIUM
PP-0165-01,CL-0165,MT101,PAIN.001.001.09,HOST_TO_HOST,VENDOR_PAYMENT,ID,KRW,LOW
PP-0166-01,CL-0166,PAIN.001.001.03,PAIN.001.001.09,SFTP_BATCH,PAYROLL,PH,JPY,MEDIUM
PP-0167-01,CL-0167,PAIN.001.001.03,PAIN.001.001.09,SFTP_BATCH,INTERCOMPANY,KR,IDR,LOW
PP-0168-01,CL-0168,PROPRIETARY_CSV,PAIN.001.001.09,FILE_UPLOAD,TAX_PAYMENT,NZ,HKD,MEDIUM
PP-0168-02,CL-0168,PAIN.001.001.03,PAIN.001.001.09,FILE_UPLOAD,TAX_PAYMENT,SG,USD,HIGH
PP-0169-01,CL-0169,PAIN.001.001.03,PAIN.001.001.09,SFTP_BATCH,PAYROLL,SG,JPY,LOW
PP-0169-02,CL-0169,MT101,PAIN.001.001.09,HOST_TO_HOST,TAX_PAYMENT,JP,USD,HIGH
PP-0170-01,CL-0170,PAIN.001.001.03,PAIN.001.001.09,FILE_UPLOAD,PAYROLL,JP,IDR,MEDIUM
PP-0171-01,CL-0171,MT101,PAIN.001.001.09,SFTP_BATCH,INTERCOMPANY,HK,NZD,MEDIUM
PP-0172-01,CL-0172,PROPRIETARY_CSV,PAIN.001.001.09,FILE_UPLOAD,VENDOR_PAYMENT,AU,JPY,LOW
PP-0172-02,CL-0172,PAIN.001.001.03,PAIN.001.001.09,FILE_UPLOAD,PAYROLL,MY,USD,MEDIUM
PP-0173-01,CL-0173,PAIN.001.001.03,PAIN.001.001.09,HOST_TO_HOST,VENDOR_PAYMENT,MY,IDR,HIGH
PP-0173-02,CL-0173,PROPRIETARY_CSV,PAIN.001.001.09,HOST_TO_HOST,INTERCOMPANY,TH,USD,MEDIUM
PP-0174-01,CL-0174,PROPRIETARY_CSV,PAIN.001.001.09,SFTP_BATCH,INTERCOMPANY,TH,NZD,MEDIUM
PP-0174-02,CL-0174,PROPRIETARY_CSV,PAIN.001.001.09,HOST_TO_HOST,VENDOR_PAYMENT,ID,USD,MEDIUM
PP-0175-01,CL-0175,MT101,PAIN.001.001.09,SFTP_BATCH,INTERCOMPANY,ID,THB,MEDIUM
PP-0175-02,CL-0175,MT101,PAIN.001.001.09,FILE_UPLOAD,PAYROLL,PH,USD,MEDIUM
PP-0176-01,CL-0176,PAIN.001.001.03,PAIN.001.001.09,HOST_TO_HOST,INTERCOMPANY,PH,IDR,MEDIUM
PP-0177-01,CL-0177,MT101,PAIN.001.001.09,HOST_TO_HOST,VENDOR_PAYMENT,KR,HKD,LOW
PP-0177-02,CL-0177,PAIN.001.001.03,PAIN.001.001.09,HOST_TO_HOST,TAX_PAYMENT,NZ,USD,HIGH
PP-0178-01,CL-0178,MT101,PAIN.001.001.09,HOST_TO_HOST,VENDOR_PAYMENT,NZ,JPY,HIGH
PP-0178-02,CL-0178,PAIN.001.001.03,PAIN.001.001.09,FILE_UPLOAD,TAX_PAYMENT,SG,USD,HIGH
PP-0179-01,CL-0179,PROPRIETARY_CSV,PAIN.001.001.09,SFTP_BATCH,PAYROLL,SG,IDR,MEDIUM
PP-0179-02,CL-0179,MT101,PAIN.001.001.09,HOST_TO_HOST,PAYROLL,JP,USD,MEDIUM
PP-0180-01,CL-0180,MT101,PAIN.001.001.09,FILE_UPLOAD,PAYROLL,JP,AUD,MEDIUM
PP-0180-02,CL-0180,MT101,PAIN.001.001.09,FILE_UPLOAD,VENDOR_PAYMENT,HK,USD,HIGH
PP-0181-01,CL-0181,MT101,PAIN.001.001.09,FILE_UPLOAD,VENDOR_PAYMENT,HK,MYR,HIGH
PP-0182-01,CL-0182,PROPRIETARY_CSV,PAIN.001.001.09,HOST_TO_HOST,VENDOR_PAYMENT,AU,SGD,HIGH
PP-0182-02,CL-0182,PROPRIETARY_CSV,PAIN.001.001.09,HOST_TO_HOST,INTERCOMPANY,MY,USD,LOW
PP-0183-01,CL-0183,PROPRIETARY_CSV,PAIN.001.001.09,HOST_TO_HOST,TAX_PAYMENT,MY,NZD,LOW
PP-0184-01,CL-0184,PROPRIETARY_CSV,PAIN.001.001.09,SFTP_BATCH,VENDOR_PAYMENT,TH,IDR,MEDIUM
PP-0185-01,CL-0185,MT101,PAIN.001.001.09,SFTP_BATCH,PAYROLL,ID,NZD,HIGH
PP-0185-02,CL-0185,PAIN.001.001.03,PAIN.001.001.09,SFTP_BATCH,PAYROLL,PH,USD,HIGH
PP-0186-01,CL-0186,PAIN.001.001.03,PAIN.001.001.09,SFTP_BATCH,PAYROLL,PH,AUD,LOW
PP-0186-02,CL-0186,MT101,PAIN.001.001.09,HOST_TO_HOST,INTERCOMPANY,KR,USD,MEDIUM
PP-0187-01,CL-0187,PAIN.001.001.03,PAIN.001.001.09,FILE_UPLOAD,INTERCOMPANY,KR,JPY,MEDIUM
PP-0188-01,CL-0188,PROPRIETARY_CSV,PAIN.001.001.09,HOST_TO_HOST,PAYROLL,NZ,MYR,LOW
PP-0189-01,CL-0189,MT101,PAIN.001.001.09,FILE_UPLOAD,PAYROLL,SG,AUD,MEDIUM
PP-0189-02,CL-0189,PAIN.001.001.03,PAIN.001.001.09,SFTP_BATCH,INTERCOMPANY,JP,USD,HIGH
PP-0190-01,CL-0190,PAIN.001.001.03,PAIN.001.001.09,HOST_TO_HOST,VENDOR_PAYMENT,JP,JPY,MEDIUM
PP-0190-02,CL-0190,MT101,PAIN.001.001.09,SFTP_BATCH,INTERCOMPANY,HK,USD,HIGH
PP-0191-01,CL-0191,MT101,PAIN.001.001.09,SFTP_BATCH,TAX_PAYMENT,HK,THB,MEDIUM
PP-0192-01,CL-0192,PROPRIETARY_CSV,PAIN.001.001.09,FILE_UPLOAD,PAYROLL,AU,NZD,HIGH
PP-0192-02,CL-0192,PROPRIETARY_CSV,PAIN.001.001.09,FILE_UPLOAD,PAYROLL,MY,USD,MEDIUM
PP-0193-01,CL-0193,PROPRIETARY_CSV,PAIN.001.001.09,SFTP_BATCH,INTERCOMPANY,MY,NZD,MEDIUM
PP-0193-02,CL-0193,PAIN.001.001.03,PAIN.001.001.09,HOST_TO_HOST,VENDOR_PAYMENT,TH,USD,HIGH
PP-0194-01,CL-0194,MT101,PAIN.001.001.09,HOST_TO_HOST,VENDOR_PAYMENT,TH,SGD,MEDIUM
PP-0194-02,CL-0194,MT101,PAIN.001.001.09,SFTP_BATCH,TAX_PAYMENT,ID,USD,HIGH
PP-0195-01,CL-0195,MT101,PAIN.001.001.09,SFTP_BATCH,VENDOR_PAYMENT,ID,IDR,HIGH
PP-0195-02,CL-0195,PROPRIETARY_CSV,PAIN.001.001.09,HOST_TO_HOST,INTERCOMPANY,PH,USD,HIGH
PP-0196-01,CL-0196,PAIN.001.001.03,PAIN.001.001.09,FILE_UPLOAD,PAYROLL,PH,THB,HIGH
PP-0197-01,CL-0197,PROPRIETARY_CSV,PAIN.001.001.09,HOST_TO_HOST,PAYROLL,KR,THB,MEDIUM
PP-0198-01,CL-0198,MT101,PAIN.001.001.09,HOST_TO_HOST,VENDOR_PAYMENT,NZ,AUD,HIGH
PP-0199-01,CL-0199,PROPRIETARY_CSV,PAIN.001.001.09,HOST_TO_HOST,TAX_PAYMENT,SG,AUD,HIGH
PP-0199-02,CL-0199,PAIN.001.001.03,PAIN.001.001.09,FILE_UPLOAD,INTERCOMPANY,JP,USD,LOW
PP-0200-01,CL-0200,PAIN.001.001.03,PAIN.001.001.09,SFTP_BATCH,PAYROLL,JP,SGD,MEDIUM
PP-0200-02,CL-0200,PROPRIETARY_CSV,PAIN.001.001.09,FILE_UPLOAD,VENDOR_PAYMENT,HK,USD,HIGH
