risk_id,case_id,risk_type,impact,likelihood,derived_score,status,owner
RISK-0001,MC-0001,CLIENT_READINESS,4,3,12,OPEN,Synthetic Risk Owner 01
RISK-0002,MC-0002,CLIENT_READINESS,1,4,4,MONITOR,Synthetic Risk Owner 02
RISK-0003,MC-0003,CLIENT_READINESS,5,4,20,OPEN,Synthetic Risk Owner 03
RISK-0004,MC-0004,TECHNICAL,5,4,20,OPEN,Synthetic Risk Owner 04
RISK-0005,MC-0005,CLIENT_READINESS,5,4,20,OPEN,Synthetic Risk Owner 05
RISK-0006,MC-0006,CLIENT_READINESS,4,2,8,MONITOR,Synthetic Risk Owner 06
RISK-0007,MC-0007,DOCUMENTATION,4,1,4,MONITOR,Synthetic Risk Owner 07
RISK-0008,MC-0008,CLIENT_READINESS,1,1,1,MONITOR,Synthetic Risk Owner 01
RISK-0009,MC-0009,CLIENT_READINESS,4,4,16,OPEN,Synthetic Risk Owner 02
RISK-0010,MC-0010,SCHEDULE,1,2,2,MONITOR,Synthetic Risk Owner 03
RISK-0011,MC-0011,TECHNICAL,1,4,4,MONITOR,Synthetic Risk Owner 04
RISK-0012,MC-0012,CLIENT_READINESS,5,2,10,OPEN,Synthetic Risk Owner 05
RISK-0013,MC-0013,CLIENT_READINESS,5,5,25,OPEN,Synthetic Risk Owner 06
RISK-0014,MC-0014,DOCUMENTATION,4,2,8,MONITOR,Synthetic Risk Owner 07
RISK-0015,MC-0015,DOCUMENTATION,3,4,12,OPEN,Synthetic Risk Owner 01
RISK-0016,MC-0016,CLIENT_READINESS,3,1,3,MONITOR,Synthetic Risk Owner 02
RISK-0017,MC-0017,SCHEDULE,4,4,16,OPEN,Synthetic Risk Owner 03
RISK-0018,MC-0018,DOCUMENTATION,3,2,6,MONITOR,Synthetic Risk Owner 04
RISK-0019,MC-0019,DOCUMENTATION,3,3,9,OPEN,Synthetic Risk Owner 05
RISK-0020,MC-0020,CLIENT_READINESS,3,5,15,OPEN,Synthetic Risk Owner 06
RISK-0021,MC-0021,TECHNICAL,2,2,4,MONITOR,Synthetic Risk Owner 07
RISK-0022,MC-0022,SCHEDULE,2,2,4,MONITOR,Synthetic Risk Owner 01
RISK-0023,MC-0023,SCHEDULE,4,1,4,MONITOR,Synthetic Risk Owner 02
RISK-0024,MC-0024,CLIENT_READINESS,5,3,15,OPEN,Synthetic Risk Owner 03
RISK-0025,MC-0025,DOCUMENTATION,1,5,5,MONITOR,Synthetic Risk Owner 04
RISK-0026,MC-0026,DOCUMENTATION,5,2,10,OPEN,Synthetic Risk Owner 05
RISK-0027,MC-0027,DOCUMENTATION,5,5,25,OPEN,Synthetic Risk Owner 06
RISK-0028,MC-0028,SCHEDULE,2,5,10,OPEN,Synthetic Risk Owner 07
RISK-0029,MC-0029,TECHNICAL,5,4,20,OPEN,Synthetic Risk Owner 01
RISK-0030,MC-0030,DOCUMENTATION,1,5,5,MONITOR,Synthetic Risk Owner 02
RISK-0031,MC-0031,DOCUMENTATION,3,4,12,OPEN,Synthetic Risk Owner 03
RISK-0032,MC-0032,DOCUMENTATION,3,2,6,MONITOR,Synthetic Risk Owner 04
RISK-0033,MC-0033,CLIENT_READINESS,4,3,12,OPEN,Synthetic Risk Owner 05
RISK-0034,MC-0034,CLIENT_READINESS,1,2,2,MONITOR,Synthetic Risk Owner 06
RISK-0035,MC-0035,DOCUMENTATION,3,2,6,MONITOR,Synthetic Risk Owner 07
RISK-0036,MC-0036,SCHEDULE,1,4,4,MONITOR,Synthetic Risk Owner 01
RISK-0037,MC-0037,DOCUMENTATION,2,5,10,OPEN,Synthetic Risk Owner 02
RISK-0038,MC-0038,TECHNICAL,5,5,25,OPEN,Synthetic Risk Owner 03
RISK-0039,MC-0039,SCHEDULE,5,3,15,OPEN,Synthetic Risk Owner 04
RISK-0040,MC-0040,SCHEDULE,2,5,10,OPEN,Synthetic Risk Owner 05
RISK-0041,MC-0041,SCHEDULE,4,4,16,OPEN,Synthetic Risk Owner 06
RISK-0042,MC-0042,CLIENT_READINESS,5,1,5,MONITOR,Synthetic Risk Owner 07
RISK-0043,MC-0043,DOCUMENTATION,3,2,6,MONITOR,Synthetic Risk Owner 01
RISK-0044,MC-0044,TECHNICAL,5,1,5,MONITOR,Synthetic Risk Owner 02
RISK-0045,MC-0045,DOCUMENTATION,5,3,15,OPEN,Synthetic Risk Owner 03
RISK-0046,MC-0046,TECHNICAL,2,5,10,OPEN,Synthetic Risk Owner 04
RISK-0047,MC-0047,DOCUMENTATION,3,2,6,MONITOR,Synthetic Risk Owner 05
RISK-0048,MC-0048,SCHEDULE,1,2,2,MONITOR,Synthetic Risk Owner 06
RISK-0049,MC-0049,TECHNICAL,3,2,6,MONITOR,Synthetic Risk Owner 07
RISK-0050,MC-0050,DOCUMENTATION,1,1,1,MONITOR,Synthetic Risk Owner 01
RISK-0051,MC-0051,DOCUMENTATION,2,1,2,MONITOR,Synthetic Risk Owner 02
RISK-0052,MC-0052,DOCUMENTATION,3,5,15,OPEN,Synthetic Risk Owner 03
RISK-0053,MC-0053,TECHNICAL,2,5,10,OPEN,Synthetic Risk Owner 04
RISK-0054,MC-0054,SCHEDULE,3,4,12,OPEN,Synthetic Risk Owner 05
RISK-0055,MC-0055,DOCUMENTATION,5,2,10,OPEN,Synthetic Risk Owner 06
RISK-0056,MC-0056,DOCUMENTATION,4,2,8,MONITOR,Synthetic Risk Owner 07
RISK-0057,MC-0057,TECHNICAL,1,3,3,MONITOR,Synthetic Risk Owner 01
RISK-0058,MC-0058,DOCUMENTATION,4,3,12,OPEN,Synthetic Risk Owner 02
RISK-0059,MC-0059,CLIENT_READINESS,4,2,8,MONITOR,Synthetic Risk Owner 03
RISK-0060,MC-0060,CLIENT_READINESS,5,5,25,OPEN,Synthetic Risk Owner 04
RISK-0061,MC-0061,CLIENT_READINESS,4,4,16,OPEN,Synthetic Risk Owner 05
RISK-0062,MC-0062,TECHNICAL,4,2,8,MONITOR,Synthetic Risk Owner 06
RISK-0063,MC-0063,TECHNICAL,1,5,5,MONITOR,Synthetic Risk Owner 07
RISK-0064,MC-0064,TECHNICAL,1,5,5,MONITOR,Synthetic Risk Owner 01
RISK-0065,MC-0065,SCHEDULE,2,5,10,OPEN,Synthetic Risk Owner 02
RISK-0066,MC-0066,DOCUMENTATION,1,3,3,MONITOR,Synthetic Risk Owner 03
RISK-0067,MC-0067,CLIENT_READINESS,3,2,6,MONITOR,Synthetic Risk Owner 04
RISK-0068,MC-0068,TECHNICAL,4,3,12,OPEN,Synthetic Risk Owner 05
RISK-0069,MC-0069,SCHEDULE,4,3,12,OPEN,Synthetic Risk Owner 06
RISK-0070,MC-0070,SCHEDULE,2,4,8,MONITOR,Synthetic Risk Owner 07
RISK-0071,MC-0071,SCHEDULE,3,5,15,OPEN,Synthetic Risk Owner 01
RISK-0072,MC-0072,DOCUMENTATION,1,2,2,MONITOR,Synthetic Risk Owner 02
RISK-0073,MC-0073,CLIENT_READINESS,4,4,16,OPEN,Synthetic Risk Owner 03
RISK-0074,MC-0074,CLIENT_READINESS,5,5,25,OPEN,Synthetic Risk Owner 04
RISK-0075,MC-0075,TECHNICAL,1,4,4,MONITOR,Synthetic Risk Owner 05
RISK-0076,MC-0076,SCHEDULE,2,5,10,OPEN,Synthetic Risk Owner 06
RISK-0077,MC-0077,DOCUMENTATION,3,4,12,OPEN,Synthetic Risk Owner 07
RISK-0078,MC-0078,CLIENT_READINESS,3,5,15,OPEN,Synthetic Risk Owner 01
RISK-0079,MC-0079,CLIENT_READINESS,5,4,20,OPEN,Synthetic Risk Owner 02
RISK-0080,MC-0080,DOCUMENTATION,4,3,12,OPEN,Synthetic Risk Owner 03
RISK-0081,MC-0081,TECHNICAL,5,3,15,OPEN,Synthetic Risk Owner 04
RISK-0082,MC-0082,SCHEDULE,5,2,10,OPEN,Synthetic Risk Owner 05
RISK-0083,MC-0083,DOCUMENTATION,2,3,6,MONITOR,Synthetic Risk Owner 06
RISK-0084,MC-0084,CLIENT_READINESS,4,3,12,OPEN,Synthetic Risk Owner 07
RISK-0085,MC-0085,SCHEDULE,1,3,3,MONITOR,Synthetic Risk Owner 01
RISK-0086,MC-0086,TECHNICAL,4,1,4,MONITOR,Synthetic Risk Owner 02
RISK-0087,MC-0087,SCHEDULE,2,2,4,MONITOR,Synthetic Risk Owner 03
RISK-0088,MC-0088,TECHNICAL,1,1,1,MONITOR,Synthetic Risk Owner 04
RISK-0089,MC-0089,CLIENT_READINESS,2,5,10,OPEN,Synthetic Risk Owner 05
RISK-0090,MC-0090,TECHNICAL,3,5,15,OPEN,Synthetic Risk Owner 06
RISK-0091,MC-0091,SCHEDULE,4,5,20,OPEN,Synthetic Risk Owner 07
RISK-0092,MC-0092,CLIENT_READINESS,4,2,8,MONITOR,Synthetic Risk Owner 01
RISK-0093,MC-0093,TECHNICAL,1,2,2,MONITOR,Synthetic Risk Owner 02
RISK-0094,MC-0094,TECHNICAL,1,1,1,MONITOR,Synthetic Risk Owner 03
RISK-0095,MC-0095,TECHNICAL,5,3,15,OPEN,Synthetic Risk Owner 04
RISK-0096,MC-0096,CLIENT_READINESS,2,1,2,MONITOR,Synthetic Risk Owner 05
RISK-0097,MC-0097,DOCUMENTATION,1,1,1,MONITOR,Synthetic Risk Owner 06
RISK-0098,MC-0098,DOCUMENTATION,3,1,3,MONITOR,Synthetic Risk Owner 07
RISK-0099,MC-0099,SCHEDULE,2,5,10,OPEN,Synthetic Risk Owner 01
RISK-0100,MC-0100,TECHNICAL,5,1,5,MONITOR,Synthetic Risk Owner 02
RISK-0101,MC-0101,DOCUMENTATION,4,4,16,OPEN,Synthetic Risk Owner 03
RISK-0102,MC-0102,CLIENT_READINESS,4,2,8,MONITOR,Synthetic Risk Owner 04
RISK-0103,MC-0103,SCHEDULE,3,3,9,OPEN,Synthetic Risk Owner 05
RISK-0104,MC-0104,CLIENT_READINESS,1,2,2,MONITOR,Synthetic Risk Owner 06
RISK-0105,MC-0105,SCHEDULE,4,5,20,OPEN,Synthetic Risk Owner 07
RISK-0106,MC-0106,DOCUMENTATION,5,5,25,OPEN,Synthetic Risk Owner 01
RISK-0107,MC-0107,DOCUMENTATION,1,4,4,MONITOR,Synthetic Risk Owner 02
RISK-0108,MC-0108,DOCUMENTATION,2,2,4,MONITOR,Synthetic Risk Owner 03
RISK-0109,MC-0109,DOCUMENTATION,1,2,2,MONITOR,Synthetic Risk Owner 04
RISK-0110,MC-0110,DOCUMENTATION,5,5,25,OPEN,Synthetic Risk Owner 05
RISK-0111,MC-0111,TECHNICAL,3,3,9,OPEN,Synthetic Risk Owner 06
RISK-0112,MC-0112,DOCUMENTATION,4,3,12,OPEN,Synthetic Risk Owner 07
RISK-0113,MC-0113,TECHNICAL,3,1,3,MONITOR,Synthetic Risk Owner 01
RISK-0114,MC-0114,TECHNICAL,2,4,8,MONITOR,Synthetic Risk Owner 02
RISK-0115,MC-0115,CLIENT_READINESS,3,4,12,OPEN,Synthetic Risk Owner 03
RISK-0116,MC-0116,DOCUMENTATION,5,4,20,OPEN,Synthetic Risk Owner 04
RISK-0117,MC-0117,TECHNICAL,5,2,10,OPEN,Synthetic Risk Owner 05
RISK-0118,MC-0118,SCHEDULE,3,5,15,OPEN,Synthetic Risk Owner 06
RISK-0119,MC-0119,CLIENT_READINESS,2,1,2,MONITOR,Synthetic Risk Owner 07
RISK-0120,MC-0120,CLIENT_READINESS,4,5,20,OPEN,Synthetic Risk Owner 01
RISK-0121,MC-0121,TECHNICAL,1,3,3,MONITOR,Synthetic Risk Owner 02
RISK-0122,MC-0122,SCHEDULE,4,3,12,OPEN,Synthetic Risk Owner 03
RISK-0123,MC-0123,SCHEDULE,3,5,15,OPEN,Synthetic Risk Owner 04
RISK-0124,MC-0124,CLIENT_READINESS,5,2,10,OPEN,Synthetic Risk Owner 05
RISK-0125,MC-0125,CLIENT_READINESS,2,4,8,MONITOR,Synthetic Risk Owner 06
RISK-0126,MC-0126,DOCUMENTATION,5,3,15,OPEN,Synthetic Risk Owner 07
RISK-0127,MC-0127,TECHNICAL,3,2,6,MONITOR,Synthetic Risk Owner 01
RISK-0128,MC-0128,TECHNICAL,1,5,5,MONITOR,Synthetic Risk Owner 02
RISK-0129,MC-0129,TECHNICAL,5,3,15,OPEN,Synthetic Risk Owner 03
RISK-0130,MC-0130,TECHNICAL,1,1,1,MONITOR,Synthetic Risk Owner 04
RISK-0131,MC-0131,SCHEDULE,5,4,20,OPEN,Synthetic Risk Owner 05
RISK-0132,MC-0132,TECHNICAL,1,1,1,MONITOR,Synthetic Risk Owner 06
RISK-0133,MC-0133,CLIENT_READINESS,4,1,4,MONITOR,Synthetic Risk Owner 07
RISK-0134,MC-0134,DOCUMENTATION,2,3,6,MONITOR,Synthetic Risk Owner 01
RISK-0135,MC-0135,DOCUMENTATION,5,1,5,MONITOR,Synthetic Risk Owner 02
RISK-0136,MC-0136,TECHNICAL,1,1,1,MONITOR,Synthetic Risk Owner 03
RISK-0137,MC-0137,SCHEDULE,3,5,15,OPEN,Synthetic Risk Owner 04
RISK-0138,MC-0138,DOCUMENTATION,3,3,9,OPEN,Synthetic Risk Owner 05
RISK-0139,MC-0139,CLIENT_READINESS,3,4,12,OPEN,Synthetic Risk Owner 06
RISK-0140,MC-0140,TECHNICAL,2,2,4,MONITOR,Synthetic Risk Owner 07
RISK-0141,MC-0141,TECHNICAL,3,4,12,OPEN,Synthetic Risk Owner 01
RISK-0142,MC-0142,SCHEDULE,2,1,2,MONITOR,Synthetic Risk Owner 02
RISK-0143,MC-0143,SCHEDULE,2,1,2,MONITOR,Synthetic Risk Owner 03
RISK-0144,MC-0144,SCHEDULE,3,1,3,MONITOR,Synthetic Risk Owner 04
RISK-0145,MC-0145,TECHNICAL,1,1,1,MONITOR,Synthetic Risk Owner 05
RISK-0146,MC-0146,CLIENT_READINESS,5,4,20,OPEN,Synthetic Risk Owner 06
RISK-0147,MC-0147,SCHEDULE,1,4,4,MONITOR,Synthetic Risk Owner 07
RISK-0148,MC-0148,SCHEDULE,1,4,4,MONITOR,Synthetic Risk Owner 01
RISK-0149,MC-0149,TECHNICAL,1,5,5,MONITOR,Synthetic Risk Owner 02
RISK-0150,MC-0150,TECHNICAL,2,3,6,MONITOR,Synthetic Risk Owner 03
RISK-0151,MC-0151,DOCUMENTATION,1,4,4,MONITOR,Synthetic Risk Owner 04
RISK-0152,MC-0152,DOCUMENTATION,2,3,6,MONITOR,Synthetic Risk Owner 05
RISK-0153,MC-0153,DOCUMENTATION,4,3,12,OPEN,Synthetic Risk Owner 06
RISK-0154,MC-0154,SCHEDULE,2,5,10,OPEN,Synthetic Risk Owner 07
RISK-0155,MC-0155,CLIENT_READINESS,2,3,6,MONITOR,Synthetic Risk Owner 01
RISK-0156,MC-0156,DOCUMENTATION,5,3,15,OPEN,Synthetic Risk Owner 02
RISK-0157,MC-0157,SCHEDULE,5,3,15,OPEN,Synthetic Risk Owner 03
RISK-0158,MC-0158,TECHNICAL,4,4,16,OPEN,Synthetic Risk Owner 04
RISK-0159,MC-0159,TECHNICAL,3,1,3,MONITOR,Synthetic Risk Owner 05
RISK-0160,MC-0160,SCHEDULE,1,3,3,MONITOR,Synthetic Risk Owner 06
RISK-0161,MC-0161,DOCUMENTATION,5,5,25,OPEN,Synthetic Risk Owner 07
RISK-0162,MC-0162,CLIENT_READINESS,3,3,9,OPEN,Synthetic Risk Owner 01
RISK-0163,MC-0163,DOCUMENTATION,1,3,3,MONITOR,Synthetic Risk Owner 02
RISK-0164,MC-0164,TECHNICAL,3,5,15,OPEN,Synthetic Risk Owner 03
RISK-0165,MC-0165,TECHNICAL,4,4,16,OPEN,Synthetic Risk Owner 04
RISK-0166,MC-0166,SCHEDULE,3,2,6,MONITOR,Synthetic Risk Owner 05
RISK-0167,MC-0167,TECHNICAL,5,1,5,MONITOR,Synthetic Risk Owner 06
RISK-0168,MC-0168,SCHEDULE,2,5,10,OPEN,Synthetic Risk Owner 07
RISK-0169,MC-0169,TECHNICAL,3,2,6,MONITOR,Synthetic Risk Owner 01
RISK-0170,MC-0170,TECHNICAL,1,3,3,MONITOR,Synthetic Risk Owner 02
RISK-0171,MC-0171,SCHEDULE,3,1,3,MONITOR,Synthetic Risk Owner 03
RISK-0172,MC-0172,CLIENT_READINESS,1,5,5,MONITOR,Synthetic Risk Owner 04
RISK-0173,MC-0173,TECHNICAL,4,1,4,MONITOR,Synthetic Risk Owner 05
RISK-0174,MC-0174,DOCUMENTATION,2,4,8,MONITOR,Synthetic Risk Owner 06
RISK-0175,MC-0175,DOCUMENTATION,1,1,1,MONITOR,Synthetic Risk Owner 07
RISK-0176,MC-0176,DOCUMENTATION,5,2,10,OPEN,Synthetic Risk Owner 01
RISK-0177,MC-0177,CLIENT_READINESS,1,4,4,MONITOR,Synthetic Risk Owner 02
RISK-0178,MC-0178,DOCUMENTATION,1,5,5,MONITOR,Synthetic Risk Owner 03
RISK-0179,MC-0179,TECHNICAL,1,3,3,MONITOR,Synthetic Risk Owner 04
RISK-0180,MC-0180,TECHNICAL,4,4,16,OPEN,Synthetic Risk Owner 05
RISK-0181,MC-0181,SCHEDULE,1,4,4,MONITOR,Synthetic Risk Owner 06
RISK-0182,MC-0182,TECHNICAL,1,5,5,MONITOR,Synthetic Risk Owner 07
RISK-0183,MC-0183,SCHEDULE,2,1,2,MONITOR,Synthetic Risk Owner 01
RISK-0184,MC-0184,TECHNICAL,5,1,5,MONITOR,Synthetic Risk Owner 02
RISK-0185,MC-0185,TECHNICAL,1,2,2,MONITOR,Synthetic Risk Owner 03
RISK-0186,MC-0186,TECHNICAL,5,5,25,OPEN,Synthetic Risk Owner 04
RISK-0187,MC-0187,SCHEDULE,3,4,12,OPEN,Synthetic Risk Owner 05
RISK-0188,MC-0188,TECHNICAL,5,2,10,OPEN,Synthetic Risk Owner 06
RISK-0189,MC-0189,TECHNICAL,4,2,8,MONITOR,Synthetic Risk Owner 07
RISK-0190,MC-0190,TECHNICAL,2,2,4,MONITOR,Synthetic Risk Owner 01
RISK-0191,MC-0191,SCHEDULE,5,2,10,OPEN,Synthetic Risk Owner 02
RISK-0192,MC-0192,CLIENT_READINESS,3,3,9,OPEN,Synthetic Risk Owner 03
RISK-0193,MC-0193,DOCUMENTATION,1,3,3,MONITOR,Synthetic Risk Owner 04
RISK-0194,MC-0194,TECHNICAL,3,5,15,OPEN,Synthetic Risk Owner 05
RISK-0195,MC-0195,CLIENT_READINESS,2,5,10,OPEN,Synthetic Risk Owner 06
RISK-0196,MC-0196,TECHNICAL,1,4,4,MONITOR,Synthetic Risk Owner 07
RISK-0197,MC-0197,DOCUMENTATION,4,5,20,OPEN,Synthetic Risk Owner 01
RISK-0198,MC-0198,SCHEDULE,2,3,6,MONITOR,Synthetic Risk Owner 02
RISK-0199,MC-0199,TECHNICAL,3,3,9,OPEN,Synthetic Risk Owner 03
RISK-0200,MC-0200,TECHNICAL,1,4,4,MONITOR,Synthetic Risk Owner 04
